,ts_code,trade_date,pre_close,open,high,low,close,change,pct_chg,vol,amount
0,510050.SH,20180411,2.775,2.775,2.795,2.761,2.775,0.0,0.0,7025353.27,1952370.825
1,510050.SH,20180410,2.711,2.713,2.776,2.705,2.775,0.064,2.3608,6981827.92,1911887.307
2,510050.SH,20180409,2.694,2.698,2.716,2.683,2.711,0.017,0.631,4457497.35,1205290.004
3,510050.SH,20180404,2.693,2.702,2.725,2.688,2.694,0.001,0.0371,4260190.22,1153924.587
4,510050.SH,20180403,2.702,2.682,2.708,2.676,2.693,-0.009,-0.3331,4126589.67,1109466.828
5,510050.SH,20180402,2.713,2.71,2.751,2.695,2.702,-0.011,-0.4055,5701730.05,1550314.34
6,510050.SH,20180330,2.734,2.733,2.735,2.708,2.713,-0.021,-0.7681,5197398.19,1414041.47
7,510050.SH,20180329,2.688,2.692,2.753,2.651,2.734,0.046,1.7113,7055855.41,1905708.016
8,510050.SH,20180328,2.739,2.71,2.74,2.678,2.688,-0.051,-1.862,6802531.8,1838408.907
9,510050.SH,20180327,2.734,2.765,2.774,2.717,2.739,0.005,0.1829,5944176.12,1631765.668
10,510050.SH,20180326,2.781,2.764,2.768,2.702,2.734,-0.047,-1.69,6158116.33,1683043.369
11,510050.SH,20180323,2.857,2.78,2.794,2.743,2.781,-0.076,-2.6601,6577138.36,1824960.347
12,510050.SH,20180322,2.884,2.885,2.898,2.842,2.857,-0.027,-0.9362,4467999.97,1279916.65
13,510050.SH,20180321,2.895,2.92,2.924,2.871,2.884,-0.011,-0.38,4386752.17,1273673.068
14,510050.SH,20180320,2.892,2.876,2.901,2.871,2.895,0.003,0.1037,3095612.53,892921.489
15,510050.SH,20180319,2.862,2.863,2.893,2.85,2.892,0.03,1.0482,4183281.98,1201754.748
16,510050.SH,20180316,2.89,2.891,2.905,2.861,2.862,-0.028,-0.9689,4296440.43,1239769.679
17,510050.SH,20180315,2.863,2.856,2.891,2.852,2.89,0.027,0.9431,3327447.95,958410.016
18,510050.SH,20180314,2.873,2.864,2.874,2.853,2.863,-0.01,-0.3481,3079108.46,881510.46
19,510050.SH,20180313,2.905,2.906,2.916,2.869,2.873,-0.032,-1.1015,6110263.19,1764288.853
20,510050.SH,20180312,2.903,2.916,2.923,2.894,2.905,0.002,0.0689,5242508.59,1524123.075
21,510050.SH,20180309,2.893,2.9,2.913,2.885,2.903,0.01,0.3457,4157863.55,1205019.645
22,510050.SH,20180308,2.871,2.873,2.898,2.86,2.893,0.022,0.7663,3382254.01,975051.055
23,510050.SH,20180307,2.888,2.888,2.917,2.859,2.871,-0.017,-0.5886,6929035.17,2001643.05
24,510050.SH,20180306,2.855,2.875,2.889,2.83,2.888,0.033,1.1559,5321614.49,1525238.009
25,510050.SH,20180305,2.856,2.858,2.889,2.837,2.855,-0.001,-0.035,4844539.43,1385442.491
26,510050.SH,20180302,2.884,2.862,2.884,2.846,2.856,-0.028,-0.9709,3424885.11,980550.49
27,510050.SH,20180301,2.871,2.852,2.904,2.849,2.884,0.013,0.4528,4505127.59,1298810.206
28,510050.SH,20180228,2.92,2.898,2.902,2.858,2.871,-0.049,-1.6781,6043608.11,1741070.931
29,510050.SH,20180227,2.965,2.973,2.976,2.912,2.92,-0.045,-1.5177,6385342.03,1873449.111
30,510050.SH,20180226,2.955,2.97,2.989,2.927,2.965,0.01,0.3384,6511913.47,1927924.081
31,510050.SH,20180223,2.925,2.934,2.962,2.924,2.955,0.03,1.0256,3510744.27,1032836.958
32,510050.SH,20180222,2.866,2.907,2.939,2.894,2.925,0.059,2.0586,3632410.17,1059208.023
33,510050.SH,20180214,2.848,2.856,2.873,2.837,2.866,0.018,0.632,2596548.65,741460.212
34,510050.SH,20180213,2.8,2.829,2.884,2.828,2.848,0.048,1.7143,6035503.38,1723677.927
35,510050.SH,20180212,2.803,2.801,2.822,2.77,2.8,-0.003,-0.107,7828896.74,2193227.398
36,510050.SH,20180209,2.939,2.851,2.878,2.713,2.803,-0.136,-4.6274,18486013.12,5148844.906
37,510050.SH,20180208,3.023,3.0,3.016,2.907,2.939,-0.084,-2.7787,12060134.78,3578899.06
38,510050.SH,20180207,3.11,3.142,3.162,3.013,3.023,-0.087,-2.7974,13889274.08,4266528.853
39,510050.SH,20180206,3.18,3.131,3.146,3.089,3.11,-0.07,-2.2013,17298860.45,5384711.724
40,510050.SH,20180205,3.145,3.106,3.181,3.099,3.18,0.035,1.1129,8264981.16,2594426.926
41,510050.SH,20180202,3.134,3.11,3.148,3.076,3.145,0.011,0.351,7292157.06,2272216.717
42,510050.SH,20180201,3.113,3.115,3.136,3.096,3.134,0.021,0.6746,7010665.53,2186595.086
43,510050.SH,20180131,3.075,3.064,3.117,3.062,3.113,0.038,1.2358,5737693.04,1775467.538
44,510050.SH,20180130,3.114,3.106,3.124,3.072,3.075,-0.039,-1.2524,4501058.01,1394189.793
45,510050.SH,20180129,3.171,3.181,3.193,3.103,3.114,-0.057,-1.7975,7415258.38,2340129.048
46,510050.SH,20180126,3.15,3.145,3.195,3.141,3.171,0.021,0.6667,5974380.41,1895127.949
47,510050.SH,20180125,3.172,3.165,3.171,3.121,3.15,-0.022,-0.6936,6424868.65,2022418.278
48,510050.SH,20180124,3.173,3.184,3.195,3.146,3.172,-0.001,-0.0315,8496426.27,2699437.535
49,510050.SH,20180123,3.129,3.137,3.175,3.137,3.173,0.044,1.4062,9355638.94,2953636.24
50,510050.SH,20180122,3.113,3.103,3.139,3.092,3.129,0.016,0.514,6080782.75,1899510.274
51,510050.SH,20180119,3.106,3.116,3.14,3.096,3.113,0.007,0.2254,7679212.2,2397934.043
52,510050.SH,20180118,3.071,3.09,3.122,3.082,3.106,0.035,1.1397,6123523.57,1898899.83
53,510050.SH,20180117,3.064,3.064,3.127,3.055,3.071,0.007,0.2285,8383916.12,2590198.891
54,510050.SH,20180116,3.043,3.036,3.065,3.034,3.064,0.021,0.6901,4702502.18,1432989.391
55,510050.SH,20180115,3.018,3.021,3.065,3.018,3.043,0.025,0.8284,5852667.17,1781827.856
56,510050.SH,20180112,2.991,2.991,3.02,2.991,3.018,0.027,0.9027,3187761.74,957658.309
57,510050.SH,20180111,2.994,2.988,3.005,2.979,2.991,-0.003,-0.1002,3227392.87,965216.953
58,510050.SH,20180110,2.97,2.967,2.996,2.96,2.994,0.024,0.8081,4779056.89,1423989.574
59,510050.SH,20180109,2.944,2.942,2.97,2.941,2.97,0.026,0.8832,3097112.43,916676.148
60,510050.SH,20180108,2.933,2.927,2.951,2.925,2.944,0.011,0.375,3125530.92,918485.934
61,510050.SH,20180105,2.919,2.921,2.938,2.916,2.933,0.014,0.4796,3220088.3,942526.28
62,510050.SH,20180104,2.912,2.913,2.932,2.909,2.919,0.007,0.2404,3084130.84,900344.767
63,510050.SH,20180103,2.907,2.909,2.945,2.906,2.912,0.005,0.172,5708742.97,1668821.383
64,510050.SH,20180102,2.858,2.864,2.909,2.862,2.907,0.049,1.7145,4776970.12,1383492.08
65,510050.SH,20171229,2.855,2.858,2.874,2.848,2.858,0.003,0.1051,2741056.61,783342.458
66,510050.SH,20171228,2.834,2.838,2.87,2.829,2.855,0.021,0.741,4516756.8,1288132.419
67,510050.SH,20171227,2.893,2.888,2.893,2.827,2.834,-0.059,-2.0394,8582376.84,2450851.505
68,510050.SH,20171226,2.876,2.877,2.897,2.866,2.893,0.017,0.5911,4927680.34,1420345.129
69,510050.SH,20171225,2.878,2.877,2.914,2.866,2.876,-0.002,-0.0695,5042697.83,1457666.986
70,510050.SH,20171222,2.893,2.887,2.898,2.874,2.878,-0.015,-0.5185,4101170.75,1184147.248
71,510050.SH,20171221,2.876,2.87,2.908,2.86,2.893,0.017,0.5911,5742876.41,1661198.953
72,510050.SH,20171220,2.87,2.87,2.885,2.861,2.876,0.006,0.2091,4072171.49,1169432.847
73,510050.SH,20171219,2.828,2.829,2.871,2.828,2.87,0.042,1.4851,5188905.47,1482025.037
74,510050.SH,20171218,2.816,2.815,2.843,2.815,2.828,0.012,0.4261,4561371.1,1290558.354
75,510050.SH,20171215,2.85,2.843,2.848,2.814,2.816,-0.034,-1.193,4522940.42,1279876.829
76,510050.SH,20171214,2.87,2.87,2.878,2.842,2.85,-0.02,-0.6969,4566913.39,1303628.49
77,510050.SH,20171213,2.846,2.85,2.878,2.836,2.87,0.024,0.8433,5433994.04,1552969.482
78,510050.SH,20171212,2.898,2.896,2.902,2.845,2.846,-0.052,-1.7943,3941618.35,1133773.016
79,510050.SH,20171211,2.865,2.865,2.899,2.856,2.898,0.033,1.1518,3870458.92,1114818.405
80,510050.SH,20171208,2.844,2.839,2.874,2.832,2.865,0.021,0.7384,4890595.88,1395786.224
81,510050.SH,20171207,2.871,2.87,2.877,2.826,2.844,-0.027,-0.9404,5970121.35,1699303.808
82,510050.SH,20171206,2.908,2.899,2.899,2.843,2.871,-0.037,-1.2724,4660555.6,1340233.057
83,510050.SH,20171205,2.858,2.85,2.92,2.847,2.908,0.05,1.7495,8923698.59,2581142.589
84,510050.SH,20171204,2.838,2.828,2.868,2.82,2.858,0.02,0.7047,2938001.99,837777.504
85,510050.SH,20171201,2.858,2.86,2.867,2.832,2.838,-0.02,-0.6998,4639455.91,1320220.344
86,510050.SH,20171130,2.89,2.88,2.898,2.85,2.858,-0.032,-1.1073,6357419.08,1825466.242
87,510050.SH,20171129,2.896,2.903,2.915,2.858,2.89,-0.006,-0.2072,4044882.35,1167154.68
88,510050.SH,20171128,2.912,2.909,2.91,2.876,2.896,-0.016,-0.5495,5085750.1,1472221.711
89,510050.SH,20171127,2.99,2.983,2.989,2.939,2.966,-0.024,-0.8027,6937885.36,2053789.717
90,510050.SH,20171124,2.991,2.987,3.004,2.963,2.99,-0.001,-0.0334,5941973.03,1771682.846
91,510050.SH,20171123,3.067,3.062,3.076,2.968,2.991,-0.076,-2.478,10107565.87,3061423.992
92,510050.SH,20171122,3.046,3.055,3.094,3.046,3.067,0.021,0.6894,6521079.08,2002279.539
93,510050.SH,20171121,2.996,2.985,3.071,2.981,3.046,0.05,1.6689,8072463.9,2454631.041
94,510050.SH,20171120,2.99,2.977,2.996,2.953,2.996,0.006,0.2007,5980591.78,1778111.161
95,510050.SH,20171117,2.932,2.925,2.993,2.923,2.99,0.058,1.9782,9210089.32,2723057.023
96,510050.SH,20171116,2.901,2.895,2.935,2.893,2.932,0.031,1.0686,4311724.92,1257602.101
97,510050.SH,20171115,2.913,2.906,2.917,2.896,2.901,-0.012,-0.4119,5185719.85,1505444.521
98,510050.SH,20171114,2.928,2.929,2.935,2.91,2.913,-0.015,-0.5123,4718732.53,1376845.137
99,510050.SH,20171113,2.918,2.921,2.939,2.918,2.928,0.01,0.3427,2990331.78,876122.558
100,510050.SH,20171110,2.885,2.883,2.922,2.88,2.918,0.033,1.1438,6372702.53,1847851.071
101,510050.SH,20171109,2.874,2.871,2.886,2.865,2.885,0.011,0.3827,4269429.19,1226904.798
102,510050.SH,20171108,2.875,2.874,2.899,2.867,2.874,-0.001,-0.0348,5710532.4,1644910.059
103,510050.SH,20171107,2.843,2.843,2.883,2.843,2.875,0.032,1.1256,6218318.6,1784292.76
104,510050.SH,20171106,2.851,2.846,2.848,2.83,2.843,-0.008,-0.2806,2854825.5,810443.077
105,510050.SH,20171103,2.847,2.844,2.855,2.826,2.851,0.004,0.1405,5519149.02,1567597.933
106,510050.SH,20171102,2.842,2.838,2.848,2.827,2.847,0.005,0.1759,4102266.75,1163057.145
107,510050.SH,20171101,2.851,2.851,2.87,2.836,2.842,-0.009,-0.3157,3781253.64,1078666.947
108,510050.SH,20171031,2.861,2.852,2.852,2.84,2.851,-0.01,-0.3495,2181659.28,620794.163
109,510050.SH,20171030,2.873,2.871,2.876,2.835,2.861,-0.012,-0.4177,5200350.3,1484354.162
110,510050.SH,20171027,2.827,2.827,2.874,2.823,2.873,0.046,1.6272,3332629.36,949395.897
111,510050.SH,20171026,2.802,2.808,2.843,2.804,2.827,0.025,0.8922,5212543.66,1472197.243
112,510050.SH,20171025,2.806,2.805,2.809,2.798,2.802,-0.004,-0.1426,3599678.79,1009114.451
113,510050.SH,20171024,2.791,2.785,2.813,2.785,2.806,0.015,0.5374,5566144.44,1560121.894
114,510050.SH,20171023,2.79,2.795,2.798,2.783,2.791,0.001,0.0358,2383304.78,664897.947
115,510050.SH,20171020,2.806,2.8,2.8,2.788,2.79,-0.016,-0.5702,1827301.39,510153.664
116,510050.SH,20171019,2.802,2.801,2.807,2.797,2.806,0.004,0.1428,3276864.41,918435.306
117,510050.SH,20171018,2.779,2.779,2.805,2.777,2.802,0.023,0.8276,6735698.32,1880157.944
118,510050.SH,20171017,2.781,2.78,2.786,2.772,2.779,-0.002,-0.0719,2424663.18,673853.132
119,510050.SH,20171016,2.771,2.77,2.793,2.77,2.781,0.01,0.3609,3127203.49,870273.124
120,510050.SH,20171013,2.773,2.772,2.775,2.766,2.771,-0.002,-0.0721,1618771.1,448532.364
121,510050.SH,20171012,2.762,2.76,2.777,2.754,2.773,0.011,0.3983,2035754.04,563156.715
122,510050.SH,20171011,2.746,2.747,2.768,2.746,2.762,0.016,0.5827,3333772.02,919223.942
123,510050.SH,20171010,2.75,2.749,2.764,2.728,2.746,-0.004,-0.1455,5950614.55,1630410.615
124,510050.SH,20171009,2.726,2.788,2.799,2.743,2.75,0.024,0.8804,5753671.64,1594735.054
125,510050.SH,20170929,2.715,2.717,2.735,2.716,2.726,0.011,0.4052,4708403.24,1285131.965
126,510050.SH,20170928,2.711,2.711,2.716,2.704,2.715,0.004,0.1475,2659988.72,720843.993
127,510050.SH,20170927,2.731,2.73,2.73,2.71,2.711,-0.02,-0.7323,6482281.0,1762188.432
128,510050.SH,20170926,2.729,2.727,2.735,2.724,2.731,0.002,0.0733,2489844.8,679930.009
129,510050.SH,20170925,2.729,2.722,2.733,2.717,2.729,0.0,0.0,3447473.0,939970.633
130,510050.SH,20170922,2.728,2.723,2.737,2.714,2.729,0.001,0.0367,2745850.65,748261.03
131,510050.SH,20170921,2.717,2.716,2.743,2.712,2.728,0.011,0.4049,2760949.52,752931.508
132,510050.SH,20170920,2.72,2.718,2.727,2.712,2.717,-0.003,-0.1103,2210194.52,601113.718
133,510050.SH,20170919,2.729,2.731,2.738,2.71,2.72,-0.009,-0.3298,3095470.0,843077.912
134,510050.SH,20170918,2.722,2.724,2.747,2.724,2.729,0.007,0.2572,3199706.91,875334.839
135,510050.SH,20170915,2.722,2.721,2.729,2.711,2.722,0.0,0.0,2610550.82,710081.234
136,510050.SH,20170914,2.739,2.74,2.746,2.715,2.722,-0.017,-0.6207,2794696.17,762805.558
137,510050.SH,20170913,2.746,2.744,2.746,2.73,2.739,-0.007,-0.2549,3070605.83,840991.788
138,510050.SH,20170912,2.73,2.735,2.749,2.726,2.746,0.016,0.5861,3787961.32,1036486.704
139,510050.SH,20170911,2.738,2.744,2.762,2.726,2.73,-0.008,-0.2922,3864359.42,1059500.054
140,510050.SH,20170908,2.743,2.744,2.753,2.73,2.738,-0.005,-0.1823,1906751.41,522797.028
141,510050.SH,20170907,2.764,2.767,2.772,2.74,2.743,-0.021,-0.7598,2675442.88,737847.09
142,510050.SH,20170906,2.782,2.775,2.778,2.757,2.764,-0.018,-0.647,3091919.76,855409.418
143,510050.SH,20170905,2.764,2.763,2.793,2.763,2.782,0.018,0.6512,3175202.71,881639.715
144,510050.SH,20170904,2.76,2.758,2.766,2.745,2.764,0.004,0.1449,2968715.01,818298.908
145,510050.SH,20170901,2.766,2.765,2.785,2.752,2.76,-0.006,-0.2169,4044970.28,1119582.562
146,510050.SH,20170831,2.774,2.778,2.787,2.753,2.766,-0.008,-0.2884,5842383.27,1615413.586
147,510050.SH,20170830,2.789,2.788,2.813,2.771,2.774,-0.015,-0.5378,3649440.01,1019236.22
148,510050.SH,20170829,2.788,2.786,2.797,2.777,2.789,0.001,0.0359,3519969.25,980874.792
149,510050.SH,20170828,2.757,2.765,2.818,2.765,2.788,0.031,1.1244,5554768.65,1551719.21
150,510050.SH,20170825,2.698,2.697,2.759,2.695,2.757,0.059,2.1868,4899013.66,1341031.73
151,510050.SH,20170824,2.708,2.709,2.724,2.69,2.698,-0.01,-0.3693,2450098.89,662794.932
152,510050.SH,20170823,2.689,2.689,2.721,2.686,2.708,0.019,0.7066,3033890.92,820917.331
153,510050.SH,20170822,2.663,2.668,2.69,2.663,2.689,0.026,0.9763,3995656.54,1069243.705
154,510050.SH,20170821,2.664,2.666,2.679,2.656,2.663,-0.001,-0.0375,2303134.35,613895.616
155,510050.SH,20170818,2.652,2.644,2.67,2.641,2.664,0.012,0.4525,2771559.32,736443.817
156,510050.SH,20170817,2.64,2.643,2.655,2.637,2.652,0.012,0.4545,1425335.58,377434.915
157,510050.SH,20170816,2.651,2.646,2.649,2.631,2.64,-0.011,-0.4149,1779781.71,469575.47
158,510050.SH,20170815,2.635,2.638,2.668,2.635,2.651,0.016,0.6072,3522193.18,935916.272
159,510050.SH,20170814,2.613,2.618,2.644,2.613,2.635,0.022,0.8419,3423437.3,900227.536
160,510050.SH,20170811,2.655,2.639,2.647,2.61,2.613,-0.042,-1.5819,3271999.01,858942.038
161,510050.SH,20170810,2.664,2.663,2.682,2.636,2.655,-0.009,-0.3378,3478412.37,923917.043
162,510050.SH,20170809,2.682,2.678,2.68,2.662,2.664,-0.018,-0.6711,2038579.42,544395.764
163,510050.SH,20170808,2.679,2.679,2.686,2.666,2.682,0.003,0.112,1451225.73,388381.988
164,510050.SH,20170807,2.671,2.667,2.689,2.659,2.679,0.008,0.2995,1938120.21,518280.896
165,510050.SH,20170804,2.689,2.687,2.699,2.67,2.671,-0.018,-0.6694,2245588.53,603190.552
166,510050.SH,20170803,2.728,2.724,2.737,2.689,2.689,-0.039,-1.4296,4339767.51,1177029.802
167,510050.SH,20170802,2.724,2.725,2.742,2.72,2.728,0.004,0.1468,3308423.99,903398.752
168,510050.SH,20170801,2.682,2.684,2.725,2.681,2.724,0.042,1.566,3144038.58,851505.649
169,510050.SH,20170731,2.68,2.678,2.692,2.671,2.682,0.002,0.0746,2307538.67,619016.748
170,510050.SH,20170728,2.677,2.673,2.686,2.665,2.68,0.003,0.1121,1610682.64,431091.446
171,510050.SH,20170727,2.677,2.673,2.685,2.656,2.677,0.0,0.0,2331159.2,622126.836
172,510050.SH,20170726,2.683,2.682,2.705,2.66,2.677,-0.006,-0.2236,4600481.31,1232188.007
173,510050.SH,20170725,2.7,2.7,2.71,2.681,2.683,-0.017,-0.6296,3742524.78,1009062.254
174,510050.SH,20170724,2.68,2.674,2.71,2.674,2.7,0.02,0.7463,3115064.1,840334.899
175,510050.SH,20170721,2.71,2.7,2.704,2.676,2.68,-0.03,-1.107,3724236.35,1003156.64
176,510050.SH,20170720,2.702,2.698,2.711,2.687,2.71,0.008,0.2961,4311090.86,1162782.113
177,510050.SH,20170719,2.659,2.66,2.703,2.659,2.702,0.043,1.6171,4137178.13,1111089.333
178,510050.SH,20170718,2.669,2.661,2.68,2.635,2.659,-0.01,-0.3747,5012166.93,1332585.903
179,510050.SH,20170717,2.665,2.668,2.705,2.637,2.669,0.004,0.1501,7414212.46,1982213.051
180,510050.SH,20170714,2.638,2.64,2.666,2.631,2.665,0.027,1.0235,2483724.6,657625.261
181,510050.SH,20170713,2.597,2.601,2.639,2.597,2.638,0.041,1.5787,3178567.11,833342.746
182,510050.SH,20170712,2.604,2.601,2.636,2.588,2.597,-0.007,-0.2688,3300303.16,862912.043
183,510050.SH,20170711,2.575,2.573,2.625,2.572,2.604,0.029,1.1262,3741320.73,973481.005
184,510050.SH,20170710,2.561,2.559,2.582,2.554,2.575,0.014,0.5467,2457108.97,632294.05
185,510050.SH,20170707,2.567,2.563,2.569,2.551,2.561,-0.006,-0.2337,2380477.27,609064.81
186,510050.SH,20170706,2.563,2.557,2.578,2.549,2.567,0.004,0.1561,2155174.15,552379.766
187,510050.SH,20170705,2.52,2.519,2.566,2.518,2.563,0.043,1.7063,2455481.73,624557.876
188,510050.SH,20170704,2.543,2.541,2.546,2.518,2.52,-0.023,-0.9044,2422040.84,611710.897
189,510050.SH,20170703,2.558,2.562,2.563,2.533,2.543,-0.015,-0.5864,1763846.55,448670.07
190,510050.SH,20170630,2.565,2.552,2.564,2.547,2.558,-0.007,-0.2729,1796644.71,459093.56
191,510050.SH,20170629,2.548,2.551,2.566,2.544,2.565,0.017,0.6672,1889145.56,482832.285
192,510050.SH,20170628,2.564,2.558,2.57,2.547,2.548,-0.016,-0.624,2585744.19,661507.49
193,510050.SH,20170627,2.554,2.55,2.568,2.541,2.564,0.01,0.3915,3131230.76,798792.323
194,510050.SH,20170626,2.543,2.544,2.57,2.542,2.554,0.011,0.4326,3383752.82,865557.808
195,510050.SH,20170623,2.524,2.519,2.544,2.508,2.543,0.019,0.7528,2881168.56,727611.538
196,510050.SH,20170622,2.509,2.504,2.555,2.493,2.524,0.015,0.5978,5262391.23,1331571.257
197,510050.SH,20170621,2.483,2.498,2.51,2.476,2.509,0.026,1.0471,3144251.6,784552.428
198,510050.SH,20170620,2.497,2.5,2.506,2.478,2.483,-0.014,-0.5607,1787608.7,444674.563
199,510050.SH,20170619,2.46,2.461,2.499,2.461,2.497,0.037,1.5041,2588611.73,643698.527
200,510050.SH,20170616,2.465,2.465,2.477,2.455,2.46,-0.005,-0.2028,2421800.63,597936.179
201,510050.SH,20170615,2.482,2.479,2.489,2.459,2.465,-0.017,-0.6849,3417638.76,843876.082
202,510050.SH,20170614,2.512,2.51,2.51,2.479,2.482,-0.03,-1.1943,2865079.21,713097.826
203,510050.SH,20170613,2.514,2.51,2.514,2.493,2.512,-0.002,-0.0796,2253672.63,564894.073
204,510050.SH,20170612,2.517,2.511,2.541,2.507,2.514,-0.003,-0.1192,2400504.17,605919.107
205,510050.SH,20170609,2.501,2.5,2.533,2.5,2.517,0.016,0.6397,3358548.76,846437.756
206,510050.SH,20170608,2.48,2.478,2.506,2.471,2.501,0.021,0.8468,2505981.5,623395.986
207,510050.SH,20170607,2.457,2.46,2.49,2.457,2.48,0.023,0.9361,2287067.49,566547.58
208,510050.SH,20170606,2.442,2.439,2.462,2.439,2.457,0.015,0.6143,2596411.98,636737.599
209,510050.SH,20170605,2.47,2.46,2.469,2.439,2.442,-0.028,-1.1336,2236129.54,547064.792
210,510050.SH,20170602,2.49,2.49,2.494,2.466,2.47,-0.02,-0.8032,2081019.94,515903.877
211,510050.SH,20170601,2.475,2.472,2.493,2.458,2.49,0.015,0.6061,1880518.76,466017.585
212,510050.SH,20170531,2.466,2.471,2.5,2.455,2.475,0.009,0.365,2429730.35,601892.73
213,510050.SH,20170526,2.47,2.464,2.481,2.454,2.466,-0.004,-0.1619,2042687.1,504004.88
214,510050.SH,20170525,2.399,2.394,2.477,2.393,2.47,0.071,2.9596,4586789.47,1120059.729
215,510050.SH,20170524,2.403,2.401,2.406,2.379,2.399,-0.004,-0.1665,2836901.13,678155.349
216,510050.SH,20170523,2.373,2.37,2.404,2.37,2.403,0.03,1.2642,4897236.91,1171074.128
217,510050.SH,20170522,2.355,2.356,2.377,2.354,2.373,0.018,0.7643,2710722.01,641943.72
218,510050.SH,20170519,2.35,2.349,2.357,2.347,2.355,0.005,0.2128,1394331.23,328209.327
219,510050.SH,20170518,2.358,2.347,2.357,2.344,2.35,-0.008,-0.3393,1901212.11,447008.176
220,510050.SH,20170517,2.379,2.375,2.378,2.357,2.358,-0.021,-0.8827,1570248.42,371254.876
221,510050.SH,20170516,2.374,2.368,2.379,2.36,2.379,0.005,0.2106,1872077.28,443240.905
222,510050.SH,20170515,2.37,2.374,2.389,2.372,2.374,0.004,0.1688,1804525.89,429557.309
223,510050.SH,20170512,2.334,2.331,2.37,2.331,2.37,0.036,1.5424,5479669.83,1292245.511
224,510050.SH,20170511,2.321,2.316,2.337,2.315,2.334,0.013,0.5601,2921606.13,679858.476
225,510050.SH,20170510,2.315,2.316,2.332,2.316,2.321,0.006,0.2592,2566048.88,596815.56
226,510050.SH,20170509,2.318,2.312,2.319,2.31,2.315,-0.003,-0.1294,1456514.77,337121.159
227,510050.SH,20170508,2.313,2.307,2.32,2.298,2.318,0.005,0.2162,3890832.66,898767.926
228,510050.SH,20170505,2.32,2.317,2.318,2.296,2.313,-0.007,-0.3017,2671015.77,616193.678
229,510050.SH,20170504,2.325,2.324,2.33,2.314,2.32,-0.005,-0.2151,1792657.14,416001.123
230,510050.SH,20170503,2.332,2.332,2.338,2.324,2.325,-0.007,-0.3002,1594104.51,371363.612
231,510050.SH,20170502,2.34,2.338,2.345,2.332,2.332,-0.008,-0.3419,820257.98,191857.354
232,510050.SH,20170428,2.344,2.343,2.344,2.33,2.34,-0.004,-0.1706,1834581.74,428708.586
233,510050.SH,20170427,2.339,2.336,2.347,2.326,2.344,0.005,0.2138,1543849.13,360522.222
234,510050.SH,20170426,2.342,2.342,2.356,2.339,2.339,-0.003,-0.1281,2282894.91,535630.461
235,510050.SH,20170425,2.336,2.334,2.344,2.334,2.342,0.006,0.2568,1745779.87,408621.367
236,510050.SH,20170424,2.341,2.342,2.343,2.323,2.336,-0.005,-0.2136,2487214.1,579523.992
237,510050.SH,20170421,2.331,2.332,2.346,2.33,2.341,0.01,0.429,2031211.27,474885.246
238,510050.SH,20170420,2.322,2.32,2.333,2.32,2.331,0.009,0.3876,1851907.84,430719.32
239,510050.SH,20170419,2.338,2.333,2.335,2.313,2.322,-0.016,-0.6843,3465282.23,805082.762
240,510050.SH,20170418,2.353,2.35,2.351,2.336,2.338,-0.015,-0.6375,1423344.7,333776.998
241,510050.SH,20170417,2.35,2.348,2.356,2.337,2.353,0.003,0.1277,2794262.09,655265.124
242,510050.SH,20170414,2.367,2.366,2.367,2.345,2.35,-0.017,-0.7182,2096911.65,493751.968
243,510050.SH,20170413,2.374,2.37,2.375,2.365,2.367,-0.007,-0.2949,1756562.66,416071.549
244,510050.SH,20170412,2.378,2.375,2.382,2.361,2.374,-0.004,-0.1682,1530671.04,363534.272
245,510050.SH,20170411,2.377,2.374,2.383,2.354,2.378,0.001,0.0421,2574388.02,609633.421
246,510050.SH,20170410,2.384,2.384,2.388,2.377,2.377,-0.007,-0.2936,1296305.97,308739.449
247,510050.SH,20170407,2.384,2.385,2.39,2.375,2.384,0.0,0.0,1548983.68,369035.94
248,510050.SH,20170406,2.382,2.383,2.39,2.372,2.384,0.002,0.084,2820088.77,671762.803
249,510050.SH,20170405,2.356,2.366,2.383,2.363,2.382,0.026,1.1036,1852731.34,440025.325
250,510050.SH,20170331,2.343,2.341,2.358,2.341,2.356,0.013,0.5548,1710043.21,402125.55
251,510050.SH,20170330,2.352,2.351,2.356,2.335,2.343,-0.009,-0.3827,2658567.84,622998.005
252,510050.SH,20170329,2.354,2.356,2.361,2.347,2.352,-0.002,-0.085,1392728.31,328018.12
253,510050.SH,20170328,2.36,2.363,2.366,2.352,2.354,-0.006,-0.2542,1670864.77,393928.592
254,510050.SH,20170327,2.364,2.364,2.377,2.358,2.36,-0.004,-0.1692,1740014.81,412091.432
255,510050.SH,20170324,2.344,2.346,2.371,2.341,2.364,0.02,0.8532,1946965.69,458191.46
256,510050.SH,20170323,2.336,2.335,2.353,2.334,2.344,0.008,0.3425,1361271.11,319000.297
257,510050.SH,20170322,2.353,2.345,2.349,2.329,2.336,-0.017,-0.7225,2182631.56,510055.729
258,510050.SH,20170321,2.347,2.347,2.355,2.345,2.353,0.006,0.2556,1873622.76,440152.252
259,510050.SH,20170320,2.343,2.348,2.353,2.338,2.347,0.004,0.1707,997252.92,233947.113
260,510050.SH,20170317,2.369,2.371,2.372,2.338,2.343,-0.026,-1.0975,2173504.73,512665.503
261,510050.SH,20170316,2.354,2.361,2.376,2.36,2.369,0.015,0.6372,1887140.94,447005.089
262,510050.SH,20170315,2.351,2.348,2.355,2.344,2.354,0.003,0.1276,1037653.94,243874.806
263,510050.SH,20170314,2.355,2.355,2.357,2.347,2.351,-0.004,-0.1699,778545.52,183189.202
264,510050.SH,20170313,2.335,2.334,2.356,2.327,2.355,0.02,0.8565,1606165.7,376838.823
265,510050.SH,20170310,2.343,2.341,2.344,2.335,2.335,-0.008,-0.3414,950259.62,222241.43
266,510050.SH,20170309,2.355,2.351,2.352,2.332,2.343,-0.012,-0.5096,1477523.91,345712.056
267,510050.SH,20170308,2.354,2.353,2.36,2.349,2.355,0.001,0.0425,1131251.53,266420.757
268,510050.SH,20170307,2.349,2.346,2.354,2.345,2.354,0.005,0.2129,1412334.9,331732.369
269,510050.SH,20170306,2.343,2.344,2.354,2.341,2.349,0.006,0.2561,1559258.79,365903.393
270,510050.SH,20170303,2.353,2.35,2.35,2.339,2.343,-0.01,-0.425,1382678.54,324034.92
271,510050.SH,20170302,2.368,2.373,2.379,2.351,2.353,-0.015,-0.6334,1443827.55,341537.364
272,510050.SH,20170301,2.368,2.37,2.381,2.366,2.368,0.0,0.0,2103578.22,499053.102
273,510050.SH,20170228,2.367,2.366,2.377,2.362,2.368,0.001,0.0422,1632510.33,386531.983
274,510050.SH,20170227,2.385,2.383,2.384,2.363,2.367,-0.018,-0.7547,1819209.49,432164.374
275,510050.SH,20170224,2.387,2.386,2.386,2.374,2.385,-0.002,-0.0838,2544948.33,605779.061
276,510050.SH,20170223,2.396,2.395,2.4,2.38,2.387,-0.009,-0.3756,1483924.31,354492.716
277,510050.SH,20170222,2.393,2.393,2.398,2.388,2.396,0.003,0.1254,2137838.81,511390.078
278,510050.SH,20170221,2.395,2.395,2.407,2.39,2.393,-0.002,-0.0835,2494719.53,598279.404
279,510050.SH,20170220,2.361,2.362,2.396,2.362,2.395,0.034,1.4401,4045643.98,963865.183
280,510050.SH,20170217,2.372,2.375,2.386,2.36,2.361,-0.011,-0.4637,1968658.07,467512.548
281,510050.SH,20170216,2.369,2.369,2.376,2.366,2.372,0.003,0.1266,1157874.48,274568.384
282,510050.SH,20170215,2.37,2.37,2.382,2.368,2.369,-0.001,-0.0422,1377216.47,327203.562
283,510050.SH,20170214,2.378,2.377,2.379,2.367,2.37,-0.008,-0.3364,1415678.86,335864.319
284,510050.SH,20170213,2.366,2.367,2.381,2.367,2.378,0.012,0.5072,2488312.05,591160.947
285,510050.SH,20170210,2.354,2.356,2.372,2.355,2.366,0.012,0.5098,2733694.3,646491.032
286,510050.SH,20170209,2.348,2.348,2.365,2.342,2.354,0.006,0.2555,2331212.95,548962.391
287,510050.SH,20170208,2.335,2.335,2.349,2.324,2.348,0.013,0.5567,1684464.97,393493.921
288,510050.SH,20170207,2.343,2.343,2.347,2.331,2.335,-0.008,-0.3414,1408960.42,329417.249
289,510050.SH,20170206,2.342,2.345,2.351,2.336,2.343,0.001,0.0427,1548299.19,362763.938
290,510050.SH,20170203,2.366,2.367,2.37,2.339,2.342,-0.024,-1.0144,1455852.65,342111.875
291,510050.SH,20170126,2.357,2.361,2.372,2.359,2.366,0.009,0.3818,1961230.92,464155.92
292,510050.SH,20170125,2.354,2.351,2.36,2.345,2.357,0.003,0.1274,1647286.09,387625.966
293,510050.SH,20170124,2.348,2.349,2.356,2.345,2.354,0.006,0.2555,1769305.07,415918.129
294,510050.SH,20170123,2.349,2.35,2.361,2.343,2.348,-0.001,-0.0426,3139089.19,738503.644
295,510050.SH,20170120,2.334,2.335,2.353,2.334,2.349,0.015,0.6427,1844401.99,432369.727
296,510050.SH,20170119,2.344,2.341,2.352,2.332,2.334,-0.01,-0.4266,2441889.56,572063.104
297,510050.SH,20170118,2.329,2.328,2.352,2.328,2.344,0.015,0.6441,1859741.69,435818.334
298,510050.SH,20170117,2.339,2.329,2.335,2.322,2.329,-0.01,-0.4275,1401623.55,326502.132
299,510050.SH,20170116,2.31,2.308,2.344,2.286,2.339,0.029,1.2554,4368298.46,1011597.198
300,510050.SH,20170113,2.296,2.295,2.317,2.293,2.31,0.014,0.6098,1652974.29,380903.097
301,510050.SH,20170112,2.303,2.301,2.31,2.295,2.296,-0.007,-0.304,1581768.59,364393.793
302,510050.SH,20170111,2.313,2.314,2.319,2.301,2.303,-0.01,-0.4323,1804038.45,416669.178
303,510050.SH,20170110,2.319,2.315,2.322,2.31,2.313,-0.006,-0.2587,1182091.4,273842.11
304,510050.SH,20170109,2.314,2.312,2.324,2.308,2.319,0.005,0.2161,1460191.12,338284.574
305,510050.SH,20170106,2.322,2.322,2.326,2.312,2.314,-0.008,-0.3445,1093260.29,253554.525
306,510050.SH,20170105,2.325,2.323,2.328,2.317,2.322,-0.003,-0.129,1653052.62,383888.793
307,510050.SH,20170104,2.307,2.304,2.325,2.304,2.325,0.018,0.7802,2243780.29,519611.102
308,510050.SH,20170103,2.287,2.285,2.314,2.285,2.307,0.02,0.8745,2716432.43,626330.162
309,510050.SH,20161230,2.278,2.277,2.29,2.276,2.287,0.009,0.3951,2386427.44,544894.006
310,510050.SH,20161229,2.278,2.275,2.287,2.268,2.278,0.0,0.0,2142421.65,488255.156
311,510050.SH,20161228,2.289,2.287,2.293,2.272,2.278,-0.011,-0.4806,2137651.94,487391.375
312,510050.SH,20161227,2.298,2.297,2.304,2.287,2.289,-0.009,-0.3916,1829392.86,420150.294
313,510050.SH,20161226,2.279,2.266,2.301,2.256,2.298,0.019,0.8337,3005143.73,684120.186
314,510050.SH,20161223,2.292,2.29,2.293,2.273,2.279,-0.013,-0.5672,1589925.61,362728.294
315,510050.SH,20161222,2.298,2.297,2.299,2.282,2.292,-0.006,-0.2611,1293380.51,296329.083
316,510050.SH,20161221,2.281,2.284,2.307,2.284,2.298,0.017,0.7453,3288750.26,755605.388
317,510050.SH,20161220,2.293,2.293,2.296,2.263,2.281,-0.012,-0.5233,2181082.04,496352.195
318,510050.SH,20161219,2.301,2.299,2.305,2.288,2.293,-0.008,-0.3477,2027300.64,465444.738
319,510050.SH,20161216,2.308,2.307,2.317,2.3,2.301,-0.007,-0.3033,2069360.2,477342.534
320,510050.SH,20161215,2.36,2.353,2.355,2.273,2.308,-0.052,-2.2034,4081803.64,949245.201
321,510050.SH,20161214,2.371,2.372,2.385,2.359,2.36,-0.011,-0.4639,2541497.55,603286.432
322,510050.SH,20161213,2.386,2.377,2.382,2.36,2.371,-0.015,-0.6287,3478672.03,824986.574
323,510050.SH,20161212,2.413,2.412,2.426,2.366,2.386,-0.027,-1.1189,5934859.09,1417710.194
324,510050.SH,20161209,2.38,2.378,2.421,2.372,2.413,0.033,1.3866,3626518.28,870848.654
325,510050.SH,20161208,2.375,2.379,2.388,2.375,2.38,0.005,0.2105,2303045.69,548100.604
326,510050.SH,20161207,2.368,2.368,2.376,2.361,2.375,0.007,0.2956,2104626.91,498753.666
327,510050.SH,20161206,2.373,2.372,2.383,2.367,2.368,-0.005,-0.2107,2033863.91,483001.676
328,510050.SH,20161205,2.416,2.392,2.393,2.364,2.373,-0.043,-1.7798,4557022.57,1083013.12
329,510050.SH,20161202,2.433,2.432,2.433,2.403,2.416,-0.017,-0.6987,3598342.82,869541.739
330,510050.SH,20161201,2.419,2.424,2.45,2.418,2.433,0.014,0.5788,3458103.22,841660.729
331,510050.SH,20161130,2.446,2.439,2.449,2.411,2.419,-0.027,-1.1038,5571959.63,1352489.245
332,510050.SH,20161129,2.407,2.403,2.459,2.396,2.446,0.039,1.6203,3430981.93,834698.51
333,510050.SH,20161128,2.451,2.46,2.485,2.455,2.46,0.009,0.3672,2694263.11,665255.111
334,510050.SH,20161125,2.425,2.425,2.453,2.41,2.451,0.026,1.0722,2797375.07,679471.52
335,510050.SH,20161124,2.415,2.411,2.436,2.409,2.425,0.01,0.4141,2144528.69,519405.381
336,510050.SH,20161123,2.408,2.409,2.431,2.404,2.415,0.007,0.2907,2154154.97,521172.448
337,510050.SH,20161122,2.39,2.388,2.412,2.387,2.408,0.018,0.7531,2669513.09,641724.28
338,510050.SH,20161121,2.363,2.359,2.406,2.359,2.39,0.027,1.1426,3171603.1,757536.893
339,510050.SH,20161118,2.369,2.37,2.378,2.358,2.363,-0.006,-0.2533,1437971.0,340715.047
340,510050.SH,20161117,2.361,2.36,2.37,2.35,2.369,0.008,0.3388,1252760.1,295789.112
341,510050.SH,20161116,2.366,2.367,2.37,2.358,2.361,-0.005,-0.2113,1349158.21,318801.802
342,510050.SH,20161115,2.374,2.37,2.374,2.361,2.366,-0.008,-0.337,1339446.67,316967.642
343,510050.SH,20161114,2.363,2.358,2.395,2.356,2.374,0.011,0.4655,3284321.67,779989.59
344,510050.SH,20161111,2.344,2.339,2.371,2.337,2.363,0.019,0.8106,3591485.92,847232.9
345,510050.SH,20161110,2.32,2.332,2.351,2.332,2.344,0.024,1.0345,1742958.84,408363.468
346,510050.SH,20161109,2.338,2.337,2.337,2.299,2.32,-0.018,-0.7699,2622338.54,607962.232
347,510050.SH,20161108,2.33,2.336,2.351,2.33,2.338,0.008,0.3433,1458718.21,341373.003
348,510050.SH,20161107,2.324,2.324,2.334,2.321,2.33,0.006,0.2582,943443.16,219573.733
349,510050.SH,20161104,2.327,2.325,2.339,2.321,2.324,-0.003,-0.1289,1310305.35,305352.445
350,510050.SH,20161103,2.3,2.297,2.339,2.294,2.327,0.027,1.1739,2594712.2,601527.366
351,510050.SH,20161102,2.316,2.311,2.312,2.298,2.3,-0.016,-0.6908,1459249.6,336171.157
352,510050.SH,20161101,2.305,2.304,2.316,2.301,2.316,0.011,0.4772,1399906.34,323638.315
353,510050.SH,20161031,2.307,2.306,2.307,2.289,2.305,-0.002,-0.0867,1240292.44,285065.904
354,510050.SH,20161028,2.305,2.305,2.329,2.305,2.307,0.002,0.0868,3028056.17,700997.575
355,510050.SH,20161027,2.311,2.31,2.311,2.3,2.305,-0.006,-0.2596,1739054.25,400792.628
356,510050.SH,20161026,2.319,2.319,2.322,2.309,2.311,-0.008,-0.345,1934679.73,448208.298
357,510050.SH,20161025,2.324,2.325,2.328,2.315,2.319,-0.005,-0.2151,2463381.65,571569.829
358,510050.SH,20161024,2.295,2.294,2.343,2.294,2.324,0.029,1.2636,3893178.13,904622.159
359,510050.SH,20161021,2.28,2.28,2.302,2.275,2.295,0.015,0.6579,1777797.58,407072.522
360,510050.SH,20161020,2.279,2.278,2.285,2.276,2.28,0.001,0.0439,1035051.57,235931.475
361,510050.SH,20161019,2.282,2.282,2.288,2.276,2.279,-0.003,-0.1315,1109992.2,253195.091
362,510050.SH,20161018,2.25,2.247,2.284,2.246,2.282,0.032,1.4222,1689088.06,382795.422
363,510050.SH,20161017,2.266,2.269,2.269,2.246,2.25,-0.016,-0.7061,1215437.26,274697.51
364,510050.SH,20161014,2.257,2.257,2.271,2.251,2.266,0.009,0.3988,1144170.97,258723.924
365,510050.SH,20161013,2.257,2.254,2.263,2.254,2.257,0.0,0.0,784097.11,176956.364
366,510050.SH,20161012,2.265,2.26,2.261,2.254,2.257,-0.008,-0.3532,1030107.76,232606.505
367,510050.SH,20161011,2.262,2.262,2.268,2.258,2.265,0.003,0.1326,1331115.93,301259.065
368,510050.SH,20161010,2.235,2.246,2.267,2.243,2.262,0.027,1.2081,1141358.34,257341.662
369,510050.SH,20160930,2.23,2.225,2.238,2.225,2.235,0.005,0.2242,1274905.13,284913.647
370,510050.SH,20160929,2.219,2.224,2.239,2.224,2.23,0.011,0.4957,1010064.07,225529.44
371,510050.SH,20160928,2.229,2.231,2.232,2.218,2.219,-0.01,-0.4486,1195647.36,265966.884
372,510050.SH,20160927,2.222,2.22,2.234,2.219,2.229,0.007,0.315,988029.48,220020.211
373,510050.SH,20160926,2.249,2.245,2.246,2.22,2.222,-0.027,-1.2005,2170055.17,485127.358
374,510050.SH,20160923,2.255,2.255,2.258,2.248,2.249,-0.006,-0.2661,1042780.49,235008.969
375,510050.SH,20160922,2.243,2.249,2.266,2.248,2.255,0.012,0.535,1405734.26,317247.021
376,510050.SH,20160921,2.239,2.237,2.245,2.236,2.243,0.004,0.1787,1107122.22,247995.144
377,510050.SH,20160920,2.242,2.241,2.243,2.234,2.239,-0.003,-0.1338,804570.42,180024.685
378,510050.SH,20160919,2.229,2.229,2.245,2.228,2.242,0.013,0.5832,1063911.38,238257.401
379,510050.SH,20160914,2.242,2.234,2.238,2.225,2.229,-0.013,-0.5798,1506998.21,336257.115
380,510050.SH,20160913,2.25,2.248,2.25,2.238,2.242,-0.008,-0.3556,1424014.87,319381.64
381,510050.SH,20160912,2.28,2.247,2.255,2.23,2.25,-0.03,-1.3158,3454826.71,774263.669
382,510050.SH,20160909,2.29,2.288,2.293,2.275,2.28,-0.01,-0.4367,1081196.78,247313.791
383,510050.SH,20160908,2.29,2.287,2.292,2.284,2.29,0.0,0.0,1191994.92,272687.753
384,510050.SH,20160907,2.286,2.286,2.3,2.285,2.29,0.004,0.175,2938161.18,673816.76
385,510050.SH,20160906,2.28,2.28,2.295,2.267,2.286,0.006,0.2632,1692879.34,386432.421
386,510050.SH,20160905,2.279,2.281,2.296,2.278,2.28,0.001,0.0439,1713722.2,391319.553
387,510050.SH,20160902,2.268,2.268,2.28,2.265,2.279,0.011,0.485,1711015.01,388870.655
388,510050.SH,20160901,2.284,2.284,2.286,2.267,2.268,-0.016,-0.7005,1331148.76,303099.987
389,510050.SH,20160831,2.276,2.275,2.289,2.27,2.284,0.008,0.3515,1942188.99,442888.671
390,510050.SH,20160830,2.265,2.266,2.282,2.266,2.276,0.011,0.4857,1486517.62,337808.028
391,510050.SH,20160829,2.267,2.267,2.269,2.254,2.265,-0.002,-0.0882,1196589.02,270828.94
392,510050.SH,20160826,2.269,2.272,2.282,2.265,2.267,-0.002,-0.0881,1549018.02,352254.518
393,510050.SH,20160825,2.28,2.275,2.275,2.254,2.269,-0.011,-0.4825,1869078.55,423605.339
394,510050.SH,20160824,2.29,2.292,2.301,2.274,2.28,-0.01,-0.4367,2091216.0,477294.909
395,510050.SH,20160823,2.287,2.288,2.307,2.282,2.29,0.003,0.1312,2340447.05,536802.344
396,510050.SH,20160822,2.301,2.3,2.304,2.283,2.287,-0.014,-0.6084,1500541.74,343831.079
397,510050.SH,20160819,2.29,2.289,2.305,2.281,2.301,0.011,0.4803,1559685.67,357684.903
398,510050.SH,20160818,2.3,2.301,2.322,2.283,2.29,-0.01,-0.4348,2289851.1,527631.727
399,510050.SH,20160817,2.306,2.308,2.321,2.291,2.3,-0.006,-0.2602,2314969.83,533492.477
400,510050.SH,20160816,2.336,2.34,2.352,2.304,2.306,-0.03,-1.2842,5259624.6,1220321.073
401,510050.SH,20160815,2.272,2.276,2.368,2.273,2.336,0.064,2.8169,5412527.37,1263106.491
402,510050.SH,20160812,2.223,2.223,2.273,2.222,2.272,0.049,2.2042,2974616.95,669346.8
403,510050.SH,20160811,2.216,2.216,2.256,2.212,2.223,0.007,0.3159,2626153.65,587454.178
404,510050.SH,20160810,2.221,2.222,2.223,2.213,2.216,-0.005,-0.2251,1338665.47,296933.615
405,510050.SH,20160809,2.204,2.201,2.223,2.201,2.221,0.017,0.7713,1118268.52,247515.348
406,510050.SH,20160808,2.195,2.196,2.206,2.185,2.204,0.009,0.41,880394.3,193385.523
407,510050.SH,20160805,2.186,2.186,2.205,2.181,2.195,0.009,0.4117,1112996.03,244169.03
408,510050.SH,20160804,2.188,2.187,2.189,2.172,2.186,-0.002,-0.0914,994114.0,216850.335
409,510050.SH,20160803,2.19,2.188,2.193,2.181,2.188,-0.002,-0.0913,901834.85,197289.822
410,510050.SH,20160802,2.19,2.191,2.198,2.182,2.19,0.0,0.0,877795.01,192184.803
411,510050.SH,20160801,2.201,2.199,2.2,2.182,2.19,-0.011,-0.4998,1451769.21,318100.802
412,510050.SH,20160729,2.211,2.209,2.212,2.195,2.201,-0.01,-0.4523,855808.4,188705.231
413,510050.SH,20160728,2.215,2.203,2.218,2.193,2.211,-0.004,-0.1806,1235216.0,272776.381
414,510050.SH,20160727,2.227,2.228,2.232,2.172,2.215,-0.012,-0.5388,2926171.12,644322.778
415,510050.SH,20160726,2.201,2.201,2.229,2.197,2.227,0.026,1.1813,1914550.33,424591.601
416,510050.SH,20160725,2.2,2.199,2.21,2.197,2.201,0.001,0.0455,1008017.94,222103.185
417,510050.SH,20160722,2.22,2.218,2.222,2.199,2.2,-0.02,-0.9009,1017700.91,224642.09
418,510050.SH,20160721,2.209,2.211,2.228,2.211,2.22,0.011,0.498,1429531.1,317500.367
419,510050.SH,20160720,2.216,2.216,2.222,2.207,2.209,-0.007,-0.3159,1319933.5,292105.743
420,510050.SH,20160719,2.228,2.226,2.235,2.205,2.216,-0.012,-0.5386,1971320.24,437073.21
421,510050.SH,20160718,2.236,2.235,2.247,2.227,2.228,-0.008,-0.3578,2190945.05,489701.956
422,510050.SH,20160715,2.233,2.235,2.242,2.227,2.236,0.003,0.1343,3047614.37,681314.944
423,510050.SH,20160714,2.236,2.237,2.239,2.22,2.233,-0.003,-0.1342,2473531.86,552365.652
424,510050.SH,20160713,2.233,2.237,2.266,2.233,2.236,0.003,0.1343,4764777.33,1069761.626
425,510050.SH,20160712,2.188,2.188,2.235,2.188,2.233,0.045,2.0567,2940528.1,650660.174
426,510050.SH,20160711,2.177,2.181,2.208,2.181,2.188,0.011,0.5053,1321293.13,290204.345
427,510050.SH,20160708,2.189,2.184,2.187,2.176,2.177,-0.012,-0.5482,983801.57,214456.153
428,510050.SH,20160707,2.184,2.182,2.196,2.174,2.189,0.005,0.2289,1194146.25,260924.492
429,510050.SH,20160706,2.185,2.177,2.186,2.167,2.184,-0.001,-0.0458,1664278.32,362355.146
430,510050.SH,20160705,2.177,2.175,2.193,2.175,2.185,0.008,0.3675,1729523.48,377638.845
431,510050.SH,20160704,2.142,2.141,2.186,2.137,2.177,0.035,1.634,2056830.19,446441.009
432,510050.SH,20160701,2.136,2.142,2.149,2.141,2.142,0.006,0.2809,1144361.79,245450.903
433,510050.SH,20160630,2.135,2.14,2.146,2.136,2.136,0.001,0.0468,1254970.25,268751.877
434,510050.SH,20160629,2.117,2.119,2.138,2.119,2.135,0.018,0.8503,1905644.91,406090.263
435,510050.SH,20160628,2.111,2.106,2.119,2.098,2.117,0.006,0.2842,1449451.86,305469.295
436,510050.SH,20160627,2.09,2.09,2.112,2.087,2.111,0.021,1.0048,1943116.6,409063.811
437,510050.SH,20160624,2.116,2.113,2.127,2.068,2.09,-0.026,-1.2287,2138533.83,449350.245
438,510050.SH,20160623,2.124,2.126,2.127,2.107,2.116,-0.008,-0.3766,1000646.0,211711.636
439,510050.SH,20160622,2.112,2.11,2.126,2.106,2.124,0.012,0.5682,1748766.12,370432.495
440,510050.SH,20160621,2.114,2.119,2.141,2.11,2.112,-0.002,-0.0946,1611718.61,342244.844
441,510050.SH,20160620,2.109,2.115,2.118,2.102,2.114,0.005,0.2371,1212975.14,256033.857
442,510050.SH,20160617,2.102,2.107,2.125,2.106,2.109,0.007,0.333,2166510.97,458576.64
443,510050.SH,20160616,2.109,2.1,2.11,2.097,2.102,-0.007,-0.3319,1243704.4,261720.124
444,510050.SH,20160615,2.101,2.08,2.122,2.077,2.109,0.008,0.3808,2028556.97,426938.724
445,510050.SH,20160614,2.088,2.087,2.104,2.086,2.101,0.013,0.6226,1234242.65,258758.217
446,510050.SH,20160613,2.139,2.123,2.126,2.087,2.088,-0.051,-2.3843,2547582.77,537797.136
447,510050.SH,20160608,2.143,2.143,2.146,2.13,2.139,-0.004,-0.1867,917264.77,196021.945
448,510050.SH,20160607,2.141,2.145,2.15,2.14,2.143,0.002,0.0934,1182076.93,253440.864
449,510050.SH,20160606,2.154,2.154,2.158,2.137,2.141,-0.013,-0.6035,1351637.76,289763.568
450,510050.SH,20160603,2.14,2.142,2.158,2.137,2.154,0.014,0.6542,2080395.04,446731.858
451,510050.SH,20160602,2.142,2.14,2.149,2.131,2.14,-0.002,-0.0934,1487011.34,318129.523
452,510050.SH,20160601,2.16,2.16,2.162,2.142,2.142,-0.018,-0.8333,2625484.9,564498.989
453,510050.SH,20160531,2.089,2.091,2.161,2.091,2.16,0.071,3.3988,5842395.17,1252137.529
454,510050.SH,20160530,2.078,2.076,2.094,2.065,2.089,0.011,0.5294,1591087.71,331658.034
455,510050.SH,20160527,2.074,2.075,2.084,2.07,2.078,0.004,0.1929,1124549.74,233450.343
456,510050.SH,20160526,2.074,2.076,2.086,2.062,2.074,0.0,0.0,1151169.2,238605.251
457,510050.SH,20160525,2.069,2.076,2.085,2.071,2.074,0.005,0.2417,1182057.92,245572.2
458,510050.SH,20160524,2.084,2.081,2.081,2.066,2.069,-0.015,-0.7198,1744282.1,361361.073
459,510050.SH,20160523,2.083,2.084,2.099,2.079,2.084,0.001,0.048,1206061.56,251858.773
460,510050.SH,20160520,2.072,2.065,2.084,2.065,2.083,0.011,0.5309,946322.82,196673.052
461,510050.SH,20160519,2.078,2.071,2.085,2.069,2.072,-0.006,-0.2887,827861.96,171969.403
462,510050.SH,20160518,2.077,2.07,2.083,2.052,2.078,0.001,0.0481,3188517.17,658974.127
463,510050.SH,20160517,2.081,2.082,2.087,2.069,2.077,-0.004,-0.1922,1091505.7,226682.673
464,510050.SH,20160516,2.079,2.068,2.085,2.062,2.081,0.002,0.0962,1261020.17,261761.631
465,510050.SH,20160513,2.083,2.07,2.089,2.07,2.079,-0.004,-0.192,941263.03,195919.916
466,510050.SH,20160512,2.077,2.069,2.089,2.056,2.083,0.006,0.2889,1336796.31,277384.936
467,510050.SH,20160511,2.07,2.076,2.09,2.067,2.077,0.007,0.3382,1441010.41,299410.777
468,510050.SH,20160510,2.071,2.067,2.083,2.064,2.07,-0.001,-0.0483,1560353.2,323652.183
469,510050.SH,20160509,2.103,2.097,2.101,2.064,2.071,-0.032,-1.5216,3442924.67,716575.961
470,510050.SH,20160506,2.151,2.151,2.153,2.1,2.103,-0.048,-2.2315,2658437.31,566508.057
471,510050.SH,20160505,2.153,2.145,2.152,2.143,2.151,-0.002,-0.0929,1031108.56,221442.963
472,510050.SH,20160504,2.159,2.152,2.158,2.145,2.153,-0.006,-0.2779,1244277.47,267714.478
473,510050.SH,20160503,2.135,2.137,2.168,2.127,2.159,0.024,1.1241,2528151.04,544978.429
474,510050.SH,20160429,2.142,2.133,2.144,2.132,2.135,-0.007,-0.3268,1248875.42,267143.131
475,510050.SH,20160428,2.144,2.145,2.154,2.131,2.142,-0.002,-0.0933,1717320.75,368024.979
476,510050.SH,20160427,2.152,2.153,2.156,2.14,2.144,-0.008,-0.3717,1482272.4,318530.564
477,510050.SH,20160426,2.145,2.143,2.163,2.137,2.152,0.007,0.3263,1749271.64,375911.47
478,510050.SH,20160425,2.156,2.149,2.154,2.12,2.145,-0.011,-0.5102,1898352.04,406432.949
479,510050.SH,20160422,2.146,2.133,2.159,2.121,2.156,0.01,0.466,2487581.55,535247.59
480,510050.SH,20160421,2.148,2.134,2.169,2.129,2.146,-0.002,-0.0931,3490579.16,751276.764
481,510050.SH,20160420,2.161,2.164,2.169,2.093,2.148,-0.013,-0.6016,5753600.42,1225701.355
482,510050.SH,20160419,2.154,2.167,2.17,2.153,2.161,0.007,0.325,2058694.78,444328.416
483,510050.SH,20160418,2.178,2.163,2.171,2.15,2.154,-0.024,-1.1019,2191771.8,473288.109
484,510050.SH,20160415,2.174,2.178,2.186,2.17,2.178,0.004,0.184,3050963.92,664278.6
485,510050.SH,20160414,2.168,2.179,2.19,2.164,2.174,0.006,0.2768,3061830.7,666019.637
486,510050.SH,20160413,2.142,2.154,2.197,2.154,2.168,0.026,1.2138,5480353.17,1195900.106
487,510050.SH,20160412,2.144,2.144,2.149,2.133,2.142,-0.002,-0.0933,1774047.65,379581.451
488,510050.SH,20160411,2.124,2.139,2.166,2.139,2.144,0.02,0.9416,2882288.54,620823.119
489,510050.SH,20160408,2.139,2.128,2.134,2.112,2.124,-0.015,-0.7013,2713618.24,576541.114
490,510050.SH,20160407,2.165,2.17,2.177,2.136,2.139,-0.026,-1.2009,2350029.2,505503.939
491,510050.SH,20160406,2.175,2.168,2.175,2.157,2.165,-0.01,-0.4598,2193315.55,475108.314
492,510050.SH,20160405,2.165,2.152,2.189,2.146,2.175,0.01,0.4619,4033006.88,876822.489
493,510050.SH,20160401,2.156,2.152,2.166,2.116,2.165,0.009,0.4174,3467697.46,745360.354
494,510050.SH,20160331,2.158,2.164,2.171,2.146,2.156,-0.002,-0.0927,2462077.41,531522.727
495,510050.SH,20160330,2.104,2.121,2.162,2.121,2.158,0.054,2.5665,3516452.65,754214.899
496,510050.SH,20160329,2.121,2.125,2.136,2.098,2.104,-0.017,-0.8015,4026092.67,851243.809
497,510050.SH,20160328,2.145,2.152,2.168,2.117,2.121,-0.024,-1.1189,3292481.97,705448.359
498,510050.SH,20160325,2.14,2.138,2.157,2.135,2.145,0.005,0.2336,3952447.52,847518.459
499,510050.SH,20160324,2.171,2.161,2.161,2.136,2.14,-0.031,-1.4279,3390856.23,727963.216
500,510050.SH,20160323,2.169,2.164,2.186,2.154,2.171,0.002,0.0922,5923528.19,1283219.124
501,510050.SH,20160322,2.192,2.185,2.193,2.165,2.169,-0.023,-1.0493,4337330.13,945064.157
502,510050.SH,20160321,2.14,2.16,2.215,2.154,2.192,0.052,2.4299,7063211.92,1546431.565
503,510050.SH,20160318,2.132,2.135,2.167,2.131,2.14,0.008,0.3752,5378710.58,1155122.415
504,510050.SH,20160317,2.135,2.131,2.159,2.111,2.132,-0.003,-0.1405,3819977.32,815888.902
505,510050.SH,20160316,2.098,2.085,2.141,2.082,2.135,0.037,1.7636,4941515.82,1050081.584
506,510050.SH,20160315,2.076,2.075,2.104,2.055,2.098,0.022,1.0597,4111974.97,856660.295
507,510050.SH,20160314,2.066,2.081,2.12,2.072,2.076,0.01,0.484,3263170.38,683955.102
508,510050.SH,20160311,2.059,2.042,2.071,2.039,2.066,0.007,0.34,3466691.13,712909.607
509,510050.SH,20160310,2.107,2.084,2.106,2.055,2.059,-0.048,-2.2781,2962009.33,617764.7
510,510050.SH,20160309,2.115,2.072,2.11,2.052,2.107,-0.008,-0.3783,4519536.45,938589.375
511,510050.SH,20160308,2.111,2.104,2.117,2.035,2.115,0.004,0.1895,4214339.99,873018.382
512,510050.SH,20160307,2.122,2.12,2.14,2.096,2.111,-0.011,-0.5184,4325792.16,915445.864
513,510050.SH,20160304,2.053,2.046,2.13,2.04,2.122,0.069,3.3609,6550957.84,1368994.68
514,510050.SH,20160303,2.049,2.044,2.061,2.035,2.053,0.004,0.1952,3456580.49,708318.094
515,510050.SH,20160302,1.971,1.974,2.056,1.974,2.049,0.078,3.9574,4373685.83,884244.004
516,510050.SH,20160301,1.937,1.94,1.991,1.929,1.971,0.034,1.7553,3402613.79,665828.723
517,510050.SH,20160229,1.956,1.947,1.955,1.89,1.937,-0.019,-0.9714,4246989.81,815890.025
518,510050.SH,20160226,1.936,1.946,1.966,1.93,1.956,0.02,1.0331,4191622.19,817819.086
519,510050.SH,20160225,2.039,2.033,2.036,1.914,1.936,-0.103,-5.0515,3761393.4,744375.52
520,510050.SH,20160224,2.03,2.024,2.043,2.009,2.039,0.009,0.4433,2961720.79,600965.767
521,510050.SH,20160223,2.054,2.052,2.053,2.016,2.03,-0.024,-1.1685,2233689.8,453973.044
522,510050.SH,20160222,2.006,2.024,2.065,2.015,2.054,0.048,2.3928,3946413.26,804270.366
523,510050.SH,20160219,2.011,2.008,2.016,1.994,2.006,-0.005,-0.2486,2029129.67,406839.283
524,510050.SH,20160218,2.013,2.023,2.035,2.008,2.011,-0.002,-0.0994,2101384.56,424778.009
525,510050.SH,20160217,2.001,1.999,2.021,1.995,2.013,0.012,0.5997,2718905.95,546408.434
526,510050.SH,20160216,1.949,1.956,2.006,1.955,2.001,0.052,2.668,2937698.54,585025.787
527,510050.SH,20160215,1.968,1.925,1.959,1.919,1.949,-0.019,-0.9654,2458719.52,476558.09
528,510050.SH,20160205,1.978,1.977,1.982,1.965,1.968,-0.01,-0.5056,2783073.94,548767.77
529,510050.SH,20160204,1.953,1.964,1.985,1.96,1.978,0.025,1.2801,2943647.65,580570.759
530,510050.SH,20160203,1.975,1.955,1.962,1.932,1.953,-0.022,-1.1139,2402730.15,467505.881
531,510050.SH,20160202,1.942,1.942,1.983,1.939,1.975,0.033,1.6993,2590861.86,509738.871
532,510050.SH,20160201,1.975,1.974,1.977,1.925,1.942,-0.033,-1.6709,2164566.17,421762.636
533,510050.SH,20160129,1.915,1.918,1.995,1.918,1.975,0.06,3.1332,4292173.25,842926.914
534,510050.SH,20160128,1.957,1.943,1.968,1.906,1.915,-0.042,-2.1461,3889436.65,755063.502
535,510050.SH,20160127,1.958,1.965,1.975,1.918,1.957,-0.001,-0.0511,5166376.44,1007226.972
536,510050.SH,20160126,2.065,2.052,2.056,1.95,1.958,-0.107,-5.1816,4167637.28,834831.478
537,510050.SH,20160125,2.067,2.07,2.078,2.054,2.065,-0.002,-0.0968,1971928.52,407438.313
538,510050.SH,20160122,2.043,2.065,2.079,2.031,2.067,0.024,1.1747,3583318.12,737375.435
539,510050.SH,20160121,2.091,2.075,2.117,2.04,2.043,-0.048,-2.2956,3438259.98,715622.054
540,510050.SH,20160120,2.13,2.117,2.125,2.072,2.091,-0.039,-1.831,3494118.75,734513.531
541,510050.SH,20160119,2.07,2.07,2.142,2.061,2.13,0.06,2.8986,5158725.48,1087729.552
542,510050.SH,20160118,2.07,2.04,2.096,2.037,2.07,0.0,0.0,3894069.01,807679.185
543,510050.SH,20160115,2.131,2.12,2.131,2.06,2.07,-0.061,-2.8625,5071113.75,1062633.608
544,510050.SH,20160114,2.112,2.075,2.139,2.06,2.131,0.019,0.8996,6241159.75,1311296.332
545,510050.SH,20160113,2.131,2.153,2.165,2.11,2.112,-0.019,-0.8916,5630807.56,1206024.179
546,510050.SH,20160112,2.125,2.14,2.155,2.117,2.131,0.006,0.2824,4518035.41,966065.884
547,510050.SH,20160111,2.219,2.18,2.204,2.123,2.125,-0.094,-4.2361,6332308.58,1370198.234
548,510050.SH,20160108,2.177,2.236,2.259,2.156,2.219,0.042,1.9293,5766769.37,1279000.234
549,510050.SH,20160107,2.317,2.286,2.286,2.165,2.177,-0.14,-6.0423,891669.22,199851.686
550,510050.SH,20160106,2.286,2.29,2.32,2.275,2.317,0.031,1.3561,4009534.04,921398.473
551,510050.SH,20160105,2.278,2.26,2.311,2.23,2.286,0.008,0.3512,6456995.81,1473642.292
552,510050.SH,20160104,2.416,2.411,2.413,2.271,2.278,-0.138,-5.7119,2985469.54,703760.451
553,510050.SH,20151231,2.424,2.418,2.434,2.405,2.416,-0.008,-0.33,3458720.7,837061.955
554,510050.SH,20151230,2.432,2.433,2.434,2.395,2.424,-0.008,-0.3289,2753570.9,664689.596
555,510050.SH,20151229,2.412,2.411,2.434,2.406,2.432,0.02,0.8292,2969462.84,718736.233
556,510050.SH,20151228,2.486,2.487,2.495,2.408,2.412,-0.074,-2.9767,2740406.18,670217.662
557,510050.SH,20151225,2.478,2.48,2.493,2.47,2.486,0.008,0.3228,1735857.89,430786.858
558,510050.SH,20151224,2.499,2.496,2.499,2.45,2.478,-0.021,-0.8403,3871870.62,958156.827
559,510050.SH,20151223,2.49,2.49,2.545,2.485,2.499,0.009,0.3614,7109971.79,1784668.988
560,510050.SH,20151222,2.499,2.496,2.503,2.472,2.49,-0.009,-0.3601,3163661.94,786752.424
561,510050.SH,20151221,2.422,2.407,2.511,2.405,2.499,0.077,3.1792,6689579.13,1655026.337
562,510050.SH,20151218,2.401,2.396,2.458,2.393,2.422,0.021,0.8746,4619023.35,1121429.051
563,510050.SH,20151217,2.372,2.384,2.425,2.383,2.401,0.029,1.2226,3806959.94,914671.555
564,510050.SH,20151216,2.382,2.386,2.394,2.366,2.372,-0.01,-0.4198,2422531.09,577047.111
565,510050.SH,20151215,2.415,2.403,2.409,2.369,2.382,-0.033,-1.3665,3147911.24,751845.576
566,510050.SH,20151214,2.344,2.323,2.42,2.319,2.415,0.071,3.029,3719823.84,879489.76
567,510050.SH,20151211,2.355,2.342,2.358,2.321,2.344,-0.011,-0.4671,2490440.91,582669.154
568,510050.SH,20151210,2.369,2.372,2.405,2.347,2.355,-0.014,-0.591,3142619.47,746648.488
569,510050.SH,20151209,2.366,2.361,2.386,2.353,2.369,0.003,0.1268,3177739.96,753118.599
570,510050.SH,20151208,2.39,2.375,2.39,2.351,2.366,-0.024,-1.0042,3401550.76,805506.36
571,510050.SH,20151207,2.398,2.397,2.411,2.376,2.39,-0.008,-0.3336,2874676.02,687342.228
572,510050.SH,20151204,2.46,2.434,2.443,2.387,2.398,-0.062,-2.5203,3904298.28,940898.56
573,510050.SH,20151203,2.462,2.452,2.476,2.421,2.46,-0.002,-0.0812,4932606.53,1209805.299
574,510050.SH,20151202,2.339,2.335,2.468,2.332,2.462,0.123,5.2587,6575116.92,1583352.202
575,510050.SH,20151201,2.329,2.33,2.367,2.309,2.339,0.01,0.4294,2875615.54,670301.217
576,510050.SH,20151130,2.318,2.326,2.345,2.285,2.329,0.011,0.4745,3545086.66,822706.899
577,510050.SH,20151127,2.447,2.435,2.439,2.296,2.318,-0.129,-5.2718,4906738.83,1157861.026
578,510050.SH,20151126,2.454,2.47,2.478,2.443,2.447,-0.007,-0.2852,2908015.5,715689.385
579,510050.SH,20151125,2.444,2.435,2.459,2.423,2.454,0.01,0.4092,3903089.21,951282.005
580,510050.SH,20151124,2.45,2.445,2.445,2.417,2.444,-0.006,-0.2449,2498985.6,608210.335
581,510050.SH,20151123,2.459,2.458,2.481,2.42,2.45,-0.009,-0.366,2273019.16,559200.132
582,510050.SH,20151120,2.471,2.469,2.48,2.453,2.459,-0.012,-0.4856,2392857.11,590227.591
583,510050.SH,20151119,2.438,2.441,2.475,2.434,2.471,0.033,1.3536,2482182.36,608490.337
584,510050.SH,20151118,2.45,2.451,2.47,2.431,2.438,-0.012,-0.4898,2628234.87,643874.7
585,510050.SH,20151117,2.449,2.46,2.512,2.445,2.45,0.001,0.0408,3474785.2,861444.801
586,510050.SH,20151116,2.444,2.404,2.454,2.403,2.449,0.005,0.2046,2121028.56,515322.562
587,510050.SH,20151113,2.47,2.45,2.477,2.438,2.444,-0.026,-1.0526,2817521.16,691879.904
588,510050.SH,20151112,2.504,2.51,2.516,2.461,2.47,-0.034,-1.3578,2718884.7,674769.752
589,510050.SH,20151111,2.521,2.517,2.521,2.468,2.504,-0.017,-0.6743,3550867.14,886821.328
590,510050.SH,20151110,2.532,2.511,2.554,2.5,2.521,-0.011,-0.4344,4001710.16,1009264.592
591,510050.SH,20151109,2.499,2.5,2.589,2.497,2.532,0.033,1.3205,7129335.75,1819460.027
592,510050.SH,20151106,2.445,2.441,2.506,2.422,2.499,0.054,2.2086,5376889.23,1324751.224
593,510050.SH,20151105,2.386,2.375,2.515,2.369,2.445,0.059,2.4728,7980961.27,1951571.336
594,510050.SH,20151104,2.272,2.277,2.389,2.277,2.386,0.114,5.0176,6242068.62,1463263.415
595,510050.SH,20151103,2.283,2.288,2.297,2.264,2.272,-0.011,-0.4818,2240547.69,511025.876
596,510050.SH,20151102,2.31,2.291,2.314,2.281,2.283,-0.027,-1.1688,2335515.16,536826.691
597,510050.SH,20151030,2.311,2.305,2.336,2.298,2.31,-0.001,-0.0433,2298145.72,532311.463
598,510050.SH,20151029,2.308,2.312,2.324,2.295,2.311,0.003,0.13,2210768.33,511170.113
599,510050.SH,20151028,2.348,2.338,2.341,2.305,2.308,-0.04,-1.7036,3351762.91,780107.821
600,510050.SH,20151027,2.35,2.338,2.36,2.303,2.348,-0.002,-0.0851,3688488.08,859820.179
601,510050.SH,20151026,2.35,2.38,2.385,2.331,2.35,0.0,0.0,3189778.52,754117.425
602,510050.SH,20151023,2.333,2.337,2.355,2.32,2.35,0.017,0.7287,2816927.75,658982.906
603,510050.SH,20151022,2.32,2.325,2.338,2.3,2.333,0.013,0.5603,3204967.97,742318.487
604,510050.SH,20151021,2.341,2.337,2.368,2.271,2.32,-0.021,-0.8971,4480909.21,1041480.354
605,510050.SH,20151020,2.32,2.313,2.343,2.3,2.341,0.021,0.9052,2314235.04,535534.033
606,510050.SH,20151019,2.322,2.323,2.345,2.298,2.32,-0.002,-0.0861,2869684.03,667011.334
607,510050.SH,20151016,2.304,2.31,2.333,2.306,2.322,0.018,0.7813,3448540.39,800244.714
608,510050.SH,20151015,2.258,2.261,2.307,2.254,2.304,0.046,2.0372,3044261.99,695447.711
609,510050.SH,20151014,2.279,2.263,2.288,2.256,2.258,-0.021,-0.9215,1882636.59,428085.365
610,510050.SH,20151013,2.288,2.267,2.285,2.266,2.279,-0.009,-0.3934,2575451.8,586539.259
611,510050.SH,20151012,2.221,2.235,2.317,2.226,2.288,0.067,3.0167,2915809.73,663816.276
612,510050.SH,20151009,2.196,2.205,2.228,2.198,2.221,0.025,1.1384,1791459.05,396920.595
613,510050.SH,20151008,2.147,2.241,2.243,2.193,2.196,0.049,2.2823,1831017.77,405573.565
614,510050.SH,20150930,2.127,2.139,2.169,2.138,2.147,0.02,0.9403,1117961.25,240538.238
615,510050.SH,20150929,2.174,2.152,2.154,2.119,2.127,-0.047,-2.1619,1238566.95,264303.016
616,510050.SH,20150928,2.171,2.168,2.18,2.147,2.174,0.003,0.1382,1577215.79,341669.082
617,510050.SH,20150925,2.187,2.184,2.187,2.145,2.171,-0.016,-0.7316,2731276.98,592014.778
618,510050.SH,20150924,2.18,2.192,2.199,2.172,2.187,0.007,0.3211,1769072.9,386856.297
619,510050.SH,20150923,2.237,2.194,2.22,2.177,2.18,-0.057,-2.5481,2901948.92,637225.617
620,510050.SH,20150922,2.212,2.21,2.259,2.21,2.237,0.025,1.1302,4157248.37,931661.115
621,510050.SH,20150921,2.198,2.19,2.221,2.178,2.212,0.014,0.6369,3054092.3,672295.116
622,510050.SH,20150918,2.198,2.21,2.225,2.191,2.198,0.0,0.0,4984416.89,1101089.968
623,510050.SH,20150917,2.242,2.222,2.259,2.196,2.198,-0.044,-1.9625,7234522.78,1616968.147
624,510050.SH,20150916,2.167,2.169,2.285,2.143,2.242,0.075,3.461,6239540.83,1366897.993
625,510050.SH,20150915,2.223,2.18,2.189,2.146,2.167,-0.056,-2.5191,7421049.18,1609690.844
626,510050.SH,20150914,2.193,2.21,2.225,2.122,2.223,0.03,1.368,8682753.93,1892711.429
627,510050.SH,20150911,2.206,2.205,2.22,2.184,2.193,-0.013,-0.5893,4208978.76,927380.693
628,510050.SH,20150910,2.209,2.182,2.219,2.178,2.206,-0.003,-0.1358,6383745.0,1404976.318
629,510050.SH,20150909,2.177,2.197,2.228,2.178,2.209,0.032,1.4699,7774865.72,1715405.315
630,510050.SH,20150908,2.14,2.12,2.188,2.085,2.177,0.037,1.729,8826626.92,1884800.328
631,510050.SH,20150907,2.236,2.216,2.255,2.133,2.14,-0.096,-4.2934,7018018.43,1542217.022
632,510050.SH,20150902,2.228,2.145,2.247,2.142,2.236,0.008,0.3591,17751740.81,3908512.705
633,510050.SH,20150901,2.209,2.152,2.244,2.103,2.228,0.019,0.8601,17867861.23,3895544.893
634,510050.SH,20150831,2.168,2.137,2.213,2.076,2.209,0.041,1.8911,12536076.08,2662268.535
635,510050.SH,20150828,2.11,2.14,2.174,2.097,2.168,0.058,2.7488,17883659.28,3812939.796
636,510050.SH,20150827,1.946,1.998,2.12,1.962,2.11,0.164,8.4275,17054224.63,3426767.783
637,510050.SH,20150826,1.886,1.939,2.034,1.879,1.946,0.06,3.1813,24642772.99,4829054.008
638,510050.SH,20150825,2.047,1.942,2.05,1.869,1.886,-0.161,-7.8652,19637012.98,3904806.007
639,510050.SH,20150824,2.274,2.216,2.216,2.047,2.047,-0.227,-9.9824,10185733.48,2138469.981
640,510050.SH,20150821,2.361,2.333,2.362,2.267,2.274,-0.087,-3.6849,10205282.0,2370702.076
641,510050.SH,20150820,2.427,2.401,2.42,2.36,2.361,-0.066,-2.7194,7011993.53,1677434.307
642,510050.SH,20150819,2.41,2.397,2.44,2.328,2.427,0.017,0.7054,14513427.21,3462093.041
643,510050.SH,20150818,2.548,2.55,2.571,2.39,2.41,-0.138,-5.416,8578147.23,2156176.947
644,510050.SH,20150817,2.575,2.56,2.561,2.524,2.548,-0.027,-1.0485,4837135.02,1229187.948
645,510050.SH,20150814,2.576,2.585,2.591,2.564,2.575,-0.001,-0.0388,5615007.64,1448097.65
646,510050.SH,20150813,2.564,2.561,2.585,2.523,2.576,0.012,0.468,6611362.67,1689235.995
647,510050.SH,20150812,2.59,2.568,2.6,2.556,2.564,-0.026,-1.0039,5478430.84,1411700.162
648,510050.SH,20150811,2.616,2.618,2.619,2.577,2.59,-0.026,-0.9939,4580237.43,1191425.31
649,510050.SH,20150810,2.504,2.522,2.63,2.515,2.616,0.112,4.4728,7033249.32,1803581.786
650,510050.SH,20150807,2.471,2.492,2.522,2.48,2.504,0.033,1.3355,7024853.53,1758489.474
651,510050.SH,20150806,2.491,2.466,2.508,2.451,2.471,-0.02,-0.8029,6547838.56,1625257.446
652,510050.SH,20150805,2.54,2.529,2.535,2.489,2.491,-0.049,-1.9291,6474482.27,1627673.793
653,510050.SH,20150804,2.478,2.488,2.542,2.467,2.54,0.062,2.502,6892335.13,1723714.49
654,510050.SH,20150803,2.462,2.44,2.479,2.42,2.478,0.016,0.6499,7280003.83,1781101.512
655,510050.SH,20150731,2.469,2.46,2.496,2.436,2.462,-0.007,-0.2835,9267302.2,2281135.142
656,510050.SH,20150730,2.534,2.524,2.548,2.46,2.469,-0.065,-2.5651,9086653.32,2294806.428
657,510050.SH,20150729,2.484,2.5,2.54,2.462,2.534,0.05,2.0129,10930436.57,2719347.677
658,510050.SH,20150728,2.494,2.444,2.531,2.406,2.484,-0.01,-0.401,26121821.12,6459579.513
659,510050.SH,20150727,2.745,2.721,2.722,2.49,2.494,-0.251,-9.1439,13794270.33,3624819.088
660,510050.SH,20150724,2.794,2.791,2.805,2.734,2.745,-0.049,-1.7538,10920952.6,3037606.409
661,510050.SH,20150723,2.737,2.737,2.796,2.737,2.794,0.057,2.0826,13379611.49,3711181.745
662,510050.SH,20150722,2.768,2.755,2.77,2.72,2.737,-0.031,-1.1199,8541650.37,2344990.008
663,510050.SH,20150721,2.777,2.731,2.8,2.731,2.768,-0.009,-0.3241,10213248.58,2832321.27
664,510050.SH,20150720,2.803,2.794,2.812,2.758,2.777,-0.026,-0.9276,13690408.08,3810863.975
665,510050.SH,20150717,2.74,2.756,2.835,2.722,2.803,0.063,2.2993,17912399.71,4969883.28
666,510050.SH,20150716,2.749,2.75,2.778,2.7,2.74,-0.009,-0.3274,23305909.73,6387342.832
667,510050.SH,20150715,2.762,2.731,2.777,2.665,2.749,-0.013,-0.4707,29629602.92,8041892.905
668,510050.SH,20150714,2.862,2.805,2.839,2.716,2.762,-0.1,-3.4941,22167415.08,6165300.114
669,510050.SH,20150713,2.905,2.84,2.949,2.795,2.862,-0.043,-1.4802,29219060.77,8381586.711
670,510050.SH,20150710,2.792,2.736,3.01,2.71,2.905,0.113,4.0473,41525733.56,12076073.512
671,510050.SH,20150709,2.604,2.529,2.856,2.477,2.792,0.188,7.2197,38934413.16,10445628.439
672,510050.SH,20150708,2.79,2.6,2.757,2.511,2.604,-0.186,-6.6667,70549862.15,18480241.929
673,510050.SH,20150707,2.742,2.682,2.82,2.607,2.79,0.048,1.7505,66501031.82,18190024.244
674,510050.SH,20150706,2.579,2.837,2.837,2.635,2.742,0.163,6.3203,91468314.3,24908825.959
675,510050.SH,20150703,2.684,2.657,2.728,2.5,2.579,-0.105,-3.9121,44648720.9,11699912.528
676,510050.SH,20150702,2.728,2.79,2.793,2.58,2.684,-0.044,-1.6129,58652951.81,15877853.385
677,510050.SH,20150701,2.851,2.81,2.85,2.689,2.728,-0.123,-4.3143,44334031.39,12356215.669
678,510050.SH,20150630,2.66,2.66,2.855,2.601,2.851,0.191,7.1805,68023663.62,18574139.197
679,510050.SH,20150629,2.686,2.772,2.799,2.481,2.66,-0.026,-0.968,77379370.85,20741587.35
680,510050.SH,20150626,2.919,2.86,2.931,2.635,2.686,-0.233,-7.9822,40919972.09,11540757.257
681,510050.SH,20150625,3.018,3.048,3.06,2.906,2.919,-0.099,-3.2803,22398613.06,6728059.139
682,510050.SH,20150624,2.976,2.99,3.03,2.92,3.018,0.042,1.4113,22696737.51,6764107.013
683,510050.SH,20150623,2.874,2.893,2.989,2.8,2.976,0.102,3.5491,25737114.25,7495834.453
684,510050.SH,20150619,3.042,3.025,3.04,2.865,2.874,-0.168,-5.5227,21222148.21,6334686.701
685,510050.SH,20150618,3.175,3.157,3.157,3.03,3.042,-0.133,-4.189,15537653.58,4819730.19
686,510050.SH,20150617,3.148,3.16,3.19,3.114,3.175,0.027,0.8577,24495889.93,7713551.688
687,510050.SH,20150616,3.216,3.199,3.239,3.111,3.148,-0.068,-2.1144,25005972.76,7958841.457
688,510050.SH,20150615,3.313,3.334,3.349,3.21,3.216,-0.097,-2.9279,28420111.1,9284478.509
689,510050.SH,20150612,3.3,3.323,3.338,3.27,3.313,0.013,0.3939,17253161.56,5707139.113
690,510050.SH,20150611,3.32,3.334,3.345,3.27,3.3,-0.02,-0.6024,22170885.9,7319816.202
691,510050.SH,20150610,3.361,3.316,3.375,3.291,3.32,-0.041,-1.2199,17449128.99,5814783.469
692,510050.SH,20150609,3.427,3.459,3.465,3.326,3.361,-0.066,-1.9259,33119585.34,11222739.787
693,510050.SH,20150608,3.254,3.28,3.448,3.256,3.427,0.173,5.3165,32458810.53,10965104.7
694,510050.SH,20150605,3.259,3.34,3.35,3.188,3.254,-0.005,-0.1534,18668723.59,6086798.978
695,510050.SH,20150604,3.191,3.191,3.277,3.05,3.259,0.068,2.131,21038487.37,6723987.852
696,510050.SH,20150603,3.209,3.205,3.213,3.147,3.191,-0.018,-0.5609,10001942.14,3184008.975
697,510050.SH,20150602,3.198,3.194,3.219,3.149,3.209,0.011,0.344,12345328.15,3932798.734
698,510050.SH,20150601,3.066,3.066,3.21,3.031,3.198,0.132,4.3053,14196628.39,4452008.177
699,510050.SH,20150529,3.079,3.081,3.114,2.996,3.066,-0.013,-0.4222,18680007.02,5724873.763
700,510050.SH,20150528,3.285,3.285,3.3,3.05,3.079,-0.206,-6.2709,22654285.65,7262607.738
701,510050.SH,20150527,3.32,3.334,3.351,3.266,3.285,-0.035,-1.0542,19038462.8,6288459.386
702,510050.SH,20150526,3.303,3.328,3.347,3.261,3.32,0.017,0.5147,18773643.93,6206152.525
703,510050.SH,20150525,3.199,3.237,3.306,3.216,3.303,0.104,3.251,23304790.75,7608363.188
704,510050.SH,20150522,3.104,3.139,3.201,3.118,3.199,0.095,3.0606,23736404.43,7531592.525
705,510050.SH,20150521,3.066,3.089,3.114,3.065,3.104,0.038,1.2394,10626025.26,3283826.586
706,510050.SH,20150520,3.066,3.084,3.127,3.051,3.066,0.0,0.0,24367021.31,7524532.272
707,510050.SH,20150519,2.946,2.946,3.073,2.94,3.066,0.12,4.0733,17438830.58,5289664.281
708,510050.SH,20150518,3.006,2.98,2.999,2.945,2.946,-0.06,-1.996,13291300.43,3952731.399
709,510050.SH,20150515,3.073,3.073,3.073,2.995,3.006,-0.067,-2.1803,18375722.36,5569371.103
710,510050.SH,20150514,3.084,3.077,3.099,3.055,3.073,-0.011,-0.3567,13294763.09,4091686.404
711,510050.SH,20150513,3.129,3.129,3.135,3.067,3.084,-0.045,-1.4382,12618065.45,3912635.585
712,510050.SH,20150512,3.11,3.103,3.143,3.079,3.129,0.019,0.6109,14619613.55,4551027.374
713,510050.SH,20150511,3.055,3.055,3.116,3.02,3.11,0.055,1.8003,13744906.08,4214210.585
714,510050.SH,20150508,3.045,3.071,3.078,2.991,3.055,0.01,0.3284,14426576.65,4388655.305
715,510050.SH,20150507,3.083,3.08,3.09,3.04,3.045,-0.038,-1.2326,15346729.32,4706121.24
716,510050.SH,20150506,3.096,3.11,3.188,3.053,3.083,-0.013,-0.4199,17619166.25,5508694.937
717,510050.SH,20150505,3.211,3.209,3.211,3.083,3.096,-0.115,-3.5814,15107108.24,4757789.593
718,510050.SH,20150504,3.198,3.2,3.217,3.15,3.211,0.013,0.4065,11673041.06,3722000.663
719,510050.SH,20150430,3.22,3.235,3.249,3.196,3.198,-0.022,-0.6832,9605573.5,3095434.331
720,510050.SH,20150429,3.228,3.22,3.246,3.187,3.22,-0.008,-0.2478,15862078.5,5104603.638
721,510050.SH,20150428,3.255,3.25,3.307,3.199,3.228,-0.027,-0.8295,23581236.62,7649837.396
722,510050.SH,20150427,3.171,3.203,3.26,3.195,3.255,0.084,2.649,18274853.11,5900277.912
723,510050.SH,20150424,3.212,3.172,3.192,3.103,3.171,-0.041,-1.2765,19187186.66,6048339.597
724,510050.SH,20150423,3.241,3.25,3.256,3.185,3.212,-0.029,-0.8948,18920252.27,6102634.285
725,510050.SH,20150422,3.141,3.171,3.248,3.147,3.241,0.1,3.1837,36471407.08,11666600.696
726,510050.SH,20150421,3.103,3.11,3.15,3.079,3.141,0.038,1.2246,15347536.6,4781424.993
727,510050.SH,20150420,3.185,3.203,3.232,3.09,3.103,-0.082,-2.5746,31337397.81,9929961.175
728,510050.SH,20150417,3.145,3.24,3.246,3.157,3.185,0.04,1.2719,30992134.3,9916762.209
729,510050.SH,20150416,3.011,3.023,3.147,2.982,3.145,0.134,4.4503,34711171.74,10678394.344
730,510050.SH,20150415,2.999,2.999,3.078,2.987,3.011,0.012,0.4001,15032584.36,4551657.902
731,510050.SH,20150414,2.991,2.991,3.024,2.966,2.999,0.008,0.2675,13417888.11,4013977.289
732,510050.SH,20150413,2.936,2.99,3.009,2.965,2.991,0.055,1.8733,11757054.04,3508368.872
733,510050.SH,20150410,2.877,2.878,2.948,2.867,2.936,0.059,2.0507,10013618.24,2907097.463
734,510050.SH,20150409,2.898,2.911,2.978,2.867,2.877,-0.021,-0.7246,16182811.7,4707144.145
735,510050.SH,20150408,2.842,2.855,2.911,2.83,2.898,0.056,1.9704,17220497.95,4946304.637
736,510050.SH,20150407,2.773,2.799,2.847,2.788,2.842,0.069,2.4883,10304750.2,2897496.074
737,510050.SH,20150403,2.739,2.726,2.776,2.724,2.773,0.034,1.2413,9358703.6,2574088.444
738,510050.SH,20150402,2.753,2.78,2.784,2.704,2.739,-0.014,-0.5085,7676121.02,2104261.405
739,510050.SH,20150401,2.707,2.713,2.767,2.71,2.753,0.046,1.6993,9343896.33,2557621.768
740,510050.SH,20150331,2.74,2.783,2.815,2.7,2.707,-0.033,-1.2044,11518648.01,3181426.124
741,510050.SH,20150330,2.649,2.674,2.752,2.661,2.74,0.091,3.4353,12115191.48,3280914.085
742,510050.SH,20150327,2.643,2.65,2.673,2.621,2.649,0.006,0.227,6965789.15,1843611.288
743,510050.SH,20150326,2.604,2.59,2.673,2.577,2.643,0.039,1.4977,10830227.77,2851644.197
744,510050.SH,20150325,2.638,2.63,2.649,2.582,2.604,-0.034,-1.2889,9765797.44,2553955.587
745,510050.SH,20150324,2.676,2.676,2.678,2.608,2.638,-0.038,-1.42,11945935.14,3160538.969
746,510050.SH,20150323,2.635,2.656,2.683,2.647,2.676,0.041,1.556,10152759.76,2705820.545
747,510050.SH,20150320,2.587,2.599,2.668,2.576,2.635,0.048,1.8554,11945986.45,3128225.586
748,510050.SH,20150319,2.611,2.604,2.61,2.575,2.587,-0.024,-0.9192,12699599.53,3289417.258
749,510050.SH,20150318,2.543,2.55,2.614,2.55,2.611,0.068,2.674,11406668.57,2938701.588
750,510050.SH,20150317,2.51,2.537,2.549,2.519,2.543,0.033,1.3147,10004521.62,2534648.607
751,510050.SH,20150316,2.455,2.472,2.513,2.451,2.51,0.055,2.2403,11598021.4,2884278.427
752,510050.SH,20150313,2.448,2.458,2.495,2.44,2.455,0.007,0.2859,12204913.31,3013068.274
753,510050.SH,20150312,2.374,2.404,2.472,2.388,2.448,0.074,3.1171,15312058.38,3717288.862
754,510050.SH,20150311,2.359,2.363,2.41,2.362,2.374,0.015,0.6359,10765567.63,2568748.644
755,510050.SH,20150310,2.397,2.381,2.389,2.355,2.359,-0.038,-1.5853,11403392.99,2701126.647
756,510050.SH,20150309,2.339,2.3,2.41,2.289,2.397,0.058,2.4797,16164937.25,3779924.698
757,510050.SH,20150306,2.334,2.335,2.361,2.333,2.339,0.005,0.2142,12732966.02,2988489.866
758,510050.SH,20150305,2.362,2.345,2.351,2.312,2.334,-0.028,-1.1854,11686131.98,2726749.719
759,510050.SH,20150304,2.364,2.368,2.381,2.342,2.362,-0.002,-0.0846,10776613.13,2546663.816
760,510050.SH,20150303,2.441,2.427,2.427,2.36,2.364,-0.077,-3.1544,10905397.95,2608596.595
761,510050.SH,20150302,2.438,2.456,2.46,2.424,2.441,0.003,0.1231,11234642.67,2743186.294
762,510050.SH,20150227,2.45,2.447,2.465,2.428,2.438,-0.012,-0.4898,8649075.71,2118466.989
763,510050.SH,20150226,2.37,2.368,2.452,2.348,2.45,0.08,3.3755,12779198.45,3073475.083
764,510050.SH,20150225,2.411,2.411,2.411,2.359,2.37,-0.041,-1.7005,6214187.19,1482105.89
765,510050.SH,20150217,2.394,2.401,2.429,2.401,2.411,0.017,0.7101,7073138.3,1708546.536
766,510050.SH,20150216,2.39,2.39,2.403,2.379,2.394,0.004,0.1674,6561740.77,1568280.912
767,510050.SH,20150213,2.384,2.39,2.429,2.382,2.39,0.006,0.2517,10730073.99,2579400.224
768,510050.SH,20150212,2.38,2.379,2.391,2.351,2.384,0.004,0.1681,7281668.21,1727233.98
769,510050.SH,20150211,2.369,2.371,2.388,2.359,2.38,0.011,0.4643,9498342.25,2254381.258
770,510050.SH,20150210,2.331,2.331,2.374,2.321,2.369,0.038,1.6302,14049515.11,3307644.647
771,510050.SH,20150209,2.291,2.291,2.359,2.28,2.331,0.04,1.746,16392674.97,3805047.015
772,510050.SH,20150206,2.316,2.311,2.333,2.27,2.291,-0.025,-1.0794,14633780.03,3379291.184
773,510050.SH,20150205,2.334,2.42,2.426,2.313,2.316,-0.018,-0.7712,15494609.73,3685168.664
