time,0,1,2,3,4,5,6,7,8,9,10,11,12,13,14,15,y_test_model1,y_test_model2,y_test_model3,y_test_model4,y_test_model6,y_test_model7,y_test_model9,y_test_model11,y_real
150515,-0.146865431,-2.143446169,0.893673676,-0.749800199,1.665631603,-0.017046936,2.531549563,0.081050371,1.529708312,-1.222328544,1.262848082,0.226472087,1.550444728,-0.704486043,0.503544378,1.323835589,1,0,0,0,0,0,0,1,0
150522,1.665631603,-0.017046936,2.531549563,0.081050371,1.529708312,-1.222328544,1.262848082,0.226472087,1.550444728,-0.704486043,0.503544378,1.323835589,2.752918009,-0.692923695,2.630908051,-0.413797978,0,0,1,0,0,0,0,0,0
150529,1.529708312,-1.222328544,1.262848082,0.226472087,1.550444728,-0.704486043,0.503544378,1.323835589,2.752918009,-0.692923695,2.630908051,-0.413797978,5.296653818,1.264626977,4.283759291,0.57304482,0,0,1,0,0,0,0,0,0
150605,1.550444728,-0.704486043,0.503544378,1.323835589,2.752918009,-0.692923695,2.630908051,-0.413797978,5.296653818,1.264626977,4.283759291,0.57304482,7.723581221,1.542102179,2.726681625,3.542571118,0,0,1,0,0,0,0,0,0
150612,2.752918009,-0.692923695,2.630908051,-0.413797978,5.296653818,1.264626977,4.283759291,0.57304482,7.723581221,1.542102179,2.726681625,3.542571118,8.384384762,-1.055210152,4.701581235,0.428691283,1,0,1,0,0,0,0,0,0
150619,5.296653818,1.264626977,4.283759291,0.57304482,7.723581221,1.542102179,2.726681625,3.542571118,8.384384762,-1.055210152,4.701581235,0.428691283,7.630482482,-0.883726593,3.630717424,1.301053984,1,1,1,0,1,1,1,1,1
150626,7.723581221,1.542102179,2.726681625,3.542571118,8.384384762,-1.055210152,4.701581235,0.428691283,7.630482482,-0.883726593,3.630717424,1.301053984,6.890607297,-2.171032373,-0.457255992,3.590401544,1,1,1,1,1,1,1,1,1
150703,8.384384762,-1.055210152,4.701581235,0.428691283,7.630482482,-0.883726593,3.630717424,1.301053984,6.890607297,-2.171032373,-0.457255992,3.590401544,7.095154082,-6.369686232,0.260204115,-0.157958457,1,1,1,1,1,1,1,1,1
150710,7.630482482,-0.883726593,3.630717424,1.301053984,6.890607297,-2.171032373,-0.457255992,3.590401544,7.095154082,-6.369686232,0.260204115,-0.157958457,10.00835984,-2.200509824,-0.022012136,4.841325479,1,0,1,0,1,0,0,1,0
150717,6.890607297,-2.171032373,-0.457255992,3.590401544,7.095154082,-6.369686232,0.260204115,-0.157958457,10.00835984,-2.200509824,-0.022012136,4.841325479,1.279536035,-0.892033005,0.349550394,1.314982367,0,0,1,0,0,0,0,0,0
150724,7.095154082,-6.369686232,0.260204115,-0.157958457,10.00835984,-2.200509824,-0.022012136,4.841325479,1.279536035,-0.892033005,0.349550394,1.314982367,0.919285562,-0.073491587,2.960708057,-0.62584453,0,0,1,0,1,0,0,0,0
150731,10.00835984,-2.200509824,-0.022012136,4.841325479,1.279536035,-0.892033005,0.349550394,1.314982367,0.919285562,-0.073491587,2.960708057,-0.62584453,3.379031733,-3.8436127,2.987055082,-2.194466837,0,0,1,0,0,0,0,0,0
150807,1.279536035,-0.892033005,0.349550394,1.314982367,0.919285562,-0.073491587,2.960708057,-0.62584453,3.379031733,-3.8436127,2.987055082,-2.194466837,3.224248606,-4.47985686,0.252570248,-0.200824112,1,0,1,0,0,0,0,1,0
150814,0.919285562,-0.073491587,2.960708057,-0.62584453,3.379031733,-3.8436127,2.987055082,-2.194466837,3.224248606,-4.47985686,0.252570248,-0.200824112,1.546016837,-0.655299523,2.694503322,-0.514075235,0,0,1,0,0,0,0,0,0
150821,3.379031733,-3.8436127,2.987055082,-2.194466837,3.224248606,-4.47985686,0.252570248,-0.200824112,1.546016837,-0.655299523,2.694503322,-0.514075235,1.459082886,-1.181068861,2.937269343,-1.121467434,0,0,0,0,0,0,0,0,0
150828,3.224248606,-4.47985686,0.252570248,-0.200824112,1.546016837,-0.655299523,2.694503322,-0.514075235,1.459082886,-1.181068861,2.937269343,-1.121467434,2.254528497,-5.771096441,-0.89602315,-0.703493897,0,0,1,0,0,0,0,0,0
150902,1.546016837,-0.655299523,2.694503322,-0.514075235,1.459082886,-1.181068861,2.937269343,-1.121467434,2.254528497,-5.771096441,-0.89602315,-0.703493897,2.274220756,-5.667493648,-0.320570705,-1.284320903,1,0,1,0,1,0,0,1,0
150911,1.459082886,-1.181068861,2.937269343,-1.121467434,2.254528497,-5.771096441,-0.89602315,-0.703493897,2.274220756,-5.667493648,-0.320570705,-1.284320903,0.961693084,-8.635539632,-0.482544196,-3.982616069,0,0,1,0,0,0,0,1,0
150918,2.254528497,-5.771096441,-0.89602315,-0.703493897,2.274220756,-5.667493648,-0.320570705,-1.284320903,0.961693084,-8.635539632,-0.482544196,-3.982616069,-1.689994782,2.084173467,4.250367894,-1.50809309,0,0,0,0,0,0,0,0,0
150925,2.274220756,-5.667493648,-0.320570705,-1.284320903,0.961693084,-8.635539632,-0.482544196,-3.982616069,-1.689994782,2.084173467,4.250367894,-1.50809309,-1.018430988,-3.10341547,-1.012001855,-0.097783831,0,0,0,0,0,0,0,0,0
150930,0.961693084,-8.635539632,-0.482544196,-3.982616069,-1.689994782,2.084173467,4.250367894,-1.50809309,-1.018430988,-3.10341547,-1.012001855,-0.097783831,-1.065077457,-2.871302051,0.982424989,-1.854591184,0,0,0,0,0,0,0,0,0
151009,-1.689994782,2.084173467,4.250367894,-1.50809309,-1.018430988,-3.10341547,-1.012001855,-0.097783831,-1.065077457,-2.871302051,0.982424989,-1.854591184,-1.306444488,-1.490995574,1.179175528,-1.125316033,0,0,0,0,0,0,0,0,0
151016,-1.018430988,-3.10341547,-1.012001855,-0.097783831,-1.065077457,-2.871302051,0.982424989,-1.854591184,-1.306444488,-1.490995574,1.179175528,-1.125316033,-1.581917311,0.610049492,1.989053723,-0.455152266,0,0,0,0,0,0,0,0,0
151023,-1.065077457,-2.871302051,0.982424989,-1.854591184,-1.306444488,-1.490995574,1.179175528,-1.125316033,-1.581917311,0.610049492,1.989053723,-0.455152266,-1.586049282,0.612976364,2.33079202,-0.44140363,0,0,0,0,0,0,0,0,0
151030,-1.306444488,-1.490995574,1.179175528,-1.125316033,-1.581917311,0.610049492,1.989053723,-0.455152266,-1.586049282,0.612976364,2.33079202,-0.44140363,-1.088328099,-2.168989919,0.598026769,-1.025458657,0,0,0,0,0,0,0,0,0
151106,-1.581917311,0.610049492,1.989053723,-0.455152266,-1.586049282,0.612976364,2.33079202,-0.44140363,-1.088328099,-2.168989919,0.598026769,-1.025458657,-1.015392049,-2.816270936,0.699720208,-1.625997767,1,0,0,0,0,0,0,1,0
151113,-1.586049282,0.612976364,2.33079202,-0.44140363,-1.088328099,-2.168989919,0.598026769,-1.025458657,-1.015392049,-2.816270936,0.699720208,-1.625997767,-1.305170653,-0.320167123,2.008615151,-1.118470069,0,0,0,0,0,0,0,0,0
151120,-1.088328099,-2.168989919,0.598026769,-1.025458657,-1.015392049,-2.816270936,0.699720208,-1.625997767,-1.305170653,-0.320167123,2.008615151,-1.118470069,-1.299594107,-0.500242773,0.977030225,-0.242543239,0,0,0,0,0,0,0,0,0
151127,-1.015392049,-2.816270936,0.699720208,-1.625997767,-1.305170653,-0.320167123,2.008615151,-1.118470069,-1.299594107,-0.500242773,0.977030225,-0.242543239,-1.050880545,-3.224627525,1.001077098,-2.267890484,0,0,0,0,0,0,0,0,0
151204,-1.305170653,-0.320167123,2.008615151,-1.118470069,-1.299594107,-0.500242773,0.977030225,-0.242543239,-1.050880545,-3.224627525,1.001077098,-2.267890484,-0.943917753,-3.103204838,-0.04276042,-1.217110807,0,0,0,0,0,0,0,1,0
151211,-1.299594107,-0.500242773,0.977030225,-0.242543239,-1.050880545,-3.224627525,1.001077098,-2.267890484,-0.943917753,-3.103204838,-0.04276042,-1.217110807,-1.145391124,-1.205746007,1.301493102,-1.186281501,0,0,0,0,0,0,0,0,0
151218,-1.050880545,-3.224627525,1.001077098,-2.267890484,-0.943917753,-3.103204838,-0.04276042,-1.217110807,-1.145391124,-1.205746007,1.301493102,-1.186281501,-1.19017149,-0.631507767,0.165821993,0.322274524,0,0,0,0,0,0,0,0,0
151225,-0.943917753,-3.103204838,-0.04276042,-1.217110807,-1.145391124,-1.205746007,1.301493102,-1.186281501,-1.19017149,-0.631507767,0.165821993,0.322274524,-1.260494668,-1.312026938,1.480555984,-1.325418924,0,0,0,0,0,0,0,0,0
151231,-1.145391124,-1.205746007,1.301493102,-1.186281501,-1.19017149,-0.631507767,0.165821993,0.322274524,-1.260494668,-1.312026938,1.480555984,-1.325418924,-1.199352866,-1.422971321,1.04837069,-1.048677963,0,0,0,0,0,0,0,0,0
160108,-1.19017149,-0.631507767,0.165821993,0.322274524,-1.260494668,-1.312026938,1.480555984,-1.325418924,-1.199352866,-1.422971321,1.04837069,-1.048677963,-1.054802767,-2.72367129,0.254161015,-1.257852391,0,0,0,0,0,0,0,0,0
160115,-1.260494668,-1.312026938,1.480555984,-1.325418924,-1.199352866,-1.422971321,1.04837069,-1.048677963,-1.054802767,-2.72367129,0.254161015,-1.257852391,-0.862400863,-3.372576376,-2.107070852,0.53818844,1,1,0,0,0,1,1,1,1
160122,-1.199352866,-1.422971321,1.04837069,-1.048677963,-1.054802767,-2.72367129,0.254161015,-1.257852391,-0.862400863,-3.372576376,-2.107070852,0.53818844,-1.212178671,-0.797812927,-1.35863355,2.112254195,1,0,0,0,0,0,0,1,0
160129,-1.054802767,-2.72367129,0.254161015,-1.257852391,-0.862400863,-3.372576376,-2.107070852,0.53818844,-1.212178671,-0.797812927,-1.35863355,2.112254195,-0.975089491,-2.086147952,0.117746542,-0.701934354,0,0,0,0,0,0,0,0,0
160205,-0.862400863,-3.372576376,-2.107070852,0.53818844,-1.212178671,-0.797812927,-1.35863355,2.112254195,-0.975089491,-2.086147952,0.117746542,-0.701934354,-0.902968954,-2.242560811,-1.038669517,0.256841873,1,0,0,0,0,0,0,1,0
160219,-1.212178671,-0.797812927,-1.35863355,2.112254195,-0.975089491,-2.086147952,0.117746542,-0.701934354,-0.902968954,-2.242560811,-1.038669517,0.256841873,-1.302833297,0.282705086,1.206783603,-0.029543204,0,0,0,0,0,0,0,0,0
160226,-0.975089491,-2.086147952,0.117746542,-0.701934354,-0.902968954,-2.242560811,-1.038669517,0.256841873,-1.302833297,0.282705086,1.206783603,-0.029543204,-1.133888567,-1.441259996,1.062455717,-1.303712398,0,0,0,0,0,0,0,0,0
160304,-0.902968954,-2.242560811,-1.038669517,0.256841873,-1.302833297,0.282705086,1.206783603,-0.029543204,-1.133888567,-1.441259996,1.062455717,-1.303712398,-0.814151773,-2.792713326,-0.5397455,-0.710144682,1,0,0,0,0,0,0,1,0
160311,-1.302833297,0.282705086,1.206783603,-0.029543204,-1.133888567,-1.441259996,1.062455717,-1.303712398,-0.814151773,-2.792713326,-0.5397455,-0.710144682,-0.944258828,-1.400336882,0.566146515,-0.701721224,0,0,0,0,0,0,0,0,0
160318,-1.133888567,-1.441259996,1.062455717,-1.303712398,-0.814151773,-2.792713326,-0.5397455,-0.710144682,-0.944258828,-1.400336882,0.566146515,-0.701721224,-1.012408721,-0.891500566,0.207933138,0.019341585,0,0,0,0,0,0,0,0,0
160325,-0.814151773,-2.792713326,-0.5397455,-0.710144682,-0.944258828,-1.400336882,0.566146515,-0.701721224,-1.012408721,-0.891500566,0.207933138,0.019341585,-1.169800303,-0.211152123,1.854335081,-1.203536634,0,0,0,0,0,0,0,0,0
160401,-0.944258828,-1.400336882,0.566146515,-0.701721224,-1.012408721,-0.891500566,0.207933138,0.019341585,-1.169800303,-0.211152123,1.854335081,-1.203536634,-1.010927494,-1.069704654,0.887625636,-0.907300404,0,0,0,0,0,0,0,0,0
160408,-1.012408721,-0.891500566,0.207933138,0.019341585,-1.169800303,-0.211152123,1.854335081,-1.203536634,-1.010927494,-1.069704654,0.887625636,-0.907300404,-1.039087934,-0.404125655,0.83789814,-0.314891031,0,0,0,0,0,0,0,0,0
160415,-1.169800303,-0.211152123,1.854335081,-1.203536634,-1.010927494,-1.069704654,0.887625636,-0.907300404,-1.039087934,-0.404125655,0.83789814,-0.314891031,-1.172235653,-0.078587548,0.682818538,0.065280703,0,0,0,0,0,0,0,0,0
160422,-1.010927494,-1.069704654,0.887625636,-0.907300404,-1.039087934,-0.404125655,0.83789814,-0.314891031,-1.172235653,-0.078587548,0.682818538,0.065280703,-1.067663233,-1.060450229,1.022326828,-0.931756233,0,0,0,0,0,0,0,0,0
160429,-1.039087934,-0.404125655,0.83789814,-0.314891031,-1.172235653,-0.078587548,0.682818538,0.065280703,-1.067663233,-1.060450229,1.022326828,-0.931756233,-0.837492232,-2.051144768,-0.568972143,-0.202291074,1,0,0,0,0,0,0,1,0
160506,-1.172235653,-0.078587548,0.682818538,0.065280703,-1.067663233,-1.060450229,1.022326828,-0.931756233,-0.837492232,-2.051144768,-0.568972143,-0.202291074,-0.997931222,-1.045024782,0.513474176,-0.558963888,0,0,0,0,0,0,0,0,0
160513,-1.067663233,-1.060450229,1.022326828,-0.931756233,-0.837492232,-2.051144768,-0.568972143,-0.202291074,-0.997931222,-1.045024782,0.513474176,-0.558963888,-1.100085488,-0.452516145,0.332250542,0.002224515,0,0,0,0,0,0,0,0,0
160520,-0.837492232,-2.051144768,-0.568972143,-0.202291074,-0.997931222,-1.045024782,0.513474176,-0.558963888,-1.100085488,-0.452516145,0.332250542,0.002224515,-0.979637302,-1.056943571,-0.643178286,0.691234552,0,0,0,0,0,0,0,0,0
160527,-0.997931222,-1.045024782,0.513474176,-0.558963888,-1.100085488,-0.452516145,0.332250542,0.002224515,-0.979637302,-1.056943571,-0.643178286,0.691234552,-0.955039008,-1.548842725,0.157010874,-0.678774886,0,0,0,0,0,0,0,0,0
160603,-1.100085488,-0.452516145,0.332250542,0.002224515,-0.979637302,-1.056943571,-0.643178286,0.691234552,-0.955039008,-1.548842725,0.157010874,-0.678774886,-0.993384699,-0.598096953,0.557191982,-0.422408721,0,0,0,0,0,0,0,0,0
160608,-0.979637302,-1.056943571,-0.643178286,0.691234552,-0.955039008,-1.548842725,0.157010874,-0.678774886,-0.993384699,-0.598096953,0.557191982,-0.422408721,-1.172400272,0.811961005,1.432829339,-0.164814832,0,0,0,0,0,0,0,0,0
160617,-0.955039008,-1.548842725,0.157010874,-0.678774886,-0.993384699,-0.598096953,0.557191982,-0.422408721,-1.172400272,0.811961005,1.432829339,-0.164814832,-1.224861131,-0.126038299,0.132457747,0.435572906,0,0,0,0,0,0,0,0,0
160624,-0.993384699,-0.598096953,0.557191982,-0.422408721,-1.172400272,0.811961005,1.432829339,-0.164814832,-1.224861131,-0.126038299,0.132457747,0.435572906,-0.939686347,-1.699102507,-0.141416561,-0.307865882,1,0,0,0,0,0,0,1,0
160701,-1.172400272,0.811961005,1.432829339,-0.164814832,-1.224861131,-0.126038299,0.132457747,0.435572906,-0.939686347,-1.699102507,-0.141416561,-0.307865882,-0.954208009,-0.94023203,0.296154157,-0.282931667,0,0,0,0,0,0,0,1,0
160708,-1.224861131,-0.126038299,0.132457747,0.435572906,-0.939686347,-1.699102507,-0.141416561,-0.307865882,-0.954208009,-0.94023203,0.296154157,-0.282931667,-1.124686177,0.076069404,1.039630057,-0.302301356,0,0,0,0,0,0,0,0,0
160715,-0.939686347,-1.699102507,-0.141416561,-0.307865882,-0.954208009,-0.94023203,0.296154157,-0.282931667,-1.124686177,0.076069404,1.039630057,-0.302301356,-1.175105883,0.312286185,0.907453882,0.089385716,0,0,0,0,0,0,0,0,0
160722,-0.954208009,-0.94023203,0.296154157,-0.282931667,-1.124686177,0.076069404,1.039630057,-0.302301356,-1.175105883,0.312286185,0.907453882,0.089385716,-1.375476516,0.254366906,0.877431172,0.742924646,0,0,0,0,0,0,0,0,0
160729,-1.124686177,0.076069404,1.039630057,-0.302301356,-1.175105883,0.312286185,0.907453882,0.089385716,-1.375476516,0.254366906,0.877431172,0.742924646,-0.976805684,-1.293243125,-0.127741219,-0.075695033,1,0,0,0,0,0,0,1,0
160805,-1.175105883,0.312286185,0.907453882,0.089385716,-1.375476516,0.254366906,0.877431172,0.742924646,-0.976805684,-1.293243125,-0.127741219,-0.075695033,-0.970410597,-1.162447426,-0.219090746,0.101923889,1,0,0,0,0,0,0,1,0
160812,-1.375476516,0.254366906,0.877431172,0.742924646,-0.976805684,-1.293243125,-0.127741219,-0.075695033,-0.970410597,-1.162447426,-0.219090746,0.101923889,-1.140134204,-0.288818625,0.347646779,0.158243286,0,0,0,0,0,0,0,0,0
160819,-0.976805684,-1.293243125,-0.127741219,-0.075695033,-0.970410597,-1.162447426,-0.219090746,0.101923889,-1.140134204,-0.288818625,0.347646779,0.158243286,-1.182553975,0.016158694,0.590124242,0.230960396,0,0,0,0,0,0,0,0,0
160826,-0.970410597,-1.162447426,-0.219090746,0.101923889,-1.140134204,-0.288818625,0.347646779,0.158243286,-1.182553975,0.016158694,0.590124242,0.230960396,-1.130353536,-0.574410985,0.732835011,-0.497205575,0,0,0,0,0,0,0,0,0
160902,-1.140134204,-0.288818625,0.347646779,0.158243286,-1.182553975,0.016158694,0.590124242,0.230960396,-1.130353536,-0.574410985,0.732835011,-0.497205575,-0.995423058,-1.261325975,0.003265499,-0.314496696,0,0,0,0,0,0,0,0,0
160909,-1.182553975,0.016158694,0.590124242,0.230960396,-1.130353536,-0.574410985,0.732835011,-0.497205575,-0.995423058,-1.261325975,0.003265499,-0.314496696,-1.074169736,-0.649191021,0.183188683,-0.06179992,0,0,0,0,0,0,0,0,0
160914,-1.130353536,-0.574410985,0.732835011,-0.497205575,-0.995423058,-1.261325975,0.003265499,-0.314496696,-1.074169736,-0.649191021,0.183188683,-0.06179992,-1.226384212,0.250988006,0.727153321,0.257678573,0,0,0,0,0,0,0,0,0
160923,-0.995423058,-1.261325975,0.003265499,-0.314496696,-1.074169736,-0.649191021,0.183188683,-0.06179992,-1.226384212,0.250988006,0.727153321,0.257678573,-1.326538091,-0.508582449,-0.296325521,1.062992771,0,0,0,0,0,0,0,0,0
160930,-1.074169736,-0.649191021,0.183188683,-0.06179992,-1.226384212,0.250988006,0.727153321,0.257678573,-1.326538091,-0.508582449,-0.296325521,1.062992771,-1.185160606,-0.477800305,0.328511455,0.051972031,0,0,0,0,0,0,0,0,0
161014,-1.226384212,0.250988006,0.727153321,0.257678573,-1.326538091,-0.508582449,-0.296325521,1.062992771,-1.185160606,-0.477800305,0.328511455,0.051972031,-1.227409455,0.061507295,0.188560101,0.600036552,0,0,0,0,0,0,0,0,0
161021,-1.326538091,-0.508582449,-0.296325521,1.062992771,-1.185160606,-0.477800305,0.328511455,0.051972031,-1.227409455,0.061507295,0.188560101,0.600036552,-1.318214818,0.391663915,0.6131802,0.505096745,0,0,0,0,0,0,0,0,0
161028,-1.185160606,-0.477800305,0.328511455,0.051972031,-1.227409455,0.061507295,0.188560101,0.600036552,-1.318214818,0.391663915,0.6131802,0.505096745,-1.165869328,-0.720478281,0.130851386,0.122961194,0,0,0,0,0,0,0,0,0
161104,-1.227409455,0.061507295,0.188560101,0.600036552,-1.318214818,0.391663915,0.6131802,0.505096745,-1.165869328,-0.720478281,0.130851386,0.122961194,-1.216832824,-0.246492442,0.267676716,0.292082349,1,0,0,0,0,0,0,1,0
161111,-1.318214818,0.391663915,0.6131802,0.505096745,-1.165869328,-0.720478281,0.130851386,0.122961194,-1.216832824,-0.246492442,0.267676716,0.292082349,-1.222486229,-0.290739203,0.222788355,0.358006977,0,0,0,0,0,0,0,0,0
161118,-1.165869328,-0.720478281,0.130851386,0.122961194,-1.216832824,-0.246492442,0.267676716,0.292082349,-1.222486229,-0.290739203,0.222788355,0.358006977,-1.301586639,0.17602638,0.65288231,0.402376524,0,0,0,0,0,0,0,0,0
161125,-1.216832824,-0.246492442,0.267676716,0.292082349,-1.222486229,-0.290739203,0.222788355,0.358006977,-1.301586639,0.17602638,0.65288231,0.402376524,-1.153159931,-0.804720028,0.104471164,-0.106435893,0,0,0,0,0,0,0,0,0
161202,-1.222486229,-0.290739203,0.222788355,0.358006977,-1.301586639,0.17602638,0.65288231,0.402376524,-1.153159931,-0.804720028,0.104471164,-0.106435893,-1.160798153,-0.495067069,0.405627693,-0.2004,0,0,0,0,0,0,0,0,0
161209,-1.301586639,0.17602638,0.65288231,0.402376524,-1.153159931,-0.804720028,0.104471164,-0.106435893,-1.160798153,-0.495067069,0.405627693,-0.2004,-1.119158463,-0.924367153,-0.123446041,0.091788057,0,0,0,0,0,0,0,0,0
161216,-1.153159931,-0.804720028,0.104471164,-0.106435893,-1.160798153,-0.495067069,0.405627693,-0.2004,-1.119158463,-0.924367153,-0.123446041,0.091788057,-1.249447037,-0.448760757,0.254514888,0.253934402,0,0,0,0,0,0,1,0,1
161223,-1.160798153,-0.495067069,0.405627693,-0.2004,-1.119158463,-0.924367153,-0.123446041,0.091788057,-1.249447037,-0.448760757,0.254514888,0.253934402,-1.086232797,-1.497428815,-0.432843459,0.114402185,1,1,0,0,0,0,1,0,1
161230,-1.119158463,-0.924367153,-0.123446041,0.091788057,-1.249447037,-0.448760757,0.254514888,0.253934402,-1.086232797,-1.497428815,-0.432843459,0.114402185,-1.235192041,-0.507003023,0.292914565,0.06386499,0,0,0,0,0,0,0,0,0
170106,-1.249447037,-0.448760757,0.254514888,0.253934402,-1.086232797,-1.497428815,-0.432843459,0.114402185,-1.235192041,-0.507003023,0.292914565,0.06386499,-1.263762002,-0.327324248,0.259406161,0.218823895,0,0,0,0,0,0,0,0,0
170113,-1.086232797,-1.497428815,-0.432843459,0.114402185,-1.235192041,-0.507003023,0.292914565,0.06386499,-1.263762002,-0.327324248,0.259406161,0.218823895,-1.35105661,0.08641618,0.559486934,0.24805167,0,0,0,0,0,0,0,0,0
170120,-1.235192041,-0.507003023,0.292914565,0.06386499,-1.263762002,-0.327324248,0.259406161,0.218823895,-1.35105661,0.08641618,0.559486934,0.24805167,-1.239760065,-0.424527251,-0.334589433,0.823030064,0,0,0,0,0,0,0,0,0
170126,-1.263762002,-0.327324248,0.259406161,0.218823895,-1.35105661,0.08641618,0.559486934,0.24805167,-1.239760065,-0.424527251,-0.334589433,0.823030064,-1.198544266,-0.529047701,-0.147319328,0.567167879,1,0,0,0,0,0,0,1,0
170203,-1.35105661,0.08641618,0.559486934,0.24805167,-1.239760065,-0.424527251,-0.334589433,0.823030064,-1.198544266,-0.529047701,-0.147319328,0.567167879,-1.362166912,0.001530943,0.5161151,0.279975478,0,0,0,0,0,0,0,0,0
170210,-1.239760065,-0.424527251,-0.334589433,0.823030064,-1.198544266,-0.529047701,-0.147319328,0.567167879,-1.362166912,0.001530943,0.5161151,0.279975478,-1.392843361,-0.31917124,0.136532932,0.365367665,0,0,0,0,0,0,0,0,0
170217,-1.198544266,-0.529047701,-0.147319328,0.567167879,-1.362166912,0.001530943,0.5161151,0.279975478,-1.392843361,-0.31917124,0.136532932,0.365367665,-1.349360407,-0.03270887,0.712255958,0.22657536,0,0,0,0,0,0,0,0,0
170224,-1.362166912,0.001530943,0.5161151,0.279975478,-1.392843361,-0.31917124,0.136532932,0.365367665,-1.349360407,-0.03270887,0.712255958,0.22657536,-1.171871882,-0.877071649,0.030029554,-0.030000255,0,0,0,0,0,0,0,0,0
170303,-1.392843361,-0.31917124,0.136532932,0.365367665,-1.349360407,-0.03270887,0.712255958,0.22657536,-1.171871882,-0.877071649,0.030029554,-0.030000255,-1.200471334,0.026523495,0.833984598,-0.203691921,0,0,0,0,0,0,0,0,0
170310,-1.349360407,-0.03270887,0.712255958,0.22657536,-1.171871882,-0.877071649,0.030029554,-0.030000255,-1.200471334,0.026523495,0.833984598,-0.203691921,-1.118202858,-0.402160248,0.1690323,0.155759363,0,0,0,0,0,0,0,0,0
170317,-1.171871882,-0.877071649,0.030029554,-0.030000255,-1.200471334,0.026523495,0.833984598,-0.203691921,-1.118202858,-0.402160248,0.1690323,0.155759363,-1.202152313,-0.221674208,0.228093721,0.390547896,0,0,0,0,0,0,0,0,0
170324,-1.200471334,0.026523495,0.833984598,-0.203691921,-1.118202858,-0.402160248,0.1690323,0.155759363,-1.202152313,-0.221674208,0.228093721,0.390547896,-1.129133399,-0.506781309,0.244205367,0.038418541,0,0,0,0,0,0,0,0,0
170331,-1.118202858,-0.402160248,0.1690323,0.155759363,-1.202152313,-0.221674208,0.228093721,0.390547896,-1.129133399,-0.506781309,0.244205367,0.038418541,-1.171512683,0.18231788,0.395545102,0.368874184,0,0,0,0,0,0,0,0,0
170407,-1.202152313,-0.221674208,0.228093721,0.390547896,-1.129133399,-0.506781309,0.244205367,0.038418541,-1.171512683,0.18231788,0.395545102,0.368874184,-1.106052971,-0.361422113,-0.277800391,0.689606087,0,0,0,0,0,0,0,0,0
170414,-1.129133399,-0.506781309,0.244205367,0.038418541,-1.171512683,0.18231788,0.395545102,0.368874184,-1.106052971,-0.361422113,-0.277800391,0.689606087,-1.338048798,0.32465289,0.708396619,0.228652398,0,0,0,0,0,0,0,0,0
170421,-1.171512683,0.18231788,0.395545102,0.368874184,-1.106052971,-0.361422113,-0.277800391,0.689606087,-1.338048798,0.32465289,0.708396619,0.228652398,-1.186628323,-0.079952115,0.025979814,0.703920079,0,0,0,0,0,0,0,0,0
170428,-1.106052971,-0.361422113,-0.277800391,0.689606087,-1.338048798,0.32465289,0.708396619,0.228652398,-1.186628323,-0.079952115,0.025979814,0.703920079,-1.077089226,-0.838145872,-0.576330468,0.745945537,1,0,0,0,0,0,0,1,0
170505,-1.338048798,0.32465289,0.708396619,0.228652398,-1.186628323,-0.079952115,0.025979814,0.703920079,-1.077089226,-0.838145872,-0.576330468,0.745945537,-1.133108814,-0.378548522,-0.066618961,0.582795778,1,1,0,0,0,0,1,1,1
170512,-1.186628323,-0.079952115,0.025979814,0.703920079,-1.077089226,-0.838145872,-0.576330468,0.745945537,-1.133108814,-0.378548522,-0.066618961,0.582795778,-1.192064103,-0.447543862,-0.185989064,0.606754354,1,0,0,0,0,0,0,1,0
170519,-1.077089226,-0.838145872,-0.576330468,0.745945537,-1.133108814,-0.378548522,-0.066618961,0.582795778,-1.192064103,-0.447543862,-0.185989064,0.606754354,-1.039709475,-0.853181774,-0.569322993,0.838521335,1,0,0,0,0,0,0,1,0
170526,-1.133108814,-0.378548522,-0.066618961,0.582795778,-1.192064103,-0.447543862,-0.185989064,0.606754354,-1.039709475,-0.853181774,-0.569322993,0.838521335,-1.149724647,-0.14676263,0.492034611,-0.044061104,0,0,0,0,0,0,0,0,0
170602,-1.192064103,-0.447543862,-0.185989064,0.606754354,-1.039709475,-0.853181774,-0.569322993,0.838521335,-1.149724647,-0.14676263,0.492034611,-0.044061104,-0.96825882,-0.274684276,-0.245564847,0.603852788,0,0,0,0,0,0,0,0,0
170609,-1.039709475,-0.853181774,-0.569322993,0.838521335,-1.149724647,-0.14676263,0.492034611,-0.044061104,-0.96825882,-0.274684276,-0.245564847,0.603852788,-1.138827469,-0.146893736,-0.157943951,0.539846847,0,0,0,0,0,0,0,0,0
170616,-1.149724647,-0.14676263,0.492034611,-0.044061104,-0.96825882,-0.274684276,-0.245564847,0.603852788,-1.138827469,-0.146893736,-0.157943951,0.539846847,-1.172734877,0.581113919,0.840649638,0.343606259,0,0,0,0,0,0,0,0,0
170623,-0.96825882,-0.274684276,-0.245564847,0.603852788,-1.138827469,-0.146893736,-0.157943951,0.539846847,-1.172734877,0.581113919,0.840649638,0.343606259,-1.104040182,-0.371197446,0.221574368,0.221777655,0,0,0,0,0,0,0,0,0
170630,-1.138827469,-0.146893736,-0.157943951,0.539846847,-1.172734877,0.581113919,0.840649638,0.343606259,-1.104040182,-0.371197446,0.221574368,0.221777655,-1.053361973,-0.395052069,0.189011959,0.20931456,1,0,0,0,0,0,0,1,0
170707,-1.172734877,0.581113919,0.840649638,0.343606259,-1.104040182,-0.371197446,0.221574368,0.221777655,-1.053361973,-0.395052069,0.189011959,0.20931456,-1.174280236,0.147491658,0.749365614,0.101042557,0,0,0,0,0,0,0,0,0
170714,-1.104040182,-0.371197446,0.221574368,0.221777655,-1.053361973,-0.395052069,0.189011959,0.20931456,-1.174280236,0.147491658,0.749365614,0.101042557,-1.183489041,-0.085739171,0.468269523,0.224651193,0,0,0,0,0,0,0,0,0
170721,-1.053361973,-0.395052069,0.189011959,0.20931456,-1.174280236,0.147491658,0.749365614,0.101042557,-1.183489041,-0.085739171,0.468269523,0.224651193,-1.108088845,-0.451219515,-0.066523575,0.588466178,0,0,0,0,0,0,0,0,0
170728,-1.174280236,0.147491658,0.749365614,0.101042557,-1.183489041,-0.085739171,0.468269523,0.224651193,-1.108088845,-0.451219515,-0.066523575,0.588466178,-1.114021254,-0.79815695,0.198706929,0.112418274,0,0,0,0,0,0,0,1,0
170804,-1.183489041,-0.085739171,0.468269523,0.224651193,-1.108088845,-0.451219515,-0.066523575,0.588466178,-1.114021254,-0.79815695,0.198706929,0.112418274,-1.187758739,0.154239328,0.666358531,0.265268721,0,0,0,0,0,0,0,0,0
170811,-1.108088845,-0.451219515,-0.066523575,0.588466178,-1.114021254,-0.79815695,0.198706929,0.112418274,-1.187758739,0.154239328,0.666358531,0.265268721,-1.154002778,-0.256523116,0.230100812,0.386720108,0,1,0,0,0,0,0,0,1
170818,-1.114021254,-0.79815695,0.198706929,0.112418274,-1.187758739,0.154239328,0.666358531,0.265268721,-1.154002778,-0.256523116,0.230100812,0.386720108,-1.145230326,-0.298631084,-0.054973072,0.67691665,0,0,0,0,0,0,0,0,0
170825,-1.187758739,0.154239328,0.666358531,0.265268721,-1.154002778,-0.256523116,0.230100812,0.386720108,-1.145230326,-0.298631084,-0.054973072,0.67691665,-1.15758614,-0.081653044,0.610708568,-0.073006483,0,0,0,0,0,0,0,0,0
170901,-1.154002778,-0.256523116,0.230100812,0.386720108,-1.145230326,-0.298631084,-0.054973072,0.67691665,-1.15758614,-0.081653044,0.610708568,-0.073006483,-1.128579959,0.080218128,0.202170395,0.411508374,0,0,0,0,0,0,0,0,0
170908,-1.145230326,-0.298631084,-0.054973072,0.67691665,-1.15758614,-0.081653044,0.610708568,-0.073006483,-1.128579959,0.080218128,0.202170395,0.411508374,-1.218963727,0.600692179,0.653890842,0.393435631,0,0,0,0,0,0,0,0,0
170915,-1.15758614,-0.081653044,0.610708568,-0.073006483,-1.128579959,0.080218128,0.202170395,0.411508374,-1.218963727,0.600692179,0.653890842,0.393435631,-1.184465992,-0.000763261,0.24158553,0.471885473,0,0,0,0,0,0,0,0,0
170922,-1.128579959,0.080218128,0.202170395,0.411508374,-1.218963727,0.600692179,0.653890842,0.393435631,-1.184465992,-0.000763261,0.24158553,0.471885473,-1.375615106,0.15307495,0.604329036,0.921469026,0,0,0,0,0,0,0,0,0
170929,-1.218963727,0.600692179,0.653890842,0.393435631,-1.184465992,-0.000763261,0.24158553,0.471885473,-1.375615106,0.15307495,0.604329036,0.921469026,-1.094898804,-0.449395731,-0.093665539,0.497642387,1,0,0,0,0,0,0,1,0
171013,-1.184465992,-0.000763261,0.24158553,0.471885473,-1.375615106,0.15307495,0.604329036,0.921469026,-1.094898804,-0.449395731,-0.093665539,0.497642387,-1.219340117,0.182477965,0.293527159,0.587976133,0,0,0,0,0,0,0,0,0
171020,-1.375615106,0.15307495,0.604329036,0.921469026,-1.094898804,-0.449395731,-0.093665539,0.497642387,-1.219340117,0.182477965,0.293527159,0.587976133,-1.278733171,0.498064028,0.53692282,0.645871195,0,0,0,0,0,0,0,0,0
171027,-1.094898804,-0.449395731,-0.093665539,0.497642387,-1.219340117,0.182477965,0.293527159,0.587976133,-1.278733171,0.498064028,0.53692282,0.645871195,-1.285815276,-0.651227795,-0.075019092,0.997493175,1,0,0,0,0,0,0,1,0
171103,-1.219340117,0.182477965,0.293527159,0.587976133,-1.278733171,0.498064028,0.53692282,0.645871195,-1.285815276,-0.651227795,-0.075019092,0.997493175,-1.189097586,-0.065205715,0.362432784,0.418513751,1,0,0,0,0,0,0,1,0
171110,-1.278733171,0.498064028,0.53692282,0.645871195,-1.285815276,-0.651227795,-0.075019092,0.997493175,-1.189097586,-0.065205715,0.362432784,0.418513751,-1.060821563,-0.972548057,-0.387970886,0.491283162,1,0,0,0,0,0,0,1,0
171117,-1.285815276,-0.651227795,-0.075019092,0.997493175,-1.189097586,-0.065205715,0.362432784,0.418513751,-1.060821563,-0.972548057,-0.387970886,0.491283162,-1.311869895,0.460274627,1.045768594,0.209831204,0,0,0,0,0,0,0,0,0
171124,-1.189097586,-0.065205715,0.362432784,0.418513751,-1.060821563,-0.972548057,-0.387970886,0.491283162,-1.311869895,0.460274627,1.045768594,0.209831204,-1.047698235,-0.838278884,-0.765597379,0.732978751,1,0,0,0,0,0,0,1,0
171201,-1.060821563,-0.972548057,-0.387970886,0.491283162,-1.311869895,0.460274627,1.045768594,0.209831204,-1.047698235,-0.838278884,-0.765597379,0.732978751,-1.030322556,-0.590672356,-0.218286865,0.405735868,1,1,0,0,0,0,1,1,1
171208,-1.311869895,0.460274627,1.045768594,0.209831204,-1.047698235,-0.838278884,-0.765597379,0.732978751,-1.030322556,-0.590672356,-0.218286865,0.405735868,-1.118823783,-0.148037282,0.216548833,0.319692128,0,1,0,0,0,0,1,0,1
171215,-1.047698235,-0.838278884,-0.765597379,0.732978751,-1.030322556,-0.590672356,-0.218286865,0.405735868,-1.118823783,-0.148037282,0.216548833,0.319692128,-1.092827257,-0.396372155,-0.152163527,0.621933566,0,0,0,0,0,0,0,0,0
171222,-1.030322556,-0.590672356,-0.218286865,0.405735868,-1.118823783,-0.148037282,0.216548833,0.319692128,-1.092827257,-0.396372155,-0.152163527,0.621933566,-1.389916558,0.001417216,0.517797806,0.880194192,0,0,0,0,0,0,0,0,0
171229,-1.118823783,-0.148037282,0.216548833,0.319692128,-1.092827257,-0.396372155,-0.152163527,0.621933566,-1.389916558,0.001417216,0.517797806,0.880194192,-1.204790069,0.121222475,0.132046447,0.703790244,0,0,0,0,0,0,0,0,0
180105,-1.092827257,-0.396372155,-0.152163527,0.621933566,-1.389916558,0.001417216,0.517797806,0.880194192,-1.204790069,0.121222475,0.132046447,0.703790244,-1.255664546,0.4613972,0.176839651,0.907187042,0,0,0,0,0,0,0,0,0
180112,-1.389916558,0.001417216,0.517797806,0.880194192,-1.204790069,0.121222475,0.132046447,0.703790244,-1.255664546,0.4613972,0.176839651,0.907187042,-1.328415928,0.265008157,0.594034594,0.372746765,0,0,0,0,0,0,0,0,0
180119,-1.204790069,0.121222475,0.132046447,0.703790244,-1.255664546,0.4613972,0.176839651,0.907187042,-1.328415928,0.265008157,0.594034594,0.372746765,-1.27146044,0.060915072,0.124473141,0.786383833,1,0,0,0,0,0,0,1,0
180126,-1.255664546,0.4613972,0.176839651,0.907187042,-1.328415928,0.265008157,0.594034594,0.372746765,-1.27146044,0.060915072,0.124473141,0.786383833,-1.354137197,-0.276709206,-0.03746445,1.205674535,1,0,0,0,0,0,0,1,0
180202,-1.328415928,0.265008157,0.594034594,0.372746765,-1.27146044,0.060915072,0.124473141,0.786383833,-1.354137197,-0.276709206,-0.03746445,1.205674535,-1.290653765,0.446512266,0.475885226,0.701999242,1,0,0,0,0,0,0,1,0
180209,-1.27146044,0.060915072,0.124473141,0.786383833,-1.354137197,-0.276709206,-0.03746445,1.205674535,-1.290653765,0.446512266,0.475885226,0.701999242,-1.069017861,-1.017928042,-1.079499918,1.186677196,1,1,0,0,0,0,0,1,1
180214,-1.354137197,-0.276709206,-0.03746445,1.205674535,-1.290653765,0.446512266,0.475885226,0.701999242,-1.069017861,-1.017928042,-1.079499918,1.186677196,-1.011912222,-1.557292872,-1.273828725,1.097935924,1,0,0,0,0,0,0,1,0
180223,-1.290653765,0.446512266,0.475885226,0.701999242,-1.069017861,-1.017928042,-1.079499918,1.186677196,-1.011912222,-1.557292872,-1.273828725,1.097935924,-1.526468485,0.317564405,1.162446124,0.315176057,0,0,0,0,0,0,0,0,0
180302,-1.069017861,-1.017928042,-1.079499918,1.186677196,-1.011912222,-1.557292872,-1.273828725,1.097935924,-1.526468485,0.317564405,1.162446124,0.315176057,-1.317999598,-0.169674355,0.530891357,-0.075438243,0,0,0,0,0,0,0,0,0
180309,-1.011912222,-1.557292872,-1.273828725,1.097935924,-1.526468485,0.317564405,1.162446124,0.315176057,-1.317999598,-0.169674355,0.530891357,-0.075438243,-1.242413874,0.454964804,0.843231184,0.1702612,0,0,0,0,0,0,0,0,0
180316,-1.526468485,0.317564405,1.162446124,0.315176057,-1.317999598,-0.169674355,0.530891357,-0.075438243,-1.242413874,0.454964804,0.843231184,0.1702612,-1.262666367,0.428363954,0.712735275,0.396159529,0,0,0,0,0,0,0,0,0
180323,-1.317999598,-0.169674355,0.530891357,-0.075438243,-1.242413874,0.454964804,0.843231184,0.1702612,-1.262666367,0.428363954,0.712735275,0.396159529,-1.375747969,0.096647603,0.208002135,1.244838754,0,0,0,0,0,0,0,0,0
180330,-1.242413874,0.454964804,0.843231184,0.1702612,-1.262666367,0.428363954,0.712735275,0.396159529,-1.375747969,0.096647603,0.208002135,1.244838754,-0.900682995,-2.148534427,-1.219926031,0.433811224,1,0,0,0,0,0,0,1,0
180404,-1.262666367,0.428363954,0.712735275,0.396159529,-1.375747969,0.096647603,0.208002135,1.244838754,-0.900682995,-2.148534427,-1.219926031,0.433811224,-1.305761633,1.025549405,1.602240645,-0.065425042,0,0,0,0,0,0,0,0,0
180413,-1.375747969,0.096647603,0.208002135,1.244838754,-0.900682995,-2.148534427,-1.219926031,0.433811224,-1.305761633,1.025549405,1.602240645,-0.065425042,-1.211526964,-0.493271236,-0.165270587,0.478289261,0,0,0,0,0,0,0,0,0
180420,-0.900682995,-2.148534427,-1.219926031,0.433811224,-1.305761633,1.025549405,1.602240645,-0.065425042,-1.211526964,-0.493271236,-0.165270587,0.478289261,-1.204368217,0.004611399,0.275606472,0.544392087,0,0,0,0,0,0,0,0,0
180427,-1.305761633,1.025549405,1.602240645,-0.065425042,-1.211526964,-0.493271236,-0.165270587,0.478289261,-1.204368217,0.004611399,0.275606472,0.544392087,-1.332130598,-0.091058551,-0.039989288,1.355891963,1,0,0,0,0,0,0,1,0
180504,-1.211526964,-0.493271236,-0.165270587,0.478289261,-1.204368217,0.004611399,0.275606472,0.544392087,-1.332130598,-0.091058551,-0.039989288,1.355891963,-1.166836166,-0.122763456,-0.059715766,0.735071014,1,0,0,0,0,0,0,1,0
180511,-1.204368217,0.004611399,0.275606472,0.544392087,-1.332130598,-0.091058551,-0.039989288,1.355891963,-1.166836166,-0.122763456,-0.059715766,0.735071014,-1.293061799,-0.052141487,0.286902138,0.395190148,1,0,0,0,0,0,0,1,0
180518,-1.332130598,-0.091058551,-0.039989288,1.355891963,-1.166836166,-0.122763456,-0.059715766,0.735071014,-1.293061799,-0.052141487,0.286902138,0.395190148,-1.302685645,0.363241153,0.495991789,0.577553147,0,0,0,0,0,0,0,0,0
180525,-1.166836166,-0.122763456,-0.059715766,0.735071014,-1.293061799,-0.052141487,0.286902138,0.395190148,-1.302685645,0.363241153,0.495991789,0.577553147,-1.130747442,-0.024520233,-0.022580518,0.44223834,0,0,0,0,0,0,0,0,0
180601,-1.293061799,-0.052141487,0.286902138,0.395190148,-1.302685645,0.363241153,0.495991789,0.577553147,-1.130747442,-0.024520233,-0.022580518,0.44223834,-1.090313126,-0.399198796,-0.179970066,0.362287497,1,0,0,0,0,0,0,1,0
180608,-1.302685645,0.363241153,0.495991789,0.577553147,-1.130747442,-0.024520233,-0.022580518,0.44223834,-1.090313126,-0.399198796,-0.179970066,0.362287497,-1.030353043,-0.564475944,-0.714860662,0.783165827,1,0,0,0,0,0,0,1,0
180615,-1.130747442,-0.024520233,-0.022580518,0.44223834,-1.090313126,-0.399198796,-0.179970066,0.362287497,-1.030353043,-0.564475944,-0.714860662,0.783165827,-1.188194656,0.074572327,0.152583,0.55662586,0,0,0,0,0,0,0,0,0
180622,-1.090313126,-0.399198796,-0.179970066,0.362287497,-1.030353043,-0.564475944,-0.714860662,0.783165827,-1.188194656,0.074572327,0.152583,0.55662586,-1.292955821,-0.494211206,-0.184546139,1.208550738,0,0,0,0,0,0,0,0,0
180629,-1.030353043,-0.564475944,-0.714860662,0.783165827,-1.188194656,0.074572327,0.152583,0.55662586,-1.292955821,-0.494211206,-0.184546139,1.208550738,-0.973043031,-1.244094964,-1.195134258,0.82973751,1,0,0,0,0,0,0,1,0
180706,-1.188194656,0.074572327,0.152583,0.55662586,-1.292955821,-0.494211206,-0.184546139,1.208550738,-0.973043031,-1.244094964,-1.195134258,0.82973751,-1.114326352,0.125571439,0.469837621,0.204255677,0,0,0,0,0,0,0,0,0
180713,-1.292955821,-0.494211206,-0.184546139,1.208550738,-0.973043031,-1.244094964,-1.195134258,0.82973751,-1.114326352,0.125571439,0.469837621,0.204255677,-0.915983916,-0.927814888,-0.753016082,0.649810793,1,0,0,0,0,0,0,1,0
180720,-0.973043031,-1.244094964,-1.195134258,0.82973751,-1.114326352,0.125571439,0.469837621,0.204255677,-0.915983916,-0.927814888,-0.753016082,0.649810793,-1.235656244,0.648477004,1.072564582,0.184081053,0,0,0,0,0,0,0,0,0
180727,-1.114326352,0.125571439,0.469837621,0.204255677,-0.915983916,-0.927814888,-0.753016082,0.649810793,-1.235656244,0.648477004,1.072564582,0.184081053,-1.111868424,-0.281031006,-0.020004049,0.523191758,0,0,0,0,0,0,0,0,0
180803,-0.915983916,-0.927814888,-0.753016082,0.649810793,-1.235656244,0.648477004,1.072564582,0.184081053,-1.111868424,-0.281031006,-0.020004049,0.523191758,-1.188233614,0.158244852,0.438037224,0.395832983,0,0,0,0,0,0,0,0,0
180810,-1.235656244,0.648477004,1.072564582,0.184081053,-1.111868424,-0.281031006,-0.020004049,0.523191758,-1.188233614,0.158244852,0.438037224,0.395832983,-0.944121216,-1.344402338,-1.163550298,0.903687571,1,0,0,0,0,0,0,1,0
180817,-1.111868424,-0.281031006,-0.020004049,0.523191758,-1.188233614,0.158244852,0.438037224,0.395832983,-0.944121216,-1.344402338,-1.163550298,0.903687571,-1.186676676,0.249876542,0.641994963,0.389881236,0,0,0,0,0,0,0,0,0
180824,-1.188233614,0.158244852,0.438037224,0.395832983,-0.944121216,-1.344402338,-1.163550298,0.903687571,-1.186676676,0.249876542,0.641994963,0.389881236,-0.880463482,-1.094418599,-0.991975372,0.453240935,1,0,0,0,0,0,0,1,0
180831,-0.944121216,-1.344402338,-1.163550298,0.903687571,-1.186676676,0.249876542,0.641994963,0.389881236,-0.880463482,-1.094418599,-0.991975372,0.453240935,-1.018249246,0.040594926,0.315042291,0.060627838,0,0,0,0,0,0,0,0,0
180907,-1.186676676,0.249876542,0.641994963,0.389881236,-0.880463482,-1.094418599,-0.991975372,0.453240935,-1.018249246,0.040594926,0.315042291,0.060627838,-1.035496434,-0.127140888,-0.083258994,0.326640287,0,0,0,0,0,0,0,0,0
180914,-0.880463482,-1.094418599,-0.991975372,0.453240935,-1.018249246,0.040594926,0.315042291,0.060627838,-1.035496434,-0.127140888,-0.083258994,0.326640287,-1.013609038,-0.099157584,-0.074352188,0.387402842,0,0,0,0,0,0,0,0,0
180921,-1.018249246,0.040594926,0.315042291,0.060627838,-1.035496434,-0.127140888,-0.083258994,0.326640287,-1.013609038,-0.099157584,-0.074352188,0.387402842,-1.037672293,-0.287975731,-0.324886829,0.710970439,1,0,0,0,0,0,0,1,0
180928,-1.035496434,-0.127140888,-0.083258994,0.326640287,-1.013609038,-0.099157584,-0.074352188,0.387402842,-1.037672293,-0.287975731,-0.324886829,0.710970439,-1.368087436,0.105450979,0.89855997,0.608881431,0,0,0,0,0,0,0,0,0
181012,-1.013609038,-0.099157584,-0.074352188,0.387402842,-1.037672293,-0.287975731,-0.324886829,0.710970439,-1.368087436,0.105450979,0.89855997,0.608881431,-1.207575468,0.41421104,0.111791998,0.750893003,0,0,0,0,0,0,0,0,0
181019,-1.037672293,-0.287975731,-0.324886829,0.710970439,-1.368087436,0.105450979,0.89855997,0.608881431,-1.207575468,0.41421104,0.111791998,0.750893003,-0.83611175,-1.552199807,-2.117842401,1.595515638,1,0,0,0,0,0,0,1,0
181026,-1.368087436,0.105450979,0.89855997,0.608881431,-1.207575468,0.41421104,0.111791998,0.750893003,-0.83611175,-1.552199807,-2.117842401,1.595515638,-1.187252996,-1.007324731,-0.370045245,1.043776667,1,0,0,0,0,0,0,1,0
181102,-1.207575468,0.41421104,0.111791998,0.750893003,-0.83611175,-1.552199807,-2.117842401,1.595515638,-1.187252996,-1.007324731,-0.370045245,1.043776667,-1.098411382,0.190999519,0.723276237,0.178748919,0,0,0,0,0,0,0,0,0
181109,-0.83611175,-1.552199807,-2.117842401,1.595515638,-1.187252996,-1.007324731,-0.370045245,1.043776667,-1.098411382,0.190999519,0.723276237,0.178748919,-1.168835733,0.932097324,1.234618188,0.150310702,0,0,0,0,0,0,0,0,0
181116,-1.187252996,-1.007324731,-0.370045245,1.043776667,-1.098411382,0.190999519,0.723276237,0.178748919,-1.168835733,0.932097324,1.234618188,0.150310702,-1.06775801,-0.099276342,-0.16318033,0.852688301,0,0,0,0,0,0,0,0,0
181123,-1.098411382,0.190999519,0.723276237,0.178748919,-1.168835733,0.932097324,1.234618188,0.150310702,-1.06775801,-0.099276342,-0.16318033,0.852688301,-1.054495092,1.132191404,1.086996831,-0.261995021,0,0,0,0,0,0,0,0,0
181130,-1.168835733,0.932097324,1.234618188,0.150310702,-1.06775801,-0.099276342,-0.16318033,0.852688301,-1.054495092,1.132191404,1.086996831,-0.261995021,-0.684088683,-1.094658072,-1.416192055,0.683815618,1,0,0,0,0,0,0,1,0
181207,-1.06775801,-0.099276342,-0.16318033,0.852688301,-1.054495092,1.132191404,1.086996831,-0.261995021,-0.684088683,-1.094658072,-1.416192055,0.683815618,-0.850987066,-0.221097054,-0.129343605,0.111206238,1,0,0,0,0,0,0,1,0
181214,-1.054495092,1.132191404,1.086996831,-0.261995021,-0.684088683,-1.094658072,-1.416192055,0.683815618,-0.850987066,-0.221097054,-0.129343605,0.111206238,-0.759411144,0.264758128,0.266819377,0.164512245,0,0,0,0,0,0,0,0,0
181221,-0.684088683,-1.094658072,-1.416192055,0.683815618,-0.850987066,-0.221097054,-0.129343605,0.111206238,-0.759411144,0.264758128,0.266819377,0.164512245,-0.758108936,-0.033517038,-0.277565857,0.633929802,0,0,0,0,0,0,0,0,0
181228,-0.850987066,-0.221097054,-0.129343605,0.111206238,-0.759411144,0.264758128,0.266819377,0.164512245,-0.758108936,-0.033517038,-0.277565857,0.633929802,-0.647773458,-0.368728931,-0.601005651,0.569426051,1,0,0,0,0,0,0,1,0
190104,-0.759411144,0.264758128,0.266819377,0.164512245,-0.758108936,-0.033517038,-0.277565857,0.633929802,-0.647773458,-0.368728931,-0.601005651,0.569426051,-0.607088698,-0.322967402,-0.228405576,0.22082224,1,0,0,0,0,0,0,1,0
190111,-0.758108936,-0.033517038,-0.277565857,0.633929802,-0.647773458,-0.368728931,-0.601005651,0.569426051,-0.607088698,-0.322967402,-0.228405576,0.22082224,-0.959866948,0.551540088,0.235330187,0.246172118,0,0,0,0,0,0,0,0,0
190118,-0.647773458,-0.368728931,-0.601005651,0.569426051,-0.607088698,-0.322967402,-0.228405576,0.22082224,-0.959866948,0.551540088,0.235330187,0.246172118,-0.788061736,0.655722918,0.586624558,0.258165434,0,0,0,0,0,0,0,0,0
190125,-0.607088698,-0.322967402,-0.228405576,0.22082224,-0.959866948,0.551540088,0.235330187,0.246172118,-0.788061736,0.655722918,0.586624558,0.258165434,-1.123401681,-0.197448464,0.544766341,0.825567025,0,0,0,0,0,0,0,0,0
190201,-0.959866948,0.551540088,0.235330187,0.246172118,-0.788061736,0.655722918,0.586624558,0.258165434,-1.123401681,-0.197448464,0.544766341,0.825567025,-0.83385226,0.029912048,-0.04903142,0.612160023,1,0,0,0,0,0,0,1,0
190215,-0.788061736,0.655722918,0.586624558,0.258165434,-1.123401681,-0.197448464,0.544766341,0.825567025,-0.83385226,0.029912048,-0.04903142,0.612160023,-0.844716524,0.268197593,-0.024427261,0.875633914,1,0,0,0,0,0,0,1,0
190222,-1.123401681,-0.197448464,0.544766341,0.825567025,-0.83385226,0.029912048,-0.04903142,0.612160023,-0.844716524,0.268197593,-0.024427261,0.875633914,-0.763801869,1.170528804,0.604151186,-0.215172225,0,0,0,0,0,0,0,0,0
190301,-0.83385226,0.029912048,-0.04903142,0.612160023,-0.844716524,0.268197593,-0.024427261,0.875633914,-0.763801869,1.170528804,0.604151186,-0.215172225,-0.440325726,1.671653621,0.972269908,-0.091773237,0,0,0,0,0,0,0,0,0
190308,-0.844716524,0.268197593,-0.024427261,0.875633914,-0.763801869,1.170528804,0.604151186,-0.215172225,-0.440325726,1.671653621,0.972269908,-0.091773237,-0.204141208,1.461724571,1.11465232,-0.063777128,0,0,0,0,0,0,0,0,0
190315,-0.763801869,1.170528804,0.604151186,-0.215172225,-0.440325726,1.671653621,0.972269908,-0.091773237,-0.204141208,1.461724571,1.11465232,-0.063777128,0.048852939,1.506928887,0.776695258,0.485509159,0,0,0,0,0,0,0,0,0
190322,-0.440325726,1.671653621,0.972269908,-0.091773237,-0.204141208,1.461724571,1.11465232,-0.063777128,0.048852939,1.506928887,0.776695258,0.485509159,-0.504133735,-0.151672078,0.67749641,1.049287882,0,0,0,0,0,0,0,0,0
190329,-0.204141208,1.461724571,1.11465232,-0.063777128,0.048852939,1.506928887,0.776695258,0.485509159,-0.504133735,-0.151672078,0.67749641,1.049287882,0.124413552,1.037128051,0.870999266,-0.129005256,1,0,0,0,0,0,0,1,0
190404,0.048852939,1.506928887,0.776695258,0.485509159,-0.504133735,-0.151672078,0.67749641,1.049287882,0.124413552,1.037128051,0.870999266,-0.129005256,0.256615327,0.167557984,-0.298530565,0.393724658,0,0,0,0,0,0,0,1,0
190412,-0.504133735,-0.151672078,0.67749641,1.049287882,0.124413552,1.037128051,0.870999266,-0.129005256,0.256615327,0.167557984,-0.298530565,0.393724658,-0.282300362,1.444890974,1.051026915,-0.124228643,0,0,0,0,0,0,0,0,0
190419,0.124413552,1.037128051,0.870999266,-0.129005256,0.256615327,0.167557984,-0.298530565,0.393724658,-0.282300362,1.444890974,1.051026915,-0.124228643,0.125839427,-0.158314136,-0.544597069,0.64979836,0,0,0,0,0,0,0,1,0
190426,0.256615327,0.167557984,-0.298530565,0.393724658,-0.282300362,1.444890974,1.051026915,-0.124228643,0.125839427,-0.158314136,-0.544597069,0.64979836,-0.66192267,-0.18300826,0.901305232,0.745995485,0,1,0,0,0,0,1,0,1
190430,-0.282300362,1.444890974,1.051026915,-0.124228643,0.125839427,-0.158314136,-0.544597069,0.64979836,-0.66192267,-0.18300826,0.901305232,0.745995485,0.599063008,-0.839504048,-1.408995171,0.774859162,1,0,0,0,0,0,0,1,0
190510,0.125839427,-0.158314136,-0.544597069,0.64979836,-0.66192267,-0.18300826,0.901305232,0.745995485,0.599063008,-0.839504048,-1.408995171,0.774859162,-0.30019945,-0.186263155,-0.685012466,0.104535255,1,1,0,0,0,0,1,1,1
190517,-0.66192267,-0.18300826,0.901305232,0.745995485,0.599063008,-0.839504048,-1.408995171,0.774859162,-0.30019945,-0.186263155,-0.685012466,0.104535255,1.026584992,-0.568669129,-0.816144471,0.452763268,1,1,0,0,0,0,1,1,1
190524,0.599063008,-0.839504048,-1.408995171,0.774859162,-0.30019945,-0.186263155,-0.685012466,0.104535255,1.026584992,-0.568669129,-0.816144471,0.452763268,0.633480288,-0.837963378,-0.914762547,-0.64135152,1,0,0,0,0,0,0,1,0
190531,-0.30019945,-0.186263155,-0.685012466,0.104535255,1.026584992,-0.568669129,-0.816144471,0.452763268,0.633480288,-0.837963378,-0.914762547,-0.64135152,0.879833353,-0.048289738,-0.407244318,-0.39537895,1,0,0,0,0,0,0,1,0
190606,1.026584992,-0.568669129,-0.816144471,0.452763268,0.633480288,-0.837963378,-0.914762547,-0.64135152,0.879833353,-0.048289738,-0.407244318,-0.39537895,0.791639069,-0.146682261,0.057772633,-0.790355407,0,0,0,0,0,0,0,0,0
190614,0.633480288,-0.837963378,-0.914762547,-0.64135152,0.879833353,-0.048289738,-0.407244318,-0.39537895,0.791639069,-0.146682261,0.057772633,-0.790355407,0.539219861,-0.464423266,-1.133784061,-0.164758546,1,0,0,0,0,0,0,0,0
190621,0.879833353,-0.048289738,-0.407244318,-0.39537895,0.791639069,-0.146682261,0.057772633,-0.790355407,0.539219861,-0.464423266,-1.133784061,-0.164758546,0.615263732,0.713638516,0.496663262,-0.150633722,0,0,0,0,0,0,0,0,0
190628,0.791639069,-0.146682261,0.057772633,-0.790355407,0.539219861,-0.464423266,-1.133784061,-0.164758546,0.615263732,0.713638516,0.496663262,-0.150633722,0.38072769,0.840561502,0.658461757,-0.61918837,0,0,0,0,0,0,0,0,0
190705,0.539219861,-0.464423266,-1.133784061,-0.164758546,0.615263732,0.713638516,0.496663262,-0.150633722,0.38072769,0.840561502,0.658461757,-0.61918837,0.483527006,0.151890572,-0.42793686,0.072454569,0,0,0,0,0,0,0,0,0
190712,0.615263732,0.713638516,0.496663262,-0.150633722,0.38072769,0.840561502,0.658461757,-0.61918837,0.483527006,0.151890572,-0.42793686,0.072454569,0.241441667,0.649474274,0.243094945,-0.174652455,0,0,0,0,0,0,0,0,0
190719,0.38072769,0.840561502,0.658461757,-0.61918837,0.483527006,0.151890572,-0.42793686,0.072454569,0.241441667,0.649474274,0.243094945,-0.174652455,0.328416464,-0.151119213,-0.847863728,0.469104395,1,0,0,0,0,0,0,1,0
190726,0.483527006,0.151890572,-0.42793686,0.072454569,0.241441667,0.649474274,0.243094945,-0.174652455,0.328416464,-0.151119213,-0.847863728,0.469104395,-0.511477468,-0.000815414,0.727536665,1.100497337,0,0,0,0,0,0,0,0,0
190802,0.241441667,0.649474274,0.243094945,-0.174652455,0.328416464,-0.151119213,-0.847863728,0.469104395,-0.511477468,-0.000815414,0.727536665,1.100497337,0.193107841,0.118681329,-0.243062225,-0.01668066,1,0,0,0,0,0,0,1,0
190809,0.328416464,-0.151119213,-0.847863728,0.469104395,-0.511477468,-0.000815414,0.727536665,1.100497337,0.193107841,0.118681329,-0.243062225,-0.01668066,0.112769306,0.034580966,-0.49062427,0.142098375,0,0,0,0,0,0,0,0,0
190816,-0.511477468,-0.000815414,0.727536665,1.100497337,0.193107841,0.118681329,-0.243062225,-0.01668066,0.112769306,0.034580966,-0.49062427,0.142098375,0.252198299,-0.395183418,-0.961434562,0.476020797,1,0,0,0,0,0,0,1,0
190823,0.193107841,0.118681329,-0.243062225,-0.01668066,0.112769306,0.034580966,-0.49062427,0.142098375,0.252198299,-0.395183418,-0.961434562,0.476020797,0.226947759,0.637400213,-0.104285075,-0.856778016,0,0,0,0,0,0,0,0,0
190830,0.112769306,0.034580966,-0.49062427,0.142098375,0.252198299,-0.395183418,-0.961434562,0.476020797,0.226947759,0.637400213,-0.104285075,-0.856778016,0.491224399,0.921081463,0.173833371,-0.83155263,0,0,0,0,0,0,0,0,0
190906,0.252198299,-0.395183418,-0.961434562,0.476020797,0.226947759,0.637400213,-0.104285075,-0.856778016,0.491224399,0.921081463,0.173833371,-0.83155263,0.639841768,0.628039832,-0.485829877,-0.368612601,0,0,0,0,0,0,0,0,0
190912,0.226947759,0.637400213,-0.104285075,-0.856778016,0.491224399,0.921081463,0.173833371,-0.83155263,0.639841768,0.628039832,-0.485829877,-0.368612601,0.617743916,1.640467208,0.855268332,-0.576758799,0,0,0,0,0,0,0,0,0
190920,0.491224399,0.921081463,0.173833371,-0.83155263,0.639841768,0.628039832,-0.485829877,-0.368612601,0.617743916,1.640467208,0.855268332,-0.576758799,0.153884281,0.8541363,0.122522765,-0.000245276,0,0,0,0,0,0,0,0,0
190927,0.639841768,0.628039832,-0.485829877,-0.368612601,0.617743916,1.640467208,0.855268332,-0.576758799,0.153884281,0.8541363,0.122522765,-0.000245276,0.338227773,-0.163318539,-0.585571322,-0.148225539,1,0,0,0,0,0,0,1,0
190930,0.617743916,1.640467208,0.855268332,-0.576758799,0.153884281,0.8541363,0.122522765,-0.000245276,0.338227773,-0.163318539,-0.585571322,-0.148225539,0.618556719,-0.115877231,-0.885258956,0.289015005,1,0,0,0,0,0,0,1,0
191011,0.153884281,0.8541363,0.122522765,-0.000245276,0.338227773,-0.163318539,-0.585571322,-0.148225539,0.618556719,-0.115877231,-0.885258956,0.289015005,-0.664614211,0.017578344,-0.849242094,-0.302067369,1,0,0,0,0,0,0,1,0
191018,0.338227773,-0.163318539,-0.585571322,-0.148225539,0.618556719,-0.115877231,-0.885258956,0.289015005,-0.664614211,0.017578344,-0.849242094,-0.302067369,0.021673915,0.935931604,0.127960096,-0.047611232,0,0,0,0,0,0,0,0,0
191025,0.618556719,-0.115877231,-0.885258956,0.289015005,-0.664614211,0.017578344,-0.849242094,-0.302067369,0.021673915,0.935931604,0.127960096,-0.047611232,-0.487371102,-0.221287045,0.241535084,1.402615544,0,0,0,0,0,0,0,0,0
191101,-0.664614211,0.017578344,-0.849242094,-0.302067369,0.021673915,0.935931604,0.127960096,-0.047611232,-0.487371102,-0.221287045,0.241535084,1.402615544,0.314676835,0.401924229,-0.258552659,0.036866446,1,0,0,0,0,0,0,1,0
191108,0.021673915,0.935931604,0.127960096,-0.047611232,-0.487371102,-0.221287045,0.241535084,1.402615544,0.314676835,0.401924229,-0.258552659,0.036866446,0.23168575,0.387711521,-0.313718639,0.143346445,0,0,0,0,0,0,0,0,0
191115,-0.487371102,-0.221287045,0.241535084,1.402615544,0.314676835,0.401924229,-0.258552659,0.036866446,0.23168575,0.387711521,-0.313718639,0.143346445,0.264356112,0.403916731,-0.017386159,0.154271302,1,0,0,0,0,0,0,1,0
191122,0.314676835,0.401924229,-0.258552659,0.036866446,0.23168575,0.387711521,-0.313718639,0.143346445,0.264356112,0.403916731,-0.017386159,0.154271302,0.544904709,0.131807333,-1.38706778,-0.504762475,1,0,0,0,0,0,0,1,0
191129,0.23168575,0.387711521,-0.313718639,0.143346445,0.264356112,0.403916731,-0.017386159,0.154271302,0.544904709,0.131807333,-1.38706778,-0.504762475,0.896003254,0.700930323,-0.645720472,-0.904097412,0,0,0,0,0,0,0,0,0
191206,0.264356112,0.403916731,-0.017386159,0.154271302,0.544904709,0.131807333,-1.38706778,-0.504762475,0.896003254,0.700930323,-0.645720472,-0.904097412,0.731388569,0.909004013,-0.570045423,-0.426872673,0,0,0,0,0,0,0,0,0
191213,0.544904709,0.131807333,-1.38706778,-0.504762475,0.896003254,0.700930323,-0.645720472,-0.904097412,0.731388569,0.909004013,-0.570045423,-0.426872673,0.480452097,1.284560123,-0.002866863,-0.318099735,0,0,0,0,0,0,0,0,0
191220,0.896003254,0.700930323,-0.645720472,-0.904097412,0.731388569,0.909004013,-0.570045423,-0.426872673,0.480452097,1.284560123,-0.002866863,-0.318099735,0.280219822,1.080383685,-0.04015522,0.127636088,0,0,0,0,0,0,0,0,0
191227,0.731388569,0.909004013,-0.570045423,-0.426872673,0.480452097,1.284560123,-0.002866863,-0.318099735,0.280219822,1.080383685,-0.04015522,0.127636088,0.199559549,1.156640402,0.0171852,0.070962722,0,0,0,0,0,0,0,0,0
200103,0.480452097,1.284560123,-0.002866863,-0.318099735,0.280219822,1.080383685,-0.04015522,0.127636088,0.199559549,1.156640402,0.0171852,0.070962722,0.500984884,0.374950407,-0.489530047,0.099647998,0,0,0,0,0,0,0,1,0
200110,0.280219822,1.080383685,-0.04015522,0.127636088,0.199559549,1.156640402,0.0171852,0.070962722,0.500984884,0.374950407,-0.489530047,0.099647998,0.012712084,1.094038712,0.437876807,-0.170512277,0,0,0,0,0,0,0,0,0
200117,0.199559549,1.156640402,0.0171852,0.070962722,0.500984884,0.374950407,-0.489530047,0.099647998,0.012712084,1.094038712,0.437876807,-0.170512277,0.499056836,0.602620276,0.196379668,0.127288174,0,0,0,0,0,0,0,0,0
200123,0.500984884,0.374950407,-0.489530047,0.099647998,0.012712084,1.094038712,0.437876807,-0.170512277,0.499056836,0.602620276,0.196379668,0.127288174,-0.516729188,-0.012678,0.684483851,1.141630104,0,0,0,0,0,0,0,0,0
200207,0.012712084,1.094038712,0.437876807,-0.170512277,0.499056836,0.602620276,0.196379668,0.127288174,-0.516729188,-0.012678,0.684483851,1.141630104,0.362082679,-0.163087004,-0.796386537,0.265192819,1,1,0,0,0,0,1,1,1
200214,0.499056836,0.602620276,0.196379668,0.127288174,-0.516729188,-0.012678,0.684483851,1.141630104,0.362082679,-0.163087004,-0.796386537,0.265192819,0.628385116,0.159750875,-0.218756408,0.207405154,0,0,0,0,0,0,0,0,0
200221,-0.516729188,-0.012678,0.684483851,1.141630104,0.362082679,-0.163087004,-0.796386537,0.265192819,0.628385116,0.159750875,-0.218756408,0.207405154,0.478458475,0.678493599,0.418757029,0.057622635,0,0,0,0,0,0,0,0,0
200228,0.362082679,-0.163087004,-0.796386537,0.265192819,0.628385116,0.159750875,-0.218756408,0.207405154,0.478458475,0.678493599,0.418757029,0.057622635,0.976196084,1.98948173,0.640784978,-1.077202533,0,0,0,0,0,0,0,0,0
200306,0.628385116,0.159750875,-0.218756408,0.207405154,0.478458475,0.678493599,0.418757029,0.057622635,0.976196084,1.98948173,0.640784978,-1.077202533,2.880002103,-0.498524306,-1.597348625,-0.10639863,1,0,0,0,0,0,0,1,0
200313,0.478458475,0.678493599,0.418757029,0.057622635,0.976196084,1.98948173,0.640784978,-1.077202533,2.880002103,-0.498524306,-1.597348625,-0.10639863,2.068904535,0.843084647,0.766493166,-1.130103698,0,0,0,0,0,0,0,0,0
200320,0.976196084,1.98948173,0.640784978,-1.077202533,2.880002103,-0.498524306,-1.597348625,-0.10639863,2.068904535,0.843084647,0.766493166,-1.130103698,2.316770641,0.086177915,-1.151330098,0.444099888,1,1,0,0,0,0,1,1,1
200327,2.880002103,-0.498524306,-1.597348625,-0.10639863,2.068904535,0.843084647,0.766493166,-1.130103698,2.316770641,0.086177915,-1.151330098,0.444099888,1.861287959,-0.350642009,-1.126767333,0.088950469,0,0,0,0,0,0,0,1,0
200403,2.068904535,0.843084647,0.766493166,-1.130103698,2.316770641,0.086177915,-1.151330098,0.444099888,1.861287959,-0.350642009,-1.126767333,0.088950469,1.934169776,-0.179483749,-0.505537163,-0.475072513,1,0,0,0,0,0,0,1,0
200410,2.316770641,0.086177915,-1.151330098,0.444099888,1.861287959,-0.350642009,-1.126767333,0.088950469,1.934169776,-0.179483749,-0.505537163,-0.475072513,1.60971623,0.28957639,-0.327952574,-0.22837527,0,0,0,0,0,0,0,0,0
200417,1.861287959,-0.350642009,-1.126767333,0.088950469,1.934169776,-0.179483749,-0.505537163,-0.475072513,1.60971623,0.28957639,-0.327952574,-0.22837527,0.661171241,1.054712484,0.110042594,-0.360800349,0,0,0,0,0,0,0,0,0
200424,1.934169776,-0.179483749,-0.505537163,-0.475072513,1.60971623,0.28957639,-0.327952574,-0.22837527,0.661171241,1.054712484,0.110042594,-0.360800349,0.807472513,0.286390079,0.067799876,-0.560707426,0,0,0,0,0,0,0,0,0
200430,1.60971623,0.28957639,-0.327952574,-0.22837527,0.661171241,1.054712484,0.110042594,-0.360800349,0.807472513,0.286390079,0.067799876,-0.560707426,0.954449938,0.083683634,-0.331870939,-0.286011566,0,0,0,0,0,0,0,0,0
200508,0.661171241,1.054712484,0.110042594,-0.360800349,0.807472513,0.286390079,0.067799876,-0.560707426,0.954449938,0.083683634,-0.331870939,-0.286011566,0.549699735,0.840675404,0.133627181,-0.309925706,0,0,0,0,0,0,0,0,0
200515,0.807472513,0.286390079,0.067799876,-0.560707426,0.954449938,0.083683634,-0.331870939,-0.286011566,0.549699735,0.840675404,0.133627181,-0.309925706,0.026337548,0.803136697,0.191207186,-0.40551434,0,0,0,0,0,0,0,0,0
200522,0.954449938,0.083683634,-0.331870939,-0.286011566,0.549699735,0.840675404,0.133627181,-0.309925706,0.026337548,0.803136697,0.191207186,-0.40551434,1.053848732,-0.028927962,-0.872627619,-1.164779938,0,0,0,0,0,0,0,0,0
200529,0.549699735,0.840675404,0.133627181,-0.309925706,0.026337548,0.803136697,0.191207186,-0.40551434,1.053848732,-0.028927962,-0.872627619,-1.164779938,1.466070678,0.110351335,-1.189968897,-0.580980447,1,0,0,0,0,0,0,1,0
200605,0.026337548,0.803136697,0.191207186,-0.40551434,1.053848732,-0.028927962,-0.872627619,-1.164779938,1.466070678,0.110351335,-1.189968897,-0.580980447,1.225737506,0.316642715,-0.335643802,-1.061101728,0,0,0,0,0,0,0,0,0
200612,1.053848732,-0.028927962,-0.872627619,-1.164779938,1.466070678,0.110351335,-1.189968897,-0.580980447,1.225737506,0.316642715,-0.335643802,-1.061101728,0.951284232,1.100072018,0.352921211,-0.896495372,0,0,0,0,0,0,0,0,0
200619,1.466070678,0.110351335,-1.189968897,-0.580980447,1.225737506,0.316642715,-0.335643802,-1.061101728,0.951284232,1.100072018,0.352921211,-0.896495372,1.036943102,0.711394208,-0.128294616,-0.057409501,0,0,0,0,0,0,0,0,0
200624,1.225737506,0.316642715,-0.335643802,-1.061101728,0.951284232,1.100072018,0.352921211,-0.896495372,1.036943102,0.711394208,-0.128294616,-0.057409501,0.821971368,0.440571286,0.178826449,-0.808514384,0,0,0,0,0,0,0,0,0
200703,0.951284232,1.100072018,0.352921211,-0.896495372,1.036943102,0.711394208,-0.128294616,-0.057409501,0.821971368,0.440571286,0.178826449,-0.808514384,0.076674689,0.393492154,-0.360980579,-0.452422818,0,0,0,0,0,0,0,0,0
200710,1.036943102,0.711394208,-0.128294616,-0.057409501,0.821971368,0.440571286,0.178826449,-0.808514384,0.076674689,0.393492154,-0.360980579,-0.452422818,0.976323201,1.254126168,0.844748169,-0.399947382,0,0,0,0,0,0,0,0,0
200717,0.821971368,0.440571286,0.178826449,-0.808514384,0.076674689,0.393492154,-0.360980579,-0.452422818,0.976323201,1.254126168,0.844748169,-0.399947382,1.317892812,2.288515139,2.088803752,-0.533839417,0,0,0,0,0,0,0,0,0
200724,0.076674689,0.393492154,-0.360980579,-0.452422818,0.976323201,1.254126168,0.844748169,-0.399947382,1.317892812,2.288515139,2.088803752,-0.533839417,1.887318586,-0.515458397,-1.283238344,0.381689999,1,0,0,0,0,0,0,1,0
200731,0.976323201,1.254126168,0.844748169,-0.399947382,1.317892812,2.288515139,2.088803752,-0.533839417,1.887318586,-0.515458397,-1.283238344,0.381689999,2.130657129,-0.199878905,-0.386648942,-0.331870414,1,0,0,0,0,0,0,1,0
200807,1.317892812,2.288515139,2.088803752,-0.533839417,1.887318586,-0.515458397,-1.283238344,0.381689999,2.130657129,-0.199878905,-0.386648942,-0.331870414,1.789061246,0.92818758,0.76193207,-0.886693671,0,0,0,0,0,0,0,0,0
200814,1.887318586,-0.515458397,-1.283238344,0.381689999,2.130657129,-0.199878905,-0.386648942,-0.331870414,1.789061246,0.92818758,0.76193207,-0.886693671,1.82407723,0.403380577,0.323147448,-0.525763493,0,0,0,0,0,0,0,0,0
200821,2.130657129,-0.199878905,-0.386648942,-0.331870414,1.789061246,0.92818758,0.76193207,-0.886693671,1.82407723,0.403380577,0.323147448,-0.525763493,1.6051145,0.742404916,-0.118111201,0.329356519,0,0,0,0,0,0,0,0,0
200828,1.789061246,0.92818758,0.76193207,-0.886693671,1.82407723,0.403380577,0.323147448,-0.525763493,1.6051145,0.742404916,-0.118111201,0.329356519,1.516647709,-0.032034198,-0.753814923,-1.427462352,1,0,0,0,0,0,0,1,0
200904,1.82407723,0.403380577,0.323147448,-0.525763493,1.6051145,0.742404916,-0.118111201,0.329356519,1.516647709,-0.032034198,-0.753814923,-1.427462352,2.079213866,1.181918554,-0.20184925,-0.810667326,0,0,0,0,0,0,0,0,0
200911,1.6051145,0.742404916,-0.118111201,0.329356519,1.516647709,-0.032034198,-0.753814923,-1.427462352,2.079213866,1.181918554,-0.20184925,-0.810667326,1.897934927,0.535754982,-0.706332383,-0.463088642,0,0,0,0,0,0,0,0,0
200918,1.516647709,-0.032034198,-0.753814923,-1.427462352,2.079213866,1.181918554,-0.20184925,-0.810667326,1.897934927,0.535754982,-0.706332383,-0.463088642,2.151135639,0.01989467,-1.246792339,0.073845953,1,0,0,0,0,0,0,1,0
200925,2.079213866,1.181918554,-0.20184925,-0.810667326,1.897934927,0.535754982,-0.706332383,-0.463088642,2.151135639,0.01989467,-1.246792339,0.073845953,1.20275427,0.883211752,0.098800661,-0.495555797,0,0,0,0,0,0,0,0,0
200930,1.897934927,0.535754982,-0.706332383,-0.463088642,2.151135639,0.01989467,-1.246792339,0.073845953,1.20275427,0.883211752,0.098800661,-0.495555797,1.448043234,0.156728832,-1.037257838,0.024884144,0,0,0,0,0,0,0,0,0
201009,2.151135639,0.01989467,-1.246792339,0.073845953,1.20275427,0.883211752,0.098800661,-0.495555797,1.448043234,0.156728832,-1.037257838,0.024884144,0.433757292,0.430625609,-0.570043052,-0.240910762,0,0,0,0,0,0,0,0,0
201016,1.20275427,0.883211752,0.098800661,-0.495555797,1.448043234,0.156728832,-1.037257838,0.024884144,0.433757292,0.430625609,-0.570043052,-0.240910762,-0.615896602,0.961818473,-0.06252778,-0.646217374,0,0,0,0,0,0,0,0,0
201023,1.448043234,0.156728832,-1.037257838,0.024884144,0.433757292,0.430625609,-0.570043052,-0.240910762,-0.615896602,0.961818473,-0.06252778,-0.646217374,-0.237146075,-0.063591725,0.933505007,1.031655309,0,0,0,0,0,0,0,0,0
201030,0.433757292,0.430625609,-0.570043052,-0.240910762,-0.615896602,0.961818473,-0.06252778,-0.646217374,-0.237146075,-0.063591725,0.933505007,1.031655309,1.14971545,-0.009180462,-0.908763848,-0.105277471,1,0,0,0,0,0,0,1,0
201106,-0.615896602,0.961818473,-0.06252778,-0.646217374,-0.237146075,-0.063591725,0.933505007,1.031655309,1.14971545,-0.009180462,-0.908763848,-0.105277471,1.147581004,0.158522453,-0.683419022,-0.190996032,1,0,0,0,0,0,0,1,0
201113,-0.237146075,-0.063591725,0.933505007,1.031655309,1.14971545,-0.009180462,-0.908763848,-0.105277471,1.147581004,0.158522453,-0.683419022,-0.190996032,1.02123147,1.032946212,0.427556639,-0.218687493,0,0,0,0,0,0,0,0,0
201120,1.14971545,-0.009180462,-0.908763848,-0.105277471,1.147581004,0.158522453,-0.683419022,-0.190996032,1.02123147,1.032946212,0.427556639,-0.218687493,0.824807754,0.524173666,-0.103659045,0.100329763,0,0,0,0,0,0,0,0,0
201127,1.147581004,0.158522453,-0.683419022,-0.190996032,1.02123147,1.032946212,0.427556639,-0.218687493,0.824807754,0.524173666,-0.103659045,0.100329763,0.894367679,1.088393484,-0.602694985,-1.155294893,0,0,0,0,0,0,0,0,0
201204,1.02123147,1.032946212,0.427556639,-0.218687493,0.824807754,0.524173666,-0.103659045,0.100329763,0.894367679,1.088393484,-0.602694985,-1.155294893,1.362825729,1.020536951,-1.007911255,-0.502402089,0,0,0,0,0,0,0,0,0
201211,0.824807754,0.524173666,-0.103659045,0.100329763,0.894367679,1.088393484,-0.602694985,-1.155294893,1.362825729,1.020536951,-1.007911255,-0.502402089,1.264840751,1.217134517,-0.163814926,-0.442579964,0,0,0,0,0,0,0,0,0
201218,0.894367679,1.088393484,-0.602694985,-1.155294893,1.362825729,1.020536951,-1.007911255,-0.502402089,1.264840751,1.217134517,-0.163814926,-0.442579964,1.173798159,0.230639906,-1.325303207,0.105262084,1,0,0,0,0,0,0,1,0
201225,1.362825729,1.020536951,-1.007911255,-0.502402089,1.264840751,1.217134517,-0.163814926,-0.442579964,1.173798159,0.230639906,-1.325303207,0.105262084,0.582640444,0.491625108,-0.151792726,-0.460533402,0,0,0,0,0,0,0,0,0
210108,1.173798159,0.230639906,-1.325303207,0.105262084,0.582640444,0.491625108,-0.151792726,-0.460533402,0.942996207,0.651497344,-0.313646428,-0.114995086,0.44925233,0.788300296,-0.199997049,-0.3094759,0,0,0,0,0,0,0,0,0
210115,0.582640444,0.491625108,-0.151792726,-0.460533402,0.942996207,0.651497344,-0.313646428,-0.114995086,0.44925233,0.788300296,-0.199997049,-0.3094759,0.810192307,1.048639483,0.379092638,-0.157577212,0,0,0,0,0,0,0,0,0
210122,0.942996207,0.651497344,-0.313646428,-0.114995086,0.44925233,0.788300296,-0.199997049,-0.3094759,0.810192307,1.048639483,0.379092638,-0.157577212,-0.109183983,-0.712747438,0.307182423,1.193303462,0,0,0,0,0,0,0,0,0
210129,0.44925233,0.788300296,-0.199997049,-0.3094759,0.810192307,1.048639483,0.379092638,-0.157577212,-0.109183983,-0.712747438,0.307182423,1.193303462,0.470275642,0.390440061,0.567529826,-0.630106481,1,0,0,0,0,0,1,1,1
210205,0.810192307,1.048639483,0.379092638,-0.157577212,-0.109183983,-0.712747438,0.307182423,1.193303462,0.470275642,0.390440061,0.567529826,-0.630106481,0.710156162,-0.206460199,-0.959549673,0.268475594,0,0,0,0,0,0,0,1,0
210210,-0.109183983,-0.712747438,0.307182423,1.193303462,0.470275642,0.390440061,0.567529826,-0.630106481,0.710156162,-0.206460199,-0.959549673,0.268475594,0.344295645,0.275157523,-0.274423409,0.381902724,1,0,0,0,0,0,0,1,0
210219,0.470275642,0.390440061,0.567529826,-0.630106481,0.710156162,-0.206460199,-0.959549673,0.268475594,0.344295645,0.275157523,-0.274423409,0.381902724,-0.602534794,0.501318005,0.918317311,-0.026696915,0,0,0,0,0,0,0,0,0
210226,0.710156162,-0.206460199,-0.959549673,0.268475594,0.344295645,0.275157523,-0.274423409,0.381902724,-0.602534794,0.501318005,0.918317311,-0.026696915,0.059029883,0.942632095,-0.736453655,-1.654840541,0,0,0,0,0,0,1,0,1
210305,0.344295645,0.275157523,-0.274423409,0.381902724,-0.602534794,0.501318005,0.918317311,-0.026696915,0.059029883,0.942632095,-0.736453655,-1.654840541,1.652392566,0.186313821,-1.699963405,-0.489251856,1,1,0,0,0,0,1,1,1
210312,-0.602534794,0.501318005,0.918317311,-0.026696915,0.059029883,0.942632095,-0.736453655,-1.654840541,1.652392566,0.186313821,-1.699963405,-0.489251856,1.15761427,1.192908522,-0.623181365,-0.526444224,0,0,0,0,0,0,1,0,1
210319,0.059029883,0.942632095,-0.736453655,-1.654840541,1.652392566,0.186313821,-1.699963405,-0.489251856,1.15761427,1.192908522,-0.623181365,-0.526444224,1.228286067,0.334033815,-0.995084991,0.206611389,1,0,0,0,0,0,0,0,0
210326,1.652392566,0.186313821,-1.699963405,-0.489251856,1.15761427,1.192908522,-0.623181365,-0.526444224,1.228286067,0.334033815,-0.995084991,0.206611389,-0.254173367,-0.258011729,0.650167598,1.134486929,0,0,0,0,0,0,0,0,0
210402,1.15761427,1.192908522,-0.623181365,-0.526444224,1.228286067,0.334033815,-0.995084991,0.206611389,-0.254173367,-0.258011729,0.650167598,1.134486929,0.697232899,0.839603391,-0.182957795,-0.343304999,1,0,0,0,0,0,0,1,0
210409,1.228286067,0.334033815,-0.995084991,0.206611389,-0.254173367,-0.258011729,0.650167598,1.134486929,0.697232899,0.839603391,-0.182957795,-0.343304999,0.367003907,0.591016736,-0.20739344,-0.318384545,0,0,0,0,0,0,0,0,0
210416,-0.254173367,-0.258011729,0.650167598,1.134486929,0.697232899,0.839603391,-0.182957795,-0.343304999,0.367003907,0.591016736,-0.20739344,-0.318384545,0.075834055,0.663203295,-0.339818691,-0.054179172,1,0,0,0,0,0,0,1,0
210423,0.697232899,0.839603391,-0.182957795,-0.343304999,0.367003907,0.591016736,-0.20739344,-0.318384545,0.075834055,0.663203295,-0.339818691,-0.054179172,0.398221104,0.5664428,-0.36827651,-0.043306888,0,0,0,0,0,0,0,0,0
210430,0.367003907,0.591016736,-0.20739344,-0.318384545,0.075834055,0.663203295,-0.339818691,-0.054179172,0.398221104,0.5664428,-0.36827651,-0.043306888,0.196125161,0.725750587,0.125490028,-0.181177344,0,0,0,0,0,0,0,0,0
210507,0.075834055,0.663203295,-0.339818691,-0.054179172,0.398221104,0.5664428,-0.36827651,-0.043306888,0.196125161,0.725750587,0.125490028,-0.181177344,0.283384676,0.650119494,-0.187012163,0.026404307,0,0,0,0,0,0,0,0,0
210514,0.398221104,0.5664428,-0.36827651,-0.043306888,0.196125161,0.725750587,0.125490028,-0.181177344,0.283384676,0.650119494,-0.187012163,0.026404307,-0.432320168,0.440640186,-0.568917026,-0.037787448,0,0,0,0,0,0,0,0,0
210521,0.196125161,0.725750587,0.125490028,-0.181177344,0.283384676,0.650119494,-0.187012163,0.026404307,-0.432320168,0.440640186,-0.568917026,-0.037787448,0.191414787,0.865009295,0.158826733,0.404129641,0,0,0,0,0,0,0,0,0
210528,0.283384676,0.650119494,-0.187012163,0.026404307,-0.432320168,0.440640186,-0.568917026,-0.037787448,0.191414787,0.865009295,0.158826733,0.404129641,0.457528924,0.781409233,-1.039686608,-0.795905061,1,0,0,0,0,0,0,1,0
210604,-0.432320168,0.440640186,-0.568917026,-0.037787448,0.191414787,0.865009295,0.158826733,0.404129641,0.457528924,0.781409233,-1.039686608,-0.795905061,0.560140604,1.17428182,-0.271558291,-0.669056929,0,0,0,0,0,0,0,0,0
210611,0.191414787,0.865009295,0.158826733,0.404129641,0.457528924,0.781409233,-1.039686608,-0.795905061,0.560140604,1.17428182,-0.271558291,-0.669056929,0.678770227,0.778973674,-0.518563061,-0.465463675,0,0,0,0,0,0,0,0,0
210618,0.457528924,0.781409233,-1.039686608,-0.795905061,0.560140604,1.17428182,-0.271558291,-0.669056929,0.678770227,0.778973674,-0.518563061,-0.465463675,0.300872372,0.822051461,-0.124294736,0.01954719,0,0,0,0,0,0,0,0,0
210625,0.560140604,1.17428182,-0.271558291,-0.669056929,0.678770227,0.778973674,-0.518563061,-0.465463675,0.300872372,0.822051461,-0.124294736,0.01954719,-0.666673204,-0.383657759,0.318481011,1.147033537,0,0,0,0,0,0,0,0,0
210702,0.678770227,0.778973674,-0.518563061,-0.465463675,0.300872372,0.822051461,-0.124294736,0.01954719,-0.666673204,-0.383657759,0.318481011,1.147033537,0.304871253,1.109127677,-0.016493341,-0.496482405,1,0,0,0,0,0,0,1,0
210709,0.300872372,0.822051461,-0.124294736,0.01954719,-0.666673204,-0.383657759,0.318481011,1.147033537,0.304871253,1.109127677,-0.016493341,-0.496482405,0.439195773,0.322077084,-1.043491481,-0.074182009,0,0,0,0,0,0,0,0,0
210716,-0.666673204,-0.383657759,0.318481011,1.147033537,0.304871253,1.109127677,-0.016493341,-0.496482405,0.439195773,0.322077084,-1.043491481,-0.074182009,0.352679722,0.827706774,0.035195579,-0.310925743,1,0,0,0,0,0,0,1,0
210723,0.304871253,1.109127677,-0.016493341,-0.496482405,0.439195773,0.322077084,-1.043491481,-0.074182009,0.352679722,0.827706774,0.035195579,-0.310925743,0.412932696,0.621315368,-0.079858703,-0.460961778,0,0,0,0,0,0,0,0,0
210730,0.439195773,0.322077084,-1.043491481,-0.074182009,0.352679722,0.827706774,0.035195579,-0.310925743,0.412932696,0.621315368,-0.079858703,-0.460961778,0.342641708,0.524639247,-0.205446344,-0.40763266,0,0,0,0,0,0,1,0,1
210806,0.352679722,0.827706774,0.035195579,-0.310925743,0.412932696,0.621315368,-0.079858703,-0.460961778,0.342641708,0.524639247,-0.205446344,-0.40763266,0.98610756,0.288908759,-0.915755755,0.23002144,1,0,0,0,0,0,0,1,0
210813,0.412932696,0.621315368,-0.079858703,-0.460961778,0.342641708,0.524639247,-0.205446344,-0.40763266,0.98610756,0.288908759,-0.915755755,0.23002144,0.296601335,0.629153667,0.209204261,-0.433116002,0,0,0,0,0,0,0,0,0
210820,0.342641708,0.524639247,-0.205446344,-0.40763266,0.98610756,0.288908759,-0.915755755,0.23002144,0.296601335,0.629153667,0.209204261,-0.433116002,0.141628711,0.859521257,0.369082816,-0.051908576,0,0,0,0,0,0,0,0,0
210827,0.98610756,0.288908759,-0.915755755,0.23002144,0.296601335,0.629153667,0.209204261,-0.433116002,0.141628711,0.859521257,0.369082816,-0.051908576,1.013420236,0.526063355,-1.789681305,-1.177744406,1,0,0,0,0,0,0,1,0
210903,0.296601335,0.629153667,0.209204261,-0.433116002,0.141628711,0.859521257,0.369082816,-0.051908576,1.013420236,0.526063355,-1.789681305,-1.177744406,0.854204883,1.214464978,-0.266273985,-1.731962816,0,0,0,0,0,0,0,0,0
210910,0.141628711,0.859521257,0.369082816,-0.051908576,1.013420236,0.526063355,-1.789681305,-1.177744406,0.854204883,1.214464978,-0.266273985,-1.731962816,1.234504171,0.885165264,-0.547985362,-1.230937755,0,0,0,0,0,0,0,0,0
210917,1.013420236,0.526063355,-1.789681305,-1.177744406,0.854204883,1.214464978,-0.266273985,-1.731962816,1.234504171,0.885165264,-0.547985362,-1.230937755,0.751554472,1.5536504,0.510057999,-0.770052775,0,0,0,0,0,0,0,0,0
210924,0.854204883,1.214464978,-0.266273985,-1.731962816,1.234504171,0.885165264,-0.547985362,-1.230937755,0.751554472,1.5536504,0.510057999,-0.770052775,1.115937937,-0.322264442,-1.05183021,-0.378366067,0,0,0,0,0,0,0,0,0
210930,1.234504171,0.885165264,-0.547985362,-1.230937755,0.751554472,1.5536504,0.510057999,-0.770052775,1.115937937,-0.322264442,-1.05183021,-0.378366067,0.097267858,0.890604151,-0.506660448,-0.370818071,0,0,0,0,0,0,0,0,0
211008,0.751554472,1.5536504,0.510057999,-0.770052775,1.115937937,-0.322264442,-1.05183021,-0.378366067,0.097267858,0.890604151,-0.506660448,-0.370818071,0.524127499,0.108547036,-1.141731953,0.319898366,0,0,0,0,0,0,0,1,0
211015,1.115937937,-0.322264442,-1.05183021,-0.378366067,0.097267858,0.890604151,-0.506660448,-0.370818071,0.524127499,0.108547036,-1.141731953,0.319898366,-0.655733893,0.640404162,-0.722028784,-0.226760584,0,0,0,0,0,0,0,0,0
211022,0.097267858,0.890604151,-0.506660448,-0.370818071,0.524127499,0.108547036,-1.141731953,0.319898366,-0.655733893,0.640404162,-0.722028784,-0.226760584,-0.307355882,-0.280522464,0.450604266,1.291597819,0,0,0,0,0,0,0,0,0
211029,0.524127499,0.108547036,-1.141731953,0.319898366,-0.655733893,0.640404162,-0.722028784,-0.226760584,-0.307355882,-0.280522464,0.450604266,1.291597819,0.138462351,0.444331239,-0.361895544,-0.076150508,0,0,0,0,0,0,0,0,0
211105,-0.655733893,0.640404162,-0.722028784,-0.226760584,-0.307355882,-0.280522464,0.450604266,1.291597819,0.138462351,0.444331239,-0.361895544,-0.076150508,0.127180425,0.602536107,-0.345938328,0.035828913,1,0,0,0,0,0,0,1,0
211112,-0.307355882,-0.280522464,0.450604266,1.291597819,0.138462351,0.444331239,-0.361895544,-0.076150508,0.127180425,0.602536107,-0.345938328,0.035828913,0.132071099,0.696570724,-0.399658821,0.268882375,1,0,0,0,0,0,0,1,0
211119,0.138462351,0.444331239,-0.361895544,-0.076150508,0.127180425,0.602536107,-0.345938328,0.035828913,0.132071099,0.696570724,-0.399658821,0.268882375,-0.137750265,0.827313969,0.247786276,0.241472929,0,0,0,0,0,0,0,0,0
211126,0.127180425,0.602536107,-0.345938328,0.035828913,0.132071099,0.696570724,-0.399658821,0.268882375,-0.137750265,0.827313969,0.247786276,0.241472929,0.534801079,1.409697079,-1.348559348,-0.925278277,1,0,0,0,0,0,0,1,0
211203,0.132071099,0.696570724,-0.399658821,0.268882375,-0.137750265,0.827313969,0.247786276,0.241472929,0.534801079,1.409697079,-1.348559348,-0.925278277,0.525675854,1.159889431,-1.075164054,-1.021744132,0,0,0,0,0,0,0,0,0
211210,-0.137750265,0.827313969,0.247786276,0.241472929,0.534801079,1.409697079,-1.348559348,-0.925278277,0.525675854,1.159889431,-1.075164054,-1.021744132,0.613336009,1.161980242,-0.631201102,-0.71170509,0,0,0,0,0,0,0,0,0
211217,0.534801079,1.409697079,-1.348559348,-0.925278277,0.525675854,1.159889431,-1.075164054,-1.021744132,0.613336009,1.161980242,-0.631201102,-0.71170509,0.440096149,1.002497865,-0.456270015,0.028402233,0,0,0,0,0,0,0,0,0
211224,0.525675854,1.159889431,-1.075164054,-1.021744132,0.613336009,1.161980242,-0.631201102,-0.71170509,0.440096149,1.002497865,-0.456270015,0.028402233,0.230070465,0.721872623,-0.501829691,0.032409273,0,0,0,0,0,0,0,0,0
211231,0.613336009,1.161980242,-0.631201102,-0.71170509,0.440096149,1.002497865,-0.456270015,0.028402233,0.230070465,0.721872623,-0.501829691,0.032409273,0.192121621,1.025499478,-0.622842566,0.21752593,0,0,0,0,0,0,0,0,0
220107,0.440096149,1.002497865,-0.456270015,0.028402233,0.230070465,0.721872623,-0.501829691,0.032409273,0.192121621,1.025499478,-0.622842566,0.21752593,0.15938811,1.053758533,-0.45885687,-0.101583441,0,0,0,0,0,0,0,0,0
220114,0.230070465,0.721872623,-0.501829691,0.032409273,0.192121621,1.025499478,-0.622842566,0.21752593,0.15938811,1.053758533,-0.45885687,-0.101583441,0.081299299,0.519420242,-1.088197364,0.33155473,1,1,0,0,0,0,1,1,1
220121,0.192121621,1.025499478,-0.622842566,0.21752593,0.15938811,1.053758533,-0.45885687,-0.101583441,0.081299299,0.519420242,-1.088197364,0.33155473,0.059292576,0.491910458,-0.747434194,0.291204827,1,0,0,0,0,0,0,1,0
220128,0.15938811,1.053758533,-0.45885687,-0.101583441,0.081299299,0.519420242,-1.088197364,0.33155473,0.059292576,0.491910458,-0.747434194,0.291204827,0.069126098,0.763420666,-0.726324712,0.483480128,1,1,0,0,0,0,1,1,1
220211,0.081299299,0.519420242,-1.088197364,0.33155473,0.059292576,0.491910458,-0.747434194,0.291204827,0.069126098,0.763420666,-0.726324712,0.483480128,0.447988905,-0.404044676,-1.615324302,0.499437042,1,0,0,0,0,0,0,1,0
220218,0.059292576,0.491910458,-0.747434194,0.291204827,0.069126098,0.763420666,-0.726324712,0.483480128,0.447988905,-0.404044676,-1.615324302,0.499437042,-0.099291901,0.970269735,0.215231876,0.094417918,0,0,0,0,0,0,0,0,0
220225,0.069126098,0.763420666,-0.726324712,0.483480128,0.447988905,-0.404044676,-1.615324302,0.499437042,-0.099291901,0.970269735,0.215231876,0.094417918,0.505392819,1.476466514,-1.095106585,-1.028188671,1,0,0,0,0,0,0,1,0
220304,0.447988905,-0.404044676,-1.615324302,0.499437042,-0.099291901,0.970269735,0.215231876,0.094417918,0.505392819,1.476466514,-1.095106585,-1.028188671,0.87480445,1.22956083,-1.111126378,-0.668505232,0,0,0,0,0,0,0,0,0
220311,-0.099291901,0.970269735,0.215231876,0.094417918,0.505392819,1.476466514,-1.095106585,-1.028188671,0.87480445,1.22956083,-1.111126378,-0.668505232,0.579872278,1.249542305,-1.03002867,-0.423876456,1,0,0,0,0,0,0,1,0
220318,0.505392819,1.476466514,-1.095106585,-1.028188671,0.87480445,1.22956083,-1.111126378,-0.668505232,0.579872278,1.249542305,-1.03002867,-0.423876456,1.18649964,0.214692549,-1.464126775,0.451648333,1,0,0,0,0,0,0,1,0
220325,0.87480445,1.22956083,-1.111126378,-0.668505232,0.579872278,1.249542305,-1.03002867,-0.423876456,1.18649964,0.214692549,-1.464126775,0.451648333,1.11587926,0.190262585,-0.938731167,-0.226109806,1,0,0,0,0,0,0,1,0
220401,0.579872278,1.249542305,-1.03002867,-0.423876456,1.18649964,0.214692549,-1.464126775,0.451648333,1.11587926,0.190262585,-0.938731167,-0.226109806,0.669091008,0.199818893,-0.830693919,-0.570233526,1,0,0,0,0,0,0,1,0
220408,1.18649964,0.214692549,-1.464126775,0.451648333,1.11587926,0.190262585,-0.938731167,-0.226109806,0.669091008,0.199818893,-0.830693919,-0.570233526,0.46546157,1.114972556,-0.152334983,-0.208616684,0,0,0,0,0,0,0,0,0
220415,1.11587926,0.190262585,-0.938731167,-0.226109806,0.669091008,0.199818893,-0.830693919,-0.570233526,0.46546157,1.114972556,-0.152334983,-0.208616684,0.057848626,0.332736819,-1.086319318,-0.037310418,0,0,0,0,0,0,0,0,0
220422,0.669091008,0.199818893,-0.830693919,-0.570233526,0.46546157,1.114972556,-0.152334983,-0.208616684,0.057848626,0.332736819,-1.086319318,-0.037310418,0.869376662,-0.024779584,-1.029196801,-0.298802286,1,0,0,0,0,0,0,1,0
220429,0.46546157,1.114972556,-0.152334983,-0.208616684,0.057848626,0.332736819,-1.086319318,-0.037310418,0.869376662,-0.024779584,-1.029196801,-0.298802286,1.041245813,-0.38184214,-1.675425582,-0.136301925,1,0,0,0,0,0,0,1,0
220506,0.057848626,0.332736819,-1.086319318,-0.037310418,0.869376662,-0.024779584,-1.029196801,-0.298802286,1.041245813,-0.38184214,-1.675425582,-0.136301925,1.623460232,0.542505299,-0.705727299,0.07367229,1,0,0,0,0,0,0,1,0
220513,0.869376662,-0.024779584,-1.029196801,-0.298802286,1.041245813,-0.38184214,-1.675425582,-0.136301925,1.623460232,0.542505299,-0.705727299,0.07367229,-0.065033862,0.170689274,-1.013241499,-0.694033464,0,0,0,0,0,0,0,0,0
220520,1.041245813,-0.38184214,-1.675425582,-0.136301925,1.623460232,0.542505299,-0.705727299,0.07367229,-0.065033862,0.170689274,-1.013241499,-0.694033464,0.678512953,1.203330518,0.665849727,-0.380805781,0,0,0,0,0,0,0,0,0
220527,1.623460232,0.542505299,-0.705727299,0.07367229,-0.065033862,0.170689274,-1.013241499,-0.694033464,0.678512953,1.203330518,0.665849727,-0.380805781,1.388039989,1.622689319,-1.056505465,-1.70027891,0,0,0,0,0,0,0,0,0
220602,-0.065033862,0.170689274,-1.013241499,-0.694033464,0.678512953,1.203330518,0.665849727,-0.380805781,1.388039989,1.622689319,-1.056505465,-1.70027891,1.746449023,1.060965348,-1.352721898,-1.485165346,1,0,0,0,0,0,0,0,0
220610,0.678512953,1.203330518,0.665849727,-0.380805781,1.388039989,1.622689319,-1.056505465,-1.70027891,1.746449023,1.060965348,-1.352721898,-1.485165346,1.024127434,1.835810422,-0.628112298,-1.638216511,0,0,0,0,0,0,0,0,0
220617,1.388039989,1.622689319,-1.056505465,-1.70027891,1.746449023,1.060965348,-1.352721898,-1.485165346,1.024127434,1.835810422,-0.628112298,-1.638216511,1.30259444,1.655228179,-0.14891586,-0.581890051,0,0,0,0,0,0,0,0,0
220624,1.746449023,1.060965348,-1.352721898,-1.485165346,1.024127434,1.835810422,-0.628112298,-1.638216511,1.30259444,1.655228179,-0.14891586,-0.581890051,1.581995948,0.898002182,-0.581251076,-0.71769016,0,0,0,0,0,0,0,0,0
220701,1.024127434,1.835810422,-0.628112298,-1.638216511,1.30259444,1.655228179,-0.14891586,-0.581890051,1.581995948,0.898002182,-0.581251076,-0.71769016,1.344487032,1.082515719,-0.505682926,-0.642979839,0,0,0,0,0,0,0,0,0
220708,1.30259444,1.655228179,-0.14891586,-0.581890051,1.581995948,0.898002182,-0.581251076,-0.71769016,1.344487032,1.082515719,-0.505682926,-0.642979839,1.094226359,0.936163773,-0.455514966,-0.600530463,0,0,0,0,0,0,0,0,0
220715,1.581995948,0.898002182,-0.581251076,-0.71769016,1.344487032,1.082515719,-0.505682926,-0.642979839,1.094226359,0.936163773,-0.455514966,-0.600530463,0.897100981,0.557010724,-0.562931016,-0.180888336,0,0,0,0,0,0,0,0,0
220722,1.344487032,1.082515719,-0.505682926,-0.642979839,1.094226359,0.936163773,-0.455514966,-0.600530463,0.897100981,0.557010724,-0.562931016,-0.180888336,-0.14814386,-0.01239573,0.050735759,1.92722159,0,0,0,0,0,0,0,0,0
220729,1.094226359,0.936163773,-0.455514966,-0.600530463,0.897100981,0.557010724,-0.562931016,-0.180888336,-0.14814386,-0.01239573,0.050735759,1.92722159,0.637370002,0.567818054,-0.222912554,-0.544830968,1,0,0,0,0,0,0,1,0
220805,0.897100981,0.557010724,-0.562931016,-0.180888336,-0.14814386,-0.01239573,0.050735759,1.92722159,0.637370002,0.567818054,-0.222912554,-0.544830968,0.429593719,0.425025522,-0.294810878,-0.327868891,0,0,0,0,0,0,0,0,0
220812,-0.14814386,-0.01239573,0.050735759,1.92722159,0.637370002,0.567818054,-0.222912554,-0.544830968,0.429593719,0.425025522,-0.294810878,-0.327868891,0.702206592,0.527289064,-0.301729623,0.07098746,1,0,0,0,0,0,0,1,0
220819,0.637370002,0.567818054,-0.222912554,-0.544830968,0.429593719,0.425025522,-0.294810878,-0.327868891,0.702206592,0.527289064,-0.301729623,0.07098746,-0.113898787,0.889562939,0.302709982,-0.004599673,0,0,0,0,0,0,0,0,0
220826,0.429593719,0.425025522,-0.294810878,-0.327868891,0.702206592,0.527289064,-0.301729623,0.07098746,-0.113898787,0.889562939,0.302709982,-0.004599673,0.849553513,1.081417766,-1.715315531,-1.43502905,1,0,0,0,0,0,0,1,0
220902,0.702206592,0.527289064,-0.301729623,0.07098746,-0.113898787,0.889562939,0.302709982,-0.004599673,0.849553513,1.081417766,-1.715315531,-1.43502905,1.227905595,1.01534902,-1.582474305,-1.075520269,0,0,0,0,0,0,0,0,0
220909,-0.113898787,0.889562939,0.302709982,-0.004599673,0.849553513,1.081417766,-1.715315531,-1.43502905,1.227905595,1.01534902,-1.582474305,-1.075520269,1.173139723,0.890986296,-1.574446352,-0.762869875,1,0,0,0,0,0,0,1,0
220916,0.849553513,1.081417766,-1.715315531,-1.43502905,1.227905595,1.01534902,-1.582474305,-1.075520269,1.173139723,0.890986296,-1.574446352,-0.762869875,0.517515074,1.36967836,-0.153345054,-0.582493324,0,0,0,0,0,0,0,0,0
220923,1.227905595,1.01534902,-1.582474305,-1.075520269,1.173139723,0.890986296,-1.574446352,-0.762869875,0.517515074,1.36967836,-0.153345054,-0.582493324,0.667870464,-0.289415388,-1.916554279,-0.002211057,1,0,0,0,0,0,0,1,0
220930,1.173139723,0.890986296,-1.574446352,-0.762869875,0.517515074,1.36967836,-0.153345054,-0.582493324,0.667870464,-0.289415388,-1.916554279,-0.002211057,0.696687147,0.712473128,-0.937958175,-0.374532895,0,0,0,0,0,0,0,0,0
221014,0.517515074,1.36967836,-0.153345054,-0.582493324,0.667870464,-0.289415388,-1.916554279,-0.002211057,0.696687147,0.712473128,-0.937958175,-0.374532895,0.761990788,0.415050462,-1.197351388,0.088117128,0,0,0,0,0,0,0,1,0
221021,0.667870464,-0.289415388,-1.916554279,-0.002211057,0.696687147,0.712473128,-0.937958175,-0.374532895,0.761990788,0.415050462,-1.197351388,0.088117128,0.483257178,1.452343106,0.427645681,-0.267191841,0,0,0,0,0,0,0,0,0
221028,0.696687147,0.712473128,-0.937958175,-0.374532895,0.761990788,0.415050462,-1.197351388,0.088117128,0.483257178,1.452343106,0.427645681,-0.267191841,0.325887676,0.52021428,-0.619487008,-0.054562413,0,1,0,0,0,0,1,0,1
221104,0.761990788,0.415050462,-1.197351388,0.088117128,0.483257178,1.452343106,0.427645681,-0.267191841,0.325887676,0.52021428,-0.619487008,-0.054562413,0.92334508,0.312968928,-1.07975455,0.112999318,1,0,0,0,0,0,0,1,0
221111,0.483257178,1.452343106,0.427645681,-0.267191841,0.325887676,0.52021428,-0.619487008,-0.054562413,0.92334508,0.312968928,-1.07975455,0.112999318,0.3929453,1.770888449,0.811898272,-0.262814667,0,0,0,0,0,0,0,0,0
221118,0.325887676,0.52021428,-0.619487008,-0.054562413,0.92334508,0.312968928,-1.07975455,0.112999318,0.3929453,1.770888449,0.811898272,-0.262814667,0.139246712,0.548084069,-0.328364751,0.245789106,0,0,0,0,0,0,0,0,0
221125,0.92334508,0.312968928,-1.07975455,0.112999318,0.3929453,1.770888449,0.811898272,-0.262814667,0.139246712,0.548084069,-0.328364751,0.245789106,0.806998616,1.944525079,-1.597838132,-1.091349974,1,0,0,0,0,0,0,1,0
221202,0.3929453,1.770888449,0.811898272,-0.262814667,0.139246712,0.548084069,-0.328364751,0.245789106,0.806998616,1.944525079,-1.597838132,-1.091349974,1.135409956,1.303710961,-1.846278987,-0.764391116,1,0,0,0,0,0,0,1,0
221209,0.139246712,0.548084069,-0.328364751,0.245789106,0.806998616,1.944525079,-1.597838132,-1.091349974,1.135409956,1.303710961,-1.846278987,-0.764391116,0.779642893,1.515349828,-0.954390539,-0.756184152,0,0,0,0,0,0,0,0,0
221216,0.806998616,1.944525079,-1.597838132,-1.091349974,1.135409956,1.303710961,-1.846278987,-0.764391116,0.779642893,1.515349828,-0.954390539,-0.756184152,0.515803128,1.093155095,-0.718576424,-0.200400253,0,0,0,0,0,0,0,0,0
221223,1.135409956,1.303710961,-1.846278987,-0.764391116,0.779642893,1.515349828,-0.954390539,-0.756184152,0.515803128,1.093155095,-0.718576424,-0.200400253,-0.414203355,-0.698858967,0.106236811,1.229133269,0,0,0,0,0,0,0,0,0
221230,0.779642893,1.515349828,-0.954390539,-0.756184152,0.515803128,1.093155095,-0.718576424,-0.200400253,-0.414203355,-0.698858967,0.106236811,1.229133269,0.377071783,0.47904058,-1.776229483,0.417022139,1,0,0,0,0,0,0,1,0
230106,0.515803128,1.093155095,-0.718576424,-0.200400253,-0.414203355,-0.698858967,0.106236811,1.229133269,0.377071783,0.47904058,-1.776229483,0.417022139,-0.092761105,1.124429378,-0.38187719,-0.284153358,0,0,0,0,0,0,0,0,0
230113,-0.414203355,-0.698858967,0.106236811,1.229133269,0.377071783,0.47904058,-1.776229483,0.417022139,-0.092761105,1.124429378,-0.38187719,-0.284153358,-0.271608936,1.214716371,-0.134724159,-0.226054129,0,0,0,0,0,0,0,0,0
230120,0.377071783,0.47904058,-1.776229483,0.417022139,-0.092761105,1.124429378,-0.38187719,-0.284153358,-0.271608936,1.214716371,-0.134724159,-0.226054129,-0.249182642,0.906297231,-0.224020462,0.305253464,0,0,0,0,0,0,0,0,0
230203,-0.092761105,1.124429378,-0.38187719,-0.284153358,-0.271608936,1.214716371,-0.134724159,-0.226054129,-0.249182642,0.906297231,-0.224020462,0.305253464,-0.849859538,0.233194631,1.119334215,0.765758134,0,0,0,0,0,0,0,0,0
230210,-0.271608936,1.214716371,-0.134724159,-0.226054129,-0.249182642,0.906297231,-0.224020462,0.305253464,-0.849859538,0.233194631,1.119334215,0.765758134,-0.176780039,0.703467358,-0.080179067,0.106673108,1,0,0,0,0,0,0,1,0
230217,-0.249182642,0.906297231,-0.224020462,0.305253464,-0.849859538,0.233194631,1.119334215,0.765758134,-0.176780039,0.703467358,-0.080179067,0.106673108,-0.167809739,0.433931497,-0.183967874,0.421809848,0,0,0,0,0,0,0,0,0
230224,-0.849859538,0.233194631,1.119334215,0.765758134,-0.176780039,0.703467358,-0.080179067,0.106673108,-0.167809739,0.433931497,-0.183967874,0.421809848,0.488601044,1.226211923,-1.726203671,-0.867651081,1,0,0,0,0,0,0,1,0
230303,-0.176780039,0.703467358,-0.080179067,0.106673108,-0.167809739,0.433931497,-0.183967874,0.421809848,0.488601044,1.226211923,-1.726203671,-0.867651081,0.554429002,1.465896185,-0.909609106,-0.882775399,0,0,0,0,0,0,0,0,0
230310,-0.167809739,0.433931497,-0.183967874,0.421809848,0.488601044,1.226211923,-1.726203671,-0.867651081,0.554429002,1.465896185,-0.909609106,-0.882775399,0.384262429,1.105167473,-0.847722509,-0.804932519,0,0,0,0,0,0,0,0,0
230316,0.488601044,1.226211923,-1.726203671,-0.867651081,0.554429002,1.465896185,-0.909609106,-0.882775399,0.384262429,1.105167473,-0.847722509,-0.804932519,0.373510336,0.486107146,-1.238140013,0.009296335,0,0,0,0,0,0,0,0,0
