time,per,cjl,cje,jc,ccl,price,avgp
150417,-0.7725,231102,3.57E+11,-222.56,9144,7758.2,7733.0759
150424,6.7125,611019,9.86E+11,-91.895,14603,8327.2,8067.4897
150430,0.3756,543731,9.01E+11,-130.873,16354,8338.8,8283.085
150508,-2.2046,554355,9.02E+11,-30.093,16258,8171.2,8135.243
150515,5.8842,761772,1.31E+12,-163.085,28064,8579.8,8567.7497
150522,12.5968,1213380,2.25E+12,-36.971,37707,9741.2,9279.7847
150529,3.9096,1544458,3.17E+12,154.155,40059,10121,10258.616
150605,8.1169,1586725,3.46E+12,-195.52,33977,10949,10912.5599
150612,4.4665,1461671,3.20E+12,-118.0906,29351,11427.8,10943.8992
150619,-12.8379,1299605,2.80E+12,2.5926,31879,9990,10787.8584
150626,-14.5711,1350723,2.62E+12,-449.0648,31210,8629,9693.0648
150703,-14.2109,2116670,3.38E+12,49.309,24505,7404.8,7977.1146
150710,-2.928,538023,7.64E+11,-37.3842,11715,7207.4,7096.7833
150717,9.0213,493603,7.47E+11,-137.0971,10762,7857.6,7568.481
150724,2.5364,884382,1.40E+12,-445.0739,11838,7980,7920.4572
150731,-9.2926,841898,1.26E+12,-328.0608,10625,7399,7479.8088
150807,6.6913,602405,9.08E+11,-162.1187,11483,7851.2,7533.5653
150814,7.1237,555087,9.18E+11,-228.2423,10775,8397,8265.3561
150821,-14.3424,596778,9.51E+11,-405.5024,13814,7207.4,7963.9369
150828,-11.6688,683297,8.25E+11,-440.2938,15107,6402.6,6037.9885
150902,-14.3326,353713,4.00E+11,-745.5533,14495,5377,5652.5109
150911,19.2511,44293,54587788360,-73.3191,8907,6420,6162.1236
150918,-8.8749,35557,41991186600,-206.8814,7371,5830,5904.7707
150925,-0.2723,48042,57654852520,-320.9764,8974,5787.4,6000.4634
150930,2.2814,25684,30334361240,-205.9274,8796,5917.8,5905.3032
151009,8.201,15345,19298357760,-63.2514,8901,6406.8,6288.1583
151016,9.1856,31687,42579830000,-67.7599,0,6979.8,6718.8169
151023,-1.0161,48691,65081377120,-230.2344,10045,6908,6683.1013
151030,-1.2978,49591,67368069400,-301.1706,11732,6783.8,6792.3685
151106,7.1105,49754,68704399440,-153.0471,11479,7293.8,6904.4096
151113,2.5852,38352,56833795360,-99.108,10101,7468,7409.4956
151120,-0.4148,34363,51863812120,-363.6655,12890,7442.6,7546.4616
151127,-4.6129,45160,67303033200,-283.5243,14526,7092.6,7451.6202
151204,3.2547,51735,74304505240,-195.8749,15423,7315.8,7181.2608
151211,-0.8233,44197,64090330160,-63.3017,13989,7227.4,7250.5295
151218,3.7754,34986,52084874760,-211.77,10986,7487.6,7443.6739
151225,1.9051,37635,56815559240,-196.3244,12940,7595.8,7548.2343
151231,-2.8732,33460,49755997000,-268.689,14285,7349,7435.146
160108,-13.5045,38578,51824088080,-170.6316,14367,6399.8,6716.793
160115,-7.9406,47051,57122106880,49.1185,0,5942.8,6070.233
160122,-2.7019,61958,71798074800,-200.8111,16430,5779.8,5794.0924
160129,-7.6707,62368,67886089080,-139.3254,17250,5329.8,5442.3814
160205,4.5996,53939,59451114360,-47.1971,14114,5617,5510.9582
160219,2.2225,44408,51417153760,-211.7164,19870,5767.8,5789.1769
160226,-6.1203,68574,78231123720,-231.1376,21084,5417.8,5704.1389
160304,0.0147,84325,90957114440,-169.5614,19314,5452,5393.2472
160311,-0.8971,76921,84898590120,-95.7818,18117,5413.2,5518.5574
160318,6.9563,67032,75841080680,-149.663,21533,5799.6,5657.0803
160325,1.9245,71302,84230487320,-167.0312,22661,5910.4,5906.6006
160401,2.3916,80555,95608128800,-96.5278,20879,6028,5934.3386
160408,2.1587,58522,71960580600,-54.5419,19253,6114.2,6148.1648
160415,2.3856,64567,80897070160,-169.7496,19414,6214.6,6264.5833
160422,-5.3276,73889,87893593240,-161.3201,22702,5850,5947.6778
160429,0.4261,70002,81563831920,-140.794,23272,5844.8,5825.8215
160506,0.423,56960,68674681800,-73.689,23189,5887.8,6028.3253
160513,-4.6084,70398,79889895880,-55.1107,18410,5659.2,5674.1595
160520,-1.512,61913,70102433280,-170.1018,25881,5562.8,5661.3662
160527,1.2989,74264,83136311760,-108.9897,27494,5630.6,5597.3494
160603,6.4883,76234,88964347960,-29.003,24545,6003.6,5834.9521
160608,-0.01,37719,45122489280,-28.0776,21343,5995.8,5981.4005
160617,-3.1825,67355,78786302200,-153.6724,20528,5810.6,5848.586
160624,-0.365,78039,91112525760,-116.6202,23945,5787,5837.6277
160701,3.9839,68130,81741875400,-71.7385,23994,6039.8,5998.9634
160708,3.5914,64968,80611520120,-34.8533,20801,6265,6203.9404
160715,2.5936,54820,69715416640,-1.2159,0,6439.8,6358.575
160722,-2.5951,63691,80170422760,-118.3254,21621,6272.6,6293.7011
160729,-2.8247,66582,82874749800,-99.8923,21812,6103,6223.5101
160805,0.6154,54599,66468257200,-56.0872,21337,6147.2,6086.9482
160812,1.8713,57497,71714328680,-38.6915,18868,6260.4,6236.354
160819,1.9999,49911,64112886320,-113.9548,23846,6385.6,6422.7211
160826,-1.8292,55835,70498403080,-131.5335,25190,6279.2,6313.1014
160902,-0.3433,52969,66908600280,-85.9538,25085,6271,6315.8263
160909,2.7354,53586,68639112720,-26.053,18857,6445,6404.5751
160914,-2.8389,28857,36346829240,-8.158,6057,6270,6297.7491
160923,0.3217,42414,53058785560,-71.9834,20297,6298.6,6254.867
160930,0.3271,44094,55177106160,-9.4856,19246,6318.6,6256.759
161014,2.4005,39530,50855626160,-2.4915,16596,6467,6432.5356
161021,-0.8556,41827,54009110640,-78.6807,18727,6396.6,6456.2496
161028,0.3192,40206,51930232920,-44.8349,19562,6411,6458.0203
161104,0.0125,40446,52008759560,-42.9928,17934,6419.6,6429.4071
161111,2.1988,43003,55563349800,-20.8864,14274,6563,6460.4039
161118,-0.811,33692,44359073880,-95.5265,24078,6506.8,6583.0277
161125,0.8325,39238,51361047120,-88.0177,25200,6564.8,6544.8095
161202,-1.9927,38801,50853392600,-87.9745,22482,6433,6553.1033
161209,-0.0774,34549,44695189920,-57.9155,16411,6456,6468.3768
161216,-4.1199,38850,48590067640,-114.1239,18521,6204.4,6253.548
161223,0.1581,32202,39978948440,-72.1966,19596,6209.8,6207.5257
161230,0.2389,29473,36594940120,-53.0256,19468,6210.6,6208.2143
170106,1.9591,23799,30091944120,-32.6168,18299,6339,6322.1026
170113,-2.4905,31419,39636267360,-16.2575,16379,6178.4,6307.6908
170120,-1.8397,39544,47920453120,-39.1983,17050,6082.8,6059.1307
170126,1.619,22364,27437476120,-34.9061,16655,6188.8,6134.2953
170203,-0.2524,5183,6378474920,-42.0921,16991,6165,6153.2654
170210,2.1852,32813,40887950360,-42.9081,12676,6294.2,6230.4499
170217,-1.2713,31395,39563711360,-94.1627,22146,6213,6300.9574
170224,3.1771,46869,59496616160,-65.5655,24494,6410.6,6347.1182
170303,-0.1437,49948,63783288800,-59.839,23929,6393,6384.9692
170310,0.1218,44973,57849289560,-37.5165,18588,6410.4,6431.5578
170317,0.0156,47719,61796382600,-73.2463,22976,6410,6475.0291
170324,1.4642,52675,67817896320,-18.815,23524,6527.8,6437.3893
170331,-2.0631,52183,67201481160,-21.4479,21670,6380.2,6439.0205
170407,2.907,29308,38227174560,-22.726,20074,6556,6521.628
170414,-0.5886,48938,64298778440,-9.3624,18249,6518.8,6569.4122
170421,-4.0023,51618,65881494080,-40.5128,18425,6260.2,6381.6396
170428,-1.3346,54492,66985471680,-31.4624,18526,6180.4,6146.3583
170505,-1.8376,39163,48157224160,-31.8828,18682,6057.8,6148.3063
170512,-4.1453,65340,77175880160,-36.5832,15892,5827.2,5905.7147
170519,1.5978,49737,59047120200,-61.3772,25906,5913.6,5935.935
170526,-1.7206,77935,90253750400,-22.3338,26709,5814.6,5790.3221
170602,-1.0628,44761,51517031080,-19.3174,26523,5753.2,5754.6783
170609,3.6206,71169,83602407000,-4.8741,20987,5964.4,5873.5128
170616,-0.0168,59482,70828213320,-55.3996,21593,5957.6,5953.7518
170623,-0.161,67117,80424896520,-57.1137,22956,5953.2,5991.3954
170630,2.7745,60387,73196713360,-40.9556,21126,6097.2,6060.635
170707,1.3141,52549,64507815480,-42.8108,20019,6183.2,6137.8728
170714,-1.5001,60641,74160438720,-35.3397,17244,6093.4,6114.7111
170721,-0.8209,57409,68457781280,-84.9083,16405,6041.2,5962.2865
170728,2.3362,60657,73866129560,-30.2633,18718,6185.2,6088.838
170804,0.0453,55052,68718731600,-39.9151,18578,6185.2,6241.2566
170811,-1.2546,55466,69381792080,-21.9903,17142,6139.2,6254.4435
170818,2.1182,50959,64077545440,-61.1557,24954,6286.6,6287.1667
170825,0.6202,54596,68894713720,-19.3305,25732,6327.2,6309.502
170901,3.0658,52293,67351771920,2.0954,24156,6528.6,6439.8459
170908,0.5061,49051,64389866800,-20.9826,20747,6553.2,6563.5631
170915,1.3546,49134,65395313520,7.1562,0,6629.2,6654.7924
170922,-1.4616,55710,73744112040,-39.8096,20655,6532.2,6618.5705
170929,0.8961,47882,62564044600,-5.0587,19512,6598.2,6533.1486
171013,2.2015,46945,62672034360,12.1836,17400,6722,6675.0489
171020,-2.4172,45954,60621410480,-23.424,0,6548,6595.8796
171027,0.796,52763,69442537920,-29.4067,17809,6601.4,6580.6093
171103,-3.4041,54576,70587128360,-64.9799,18125,6362,6466.8653
171110,4.1866,48481,63237134400,-21.6164,15226,6619.6,6521.8472
171117,-4.5466,46393,60743687600,-38.3415,23928,6323.6,6546.6436
171124,-2.0172,60404,76578305960,-51.0287,24270,6227,6338.8439
171201,0.3067,56513,70550650960,-37.4072,23391,6279,6241.9842
171208,-1.6848,59654,73487604600,-29.1433,19800,6174,6159.4868
171215,0.8477,43632,54548478720,-2.1608,0,6233.6,6250.9716
171222,0.1432,49403,61298702840,0.3153,19358,6243.2,6203.9454
171229,0.7281,46425,57581092200,29.9793,18882,6280.8,6201.5177
180105,2.259,32735,41718133960,-16.4537,17964,6400.8,6372.0993
180112,-0.0905,40355,51714615160,1.8263,15211,6401.2,6407.4607
180119,-1.7826,40052,50348166680,8.62,0,6281,6285.3499
180126,1.8478,45779,58268605800,13.3688,16182,6397,6364.1196
180202,-6.4188,50085,61773053680,-18.6494,15578,5986.2,6166.8218
180209,-8.0029,56003,64490547600,-50.8974,12730,5504,5757.7762
180214,4.1629,22440,25569380440,-24.8344,3613,5730,5697.2773
180223,1.7584,18446,21428102800,-64.2765,23047,5833.4,5808.3332
180302,3.6157,51302,61501084320,-21.1354,22155,6035.2,5994.024
180309,2.8915,50859,61842240880,-8.1754,18511,6198.8,6079.7736
180316,-0.339,45342,56400790360,27.8942,0,6174.2,6219.4864
180323,-8.2372,57499,69193726640,-121.5523,18999,5665.6,6016.9504
180330,7.3364,60422,71624657640,-13.7382,20118,6101,5927.0347
180404,-1.6976,31680,38282620800,-41.6863,20449,5976,6042.0803
180413,0.5286,52047,62715386760,-17.1867,17716,6010,6024.8801
180420,-1.6088,49245,58670881160,27.1641,0,5908,5957.0394
180427,-0.973,52773,61723787760,-8.7836,18887,5852.2,5848.0461
180504,0.6676,30126,35222597080,-28.2944,19121,5881,5845.8802
180511,1.901,41238,49519635800,1.6576,17176,5993,6004.1268
180518,-0.2904,46553,55677036520,-19.9497,28363,5975.2,5979.9622
180525,-1.4328,47696,57208518720,-42.9978,27485,5874.8,5997.203
180601,-3.9023,53441,61583101280,-21.1155,26961,5664,5761.7841
180608,0.2942,49401,56369690800,-10.7031,22063,5658.6,5705.3188
180615,-2.6838,49378,55561873000,-1.3446,0,5482.6,5626.1769
180622,-6.7864,53424,54657682440,-49.3228,24775,5110.8,5115.4614
180629,1.7623,66768,67920164840,-32.3643,25577,5185.4,5086.2812
180706,-4.6261,76635,77495510120,-48.6299,25642,4948,5056.1434
180713,4.6657,66740,67812725200,-13.1855,19889,5191,5080.366
180720,-0.9243,61121,62976190680,-30.0516,21097,5145.2,5151.7638
180727,1.51,57898,60766438880,-19.2904,20882,5230,5247.7149
180803,-7.0075,66398,67255331400,-51.55,20323,4878.2,5064.56
180810,2.302,69575,68231837520,-17.7148,17726,5012.8,4903.4738
180817,-5.4216,64174,63338019280,-65.0285,34093,4738,4934.8661
180824,1.2932,73760,70770346320,-42.8887,32879,4809.4,4797.3391
180831,-0.5571,62742,61179331960,-31.4237,32094,4783.4,4875.4687
180907,-0.5593,70734,67946523400,-26.7779,31055,4765,4802.9606
180914,-2.0951,70824,66506307200,-15.6799,24437,4654.4,4695.1815
180921,2.5224,60346,56452934040,-17.2151,0,4788,4677.4379
180928,0.6317,50825,48673804560,19.6713,24300,4820.4,4788.3723
181012,-11.1555,74965,67305281480,-10.8353,22694,4267.2,4489.1137
181019,-4.1018,67204,55608779120,-36.5854,0,4091.4,4137.3117
181026,2.6668,87584,74002878200,-34.1585,21250,4199.8,4224.6802
181102,5.75,89002,75916039840,-1.9456,23157,4436,4264.8502
181109,-1.4082,79637,70204828400,0.1857,19864,4368.8,4407.8022
181116,6.2354,78984,71989792480,-11.2965,43675,4647.8,4557.239
181123,-7.0204,95069,86091668240,-46.5644,40988,4328.2,4527.8518
181130,-0.661,93170,80932267080,-48.4511,39513,4328.2,4343.2579
181207,1.401,130281,1.16E+11,-24.9593,39049,4386,4451.7195
181214,-1.4163,127839,1.12E+11,-7.5025,33996,4329.6,4381.8146
181221,-3.0026,135886,1.16E+11,-25.144,38542,4206,4263.9849
181228,-1.3787,149229,1.25E+11,-47.6363,40036,4120.4,4182.05
190104,1.8591,87216,71901861920,-3.0786,40767,4207.8,4122.0568
190111,3.0297,143165,1.23E+11,-2.8757,35885,4312,4284.802
190118,0.506,110166,95166167800,-17.8112,0,4330,4319.2168
190125,-0.5666,123166,1.07E+11,-8.4417,29114,4310,4329.0602
190201,-0.342,132863,1.13E+11,18.9304,25952,4313.2,4249.6766
190215,4.7555,115574,1.03E+11,-0.1348,59080,4502.6,4465.5178
190222,6.6028,201731,1.88E+11,27.5023,60769,4804.8,4671.4407
190301,6.4705,257016,2.59E+11,13.975,55455,5081.2,5035.6186
190308,4.7796,309554,3.29E+11,50.7001,53454,5296.4,5309.4958
190315,0.4958,241752,2.63E+11,-7.8087,0,5351.2,5431.9261
190322,4.8597,303638,3.34E+11,-10.9402,59422,5611.2,5492.5752
190329,-1.0725,304973,3.32E+11,-13.2561,58851,5534.4,5438.2421
190404,6.3492,222408,2.57E+11,11.0425,57698,5882.6,5779.838
190412,-2.7597,275273,3.19E+11,-13.1676,49998,5701.2,5790.1985
190419,1.5279,204456,2.34E+11,-28.9798,0,5781.2,5726.2513
190426,-7.0002,342659,3.81E+11,-32.8306,60782,5375.2,5558.5836
190430,-2.3761,166441,1.76E+11,-40.36,61840,5267.2,5297.1731
190510,-4.419,461592,4.54E+11,-46.323,65145,5018,4917.0891
190517,-3.712,324000,3.22E+11,-117.7792,86856,4824.8,4962.1035
190524,-0.9957,407585,3.94E+11,-69.1573,86392,4772.6,4835.6037
190531,0.6994,396816,3.86E+11,-103.2005,82306,4808.8,4860.5761
190606,-4.1684,314990,2.99E+11,-66.9844,85560,4611.8,4743.369
190614,2.9798,405675,3.88E+11,-26.3267,68815,4769.2,4781.9927
190621,4.3984,338263,3.30E+11,-46.3051,77065,4975,4879.9465
190628,-1.1294,341281,3.36E+11,-30.4798,73139,4920,4929.4649
190705,2.2542,307317,3.08E+11,-25.6599,69874,5017,5013.1287
190712,-3.449,311522,3.01E+11,-18.5679,64746,4843,4837.2279
190719,0.8929,253182,2.48E+11,2.7097,0,4881.4,4890.6132
190726,-0.4507,290229,2.79E+11,-38.9099,66370,4859.2,4805.1433
190802,-1.5288,267852,2.59E+11,-30.7198,65572,4779.2,4841.3828
190809,-4.2686,297649,2.76E+11,-29.7526,61382,4570.6,4641.4255
190816,2.1146,258973,2.41E+11,-57.8625,96524,4664.8,4652.1798
190823,3.3954,323567,3.12E+11,-46.1024,98076,4841.8,4828.1295
190830,0.2145,343110,3.34E+11,-27.494,98180,4859,4874.466
190906,6.4955,383205,3.88E+11,-3.2378,90315,5151.4,5057.6996
190912,2.1243,283377,2.96E+11,-2.4115,71281,5240.2,5218.851
190920,-1.9094,290712,3.01E+11,-57.0848,75027,5147.4,5176.3371
190927,-3.3432,354189,3.59E+11,-27.0299,75257,4978.6,5071.8026
190930,-1.7861,63138,62602787840,-46.903,76255,4894,4957.6157
191011,2.4147,258042,2.57E+11,0.0835,72199,5055.6,4974.3905
191018,-1.3833,245634,2.49E+11,14.3928,0,4976.2,5069.8896
191025,-0.0187,310613,3.05E+11,-20.3684,72664,4974.2,4915.3985
191101,-0.3223,294692,2.92E+11,-14.1495,69820,4948.2,4961.8281
191108,0.5502,317526,3.17E+11,-17.4938,62836,4970.8,4986.3652
191115,-3.232,273123,2.66E+11,-48.0367,113365,4820.4,4864.877
191122,0.5178,359126,3.52E+11,-51.0828,121602,4853,4899.5934
191129,0.5977,350218,3.41E+11,-13.9416,108742,4881,4869.698
191206,2.9644,328558,3.23E+11,5.0896,95822,5015.6,4922.6849
191213,1.913,307080,3.09E+11,19.3142,77997,5093,5036.6416
191220,2.3359,285982,2.98E+11,19.9248,78685,5204.6,5210.7024
191227,-0.8906,333397,3.44E+11,-15.5929,78849,5163.6,5164.548
200103,3.8064,259342,2.74E+11,-2.6372,70973,5378,5289.463
200110,1.5413,360960,3.94E+11,-12.2279,65628,5468,5463.3467
200117,0.6865,240218,2.66E+11,4.9547,0,5515,5530.9435
200123,-3.0735,296669,3.26E+11,-31.3411,69629,5346.4,5499.1909
200207,-0.7267,385084,3.91E+11,-26.6369,66379,5300.4,5076.9468
200214,2.4448,366909,3.94E+11,-15.2025,63113,5405.6,5363.8878
200221,7.127,398222,4.49E+11,-9.0321,121546,5775,5634.1125
200228,-6.4184,730528,8.32E+11,-68.2897,126883,5383,5693.4049
200306,4.8426,633171,7.16E+11,-82.8602,111369,5681,5657.93
200313,-4.4453,671067,7.36E+11,-10.2006,104696,5447,5483.9579
200320,-4.6646,584185,6.06E+11,-52.4809,98494,5166.8,5190.8919
200327,-1.7841,608946,6.18E+11,-83.7371,102434,5053.6,5076.3329
200403,-0.515,559910,5.61E+11,-45.4393,96374,5061.6,5012.1435
200410,2.8138,365100,3.82E+11,-12.7102,92119,5195.8,5227.2316
200417,1.3157,394026,4.13E+11,-66.6547,85073,5251.8,5242.4246
200424,-0.6741,417194,4.39E+11,-57.3474,85546,5216.2,5259.6609
200430,2.4085,349789,3.65E+11,-21.8595,84353,5332,5216.9187
200508,2.7874,239493,2.59E+11,-27.8965,77944,5479.8,5416.7118
200515,-1.3687,361779,3.96E+11,-103.3336,122218,5404.6,5470.6977
200522,-2.8977,454690,4.90E+11,-60.4268,122558,5267.8,5390.7989
200529,0.7234,430364,4.56E+11,-87.5403,114990,5318.8,5295.7476
200605,4.2207,402697,4.44E+11,-44.4231,105537,5541,5512.5928
200612,0.8899,436977,4.86E+11,-13.2871,88231,5578.2,5555.4146
200619,2.2732,377391,4.27E+11,-73.3482,92644,5713.8,5660.7921
200624,0.3739,218159,2.50E+11,-44.8893,85670,5744.2,5727.5773
200703,5.312,444244,5.20E+11,-16.7099,83464,6034.8,5853.0974
200710,11.1347,531060,6.90E+11,12.7627,81989,6689.2,6500.7705
200717,-5.8737,539188,7.16E+11,-43.5912,93207,6301,6638.4796
200724,-1.7515,600974,7.76E+11,-79.9831,99535,6204,6454.9232
200731,4.7656,559011,7.13E+11,-63.6696,103706,6516,6379.3223
200807,1.9145,556796,7.38E+11,-66.6822,95135,6622.2,6629.3266
200814,0.2843,530104,6.93E+11,6.8367,86776,6630.4,6538.3322
200821,-0.8453,412805,5.49E+11,-121.7444,133479,6522.2,6647.2947
200828,2.2884,558265,7.29E+11,-31.2096,135011,6660,6525.8499
200904,-0.9157,520378,6.88E+11,-39.7762,122849,6578.8,6608.5465
200911,-4.3383,578848,7.39E+11,-31.967,114709,6280,6380.1557
200918,2.4182,434819,5.51E+11,-31.8692,100788,6437.6,6337.8782
200925,-3.1536,457200,5.75E+11,-27.2904,103853,6209.6,6291.1108
200930,-0.5519,276773,3.43E+11,-29.5045,90987,6163,6198.613
201009,2.8921,78291,99272015872,-25.3711,85688,6332.6,6339.9379
201016,1.3546,284984,3.70E+11,-9.0822,0,6419.6,6490.5547
201023,-2.8566,404518,5.08E+11,-44.4626,96750,6168.8,6278.1255
201030,-1.7391,412757,5.09E+11,-43.2803,96674,6068.2,6169.5931
201106,3.3834,431352,5.36E+11,-12.8477,85497,6288.4,6213.0941
201113,0.4277,385333,4.87E+11,-14.77,77356,6292.2,6324.8989
201120,1.7611,309478,3.92E+11,-43.7854,136117,6379.2,6338.9816
201127,-0.5643,405370,5.16E+11,-7.6119,133653,6344,6363.3303
201204,2.2546,429534,5.48E+11,-6.3345,113529,6458.4,6384.5827
201211,-3.8573,392175,4.97E+11,-13.027,106683,6196.4,6339.9456
201218,1.0319,314899,3.93E+11,-45.318,89727,6246.6,6243.1264
201225,0.3236,386874,4.85E+11,-16.4981,92570,6262,6270.1512
201231,1.3507,289735,3.62E+11,-19.1149,91004,6348,6254.225
210108,3.2599,384565,4.98E+11,-6.9964,82709,6550.6,6474.1914
210115,-2.0659,293165,3.80E+11,-27.3011,0,6390.2,6478.7264
210122,3.1738,319122,4.14E+11,-71.2052,72891,6566.6,6483.1182
210129,-3.762,334390,4.32E+11,-32.5371,78082,6313.6,6459.604
210205,-0.7992,301853,3.83E+11,-8.6709,62476,6231.2,6341.2624
210210,3.9818,164079,2.09E+11,-33.1658,35304,6492,6377.1803
210219,1.9906,124302,1.63E+11,-73.4821,138714,6630,6573.0116
210226,-4.4188,431668,5.63E+11,-43.9529,137938,6320.4,6524.9727
210305,1.0103,382430,4.89E+11,-4.4964,125358,6399,6390.6453
210312,-2.8298,426555,5.28E+11,-7.1802,98369,6215.2,6186.212
210319,0,280428,3.47E+11,-9.8023,0,6196.8,6194.6136
210326,1.4718,336753,4.16E+11,-19.3941,95849,6232.4,6181.6156
210402,0.9589,276239,3.45E+11,-30.2059,86343,6296.4,6238.6839
210409,0.4701,224299,2.83E+11,-8.4393,80033,6326.8,6313.9173
210416,0.0696,286203,3.58E+11,-14.1906,82867,6325.4,6257.2064
210423,2.0819,262564,3.36E+11,-19.7558,74759,6443,6391.5544
210430,0.7152,272189,3.51E+11,-8.1075,76667,6477.6,6445.6932
210507,-0.5167,119670,1.55E+11,-14.2429,73969,6430.2,6473.3375
210514,1.703,286205,3.69E+11,19.3964,60860,6545.2,6443.5881
210521,-0.4781,222117,2.91E+11,-32.664,125308,6495.2,6552.6631
210528,2.3732,279030,3.68E+11,-16.3696,111990,6651.8,6587.0942
210604,0.5306,301496,4.01E+11,-24.0574,106383,6669,6651.8186
210611,1.2555,271679,3.63E+11,0.0848,79104,6726,6687.2302
210618,-1.1125,182261,2.41E+11,-9.1635,0,6648.6,6624.0676
210625,2.8372,251331,3.37E+11,-13.6138,96186,6799.8,6703.4805
210702,-2.3791,252774,3.41E+11,-19.0451,96509,6639,6737.3265
210709,2.1471,274319,3.68E+11,-20.3389,84885,6784.2,6702.7276
210716,1.5603,272399,3.76E+11,-38.5232,88600,6886.6,6894.8748
210723,0.9474,257027,3.55E+11,-38.7499,87385,6947,6906.2625
210730,-2.6503,372298,5.02E+11,-8.716,91968,6758.6,6747.7303
210806,2.4201,267978,3.66E+11,-40.6679,79136,6898.2,6834.2809
210813,2.913,258217,3.61E+11,-8.8876,67415,7080,6980.9073
210820,-2.8734,267175,3.70E+11,-58.2248,157080,6861.8,6928.3059
210827,3.7641,278642,3.92E+11,-73.3088,145668,7106.8,7025.2641
210903,1.4821,355290,5.09E+11,-61.6809,137934,7217,7157.5054
210910,5.4987,325626,4.84E+11,-13.8749,105957,7593.8,7431.1923
210917,-3.5645,353031,5.31E+11,-74.5645,101846,7321,7519.1511
210924,0.8567,188689,2.79E+11,-10.3843,98051,7370,7381.1044
210930,-3.6528,275834,3.94E+11,-8.4076,85413,7095.2,7144.9745
211008,-0.2311,57105,81142640640,-9.9356,83939,7081.4,7104.6879
211015,-0.8217,252850,3.55E+11,0.8404,0,7025,7010.1475
211022,-0.0428,225510,3.18E+11,-21.8676,77968,7004.2,7041.8596
211029,0.1885,227480,3.19E+11,-7.0992,77552,7015.4,7006.3657
211105,-0.0799,234059,3.29E+11,11.6923,74568,7003.6,7029.4222
211112,2.1995,214158,3.02E+11,8.3873,58029,7165,7062.3657
211119,0.0642,199409,2.83E+11,0.1241,150436,7170,7102.6149
211126,0.4719,208702,3.01E+11,-23.4622,141114,7196.4,7216.5688
211203,1.3348,258229,3.73E+11,-13.9173,122941,7288,7225.073
211210,0.6018,268453,3.89E+11,15.354,93005,7322,7252.9322
211217,-0.0492,231630,3.40E+11,1.4399,85508,7316,7337.3357
211224,-0.0027,223668,3.26E+11,30.6444,89080,7309.4,7284.4864
211231,0.9614,211781,3.10E+11,12.3976,93717,7371.8,7323.596
220107,-2.5184,193444,2.81E+11,16.324,85895,7192,7263.914
220114,-1.5226,205923,2.95E+11,7.2592,77582,7088.4,7155.3389
220121,-1.1536,214000,3.04E+11,32.5845,77434,7009.2,7112.6128
220128,-6.3009,259758,3.52E+11,-19.53,80855,6561,6769.644
220211,2.5821,215672,2.91E+11,8.7765,66091,6753.8,6748.8426
220218,1.0864,205894,2.78E+11,-5.6217,147682,6829.4,6758.4587
220225,-0.0616,289869,3.95E+11,-1.2311,138533,6818.2,6820.2905
220304,-0.0088,250212,3.42E+11,13.1663,126239,6817,6838.9702
220311,-4.7527,400326,5.15E+11,7.0731,100720,6481.2,6429.6799
220318,-2.3614,390892,4.84E+11,-39.2166,104250,6293,6196.0471
220325,-1.4346,294193,3.71E+11,-57.2376,105048,6211,6303.1564
220401,2.0283,294473,3.70E+11,3.8794,93892,6368.4,6282.8118
220408,-2.4045,188852,2.36E+11,-14.1167,91359,6210,6240.5364
220415,-2.8948,342488,4.15E+11,-52.7489,100720,6018,6063.4426
220422,-5.7824,358173,4.22E+11,-54.3844,107542,5686.6,5890.6033
220429,-1.4971,537565,5.78E+11,-8.9021,103391,5619,5373.1996
220506,-1.6264,149340,1.67E+11,-59.5693,102168,5504.2,5593.2986
220513,4.7574,383735,4.35E+11,-14.4014,82261,5782.4,5673.4391
220520,2.1041,361352,4.17E+11,-38.2882,179287,5891.2,5774.7313
220527,-0.3172,432170,5.02E+11,-54.915,174431,5845,5806.2472
220602,3.8269,309490,3.67E+11,-28.2349,166362,6050.2,5933.614
220610,3.3773,432148,5.31E+11,10.2968,126044,6250.4,6147.797
220617,0.6376,464412,5.79E+11,-33.9092,129198,6282.4,6233.0528
220624,1.2181,424232,5.29E+11,-19.6827,125766,6348.6,6240.1118
220701,1.0844,378852,4.86E+11,-25.3375,117152,6413.2,6419.4069
220708,-0.4988,359726,4.63E+11,-21.2393,98193,6383.2,6434.7136
220715,-2.3091,299669,3.76E+11,56.2001,0,6253,6278.8903
220722,1.0747,315774,3.97E+11,-44.7325,96095,6244.8,6287.5808
220729,0.3529,285101,3.57E+11,-38.9144,86312,6255.2,6267.4562
220805,-0.0639,354198,4.38E+11,-12.5113,81405,6258,6179.6393
220812,2.8063,220209,2.79E+11,-2.453,64579,6418.4,6337.7493
220819,-1.115,230292,2.97E+11,-41.5159,170846,6350.2,6437.9319
220826,-1.4556,326813,4.13E+11,-29.3739,161563,6269,6323.8938
220902,-2.0797,335536,4.15E+11,-19.2273,149568,6130.2,6190.7592
220909,3.0249,284801,3.56E+11,-2.3724,109843,6314.6,6241.911
220916,-6.3519,272575,3.37E+11,-36.5037,106956,5918,6175.1659
220923,-0.9478,303662,3.59E+11,-16.2019,112885,5873.4,5910.8821
220930,-2.9439,329968,3.84E+11,-3.8629,101694,5710.2,5822.2792
221014,4.4913,331953,3.83E+11,10.3611,87634,5983.8,5769.638
221021,-0.7182,264668,3.17E+11,-13.0811,87409,5943.8,5985.2539
221028,-2.8974,367508,4.35E+11,-10.7972,98258,5771,5922.526
221104,6.2917,326301,3.88E+11,22.7371,83189,6156.2,5942.1285
221111,-0.1464,254278,3.13E+11,0.9789,70103,6139.6,6146.7247
221118,0.5793,235594,2.92E+11,23.9523,175266,6215.6,6202.7167
221125,-2.003,309597,3.80E+11,8.3409,164179,6096.2,6139.2736
221202,1.1365,285311,3.51E+11,7.9873,141046,6176,6149.9205
221209,0.3072,277000,3.44E+11,11.8991,108058,6204.2,6206.4883
221216,-2.5691,233442,2.86E+11,-20.0627,0,6052.8,6128.7504
221223,-4.8059,237444,2.80E+11,28.4542,103465,5791.8,5891.1019
221230,1.6589,179184,2.11E+11,6.3331,94133,5870.8,5874.2606
230106,2.5466,157932,1.89E+11,11.3848,85799,6024.2,5976.7528
230113,0.9461,184952,2.24E+11,24.3098,67777,6082,6044.5563
230120,3.0566,169122,2.08E+11,-7.2337,0,6244.2,6163.18
230203,1.1804,196231,2.49E+11,-0.4861,66562,6343.2,6336.1728
230210,-0.0946,210619,2.66E+11,3.148,55328,6337.4,6309.3564
230217,-1.4724,186817,2.37E+11,-0.8053,153714,6236.6,6346.8983
230224,1.4012,237062,3.00E+11,-1.4435,139385,6339.4,6328.5675
230303,0.7876,216281,2.75E+11,-17.7177,126170,6372.6,6346.1379
230310,-2.6919,239578,3.02E+11,-1.8989,101305,6203,6294.9782
230316,-0.8569,208715,2.59E+11,14.1683,24965,6155,6206.6882
