0,1,2,3,4,5,6,7,8
-0.112978116,0.014092587,0.000560495,0.033835422,-0.040511288,0.036261708,-0.04633332,7.52E-05,-0.07596727
-0.25822863,-0.08417335,0.009362932,0.039483223,-0.123351745,-0.007871725,-0.14283645,-0.006262928,-0.20966205
-0.31860954,-0.0985754,0.01327832,0.074018404,-0.17807615,0.10825917,-0.18654081,-0.008357987,-0.2792742
-0.31710133,-0.20145658,0.03240946,0.004743151,-0.1443961,0.11525458,-0.1787422,-0.010956638,-0.27192757
-0.32087806,-0.0610509,0.029338628,0.17042038,-0.30155373,0.1371141,-0.18380395,-0.012623705,-0.27609327
-0.43501434,0.33954558,0.03813809,0.4809502,-0.5132595,-0.8727866,-0.37404022,-0.042533897,-0.5644248
-0.14128484,0.010670058,0.037283715,0.17101541,-0.25848567,0.15371381,-0.23025826,-0.012246102,-0.3521814
-0.13395567,0.21676375,0.038010284,0.36684844,-0.3974738,0.3983288,-0.2787518,0.001816798,-0.4076206
0.07680813,0.9429307,0.04660304,0.7137444,-0.43180767,-0.7682931,-0.4470109,-0.04008062,-0.7083439
0.0851603,1.8455715,0.035246987,1.2396982,-0.24744207,-0.5557248,-0.45905045,-0.0403345,-0.7161902
0.5244955,0.4684983,0.011189587,0.19812582,0.018456653,0.35372815,-0.3115603,-0.008264847,-0.45100388
0.5187098,-0.038274635,0.017930923,-0.18235151,0.21429035,0.33322617,-0.30455926,-0.012675755,-0.43329456
0.52171904,-0.15599997,-0.009941672,-0.17624581,0.13182269,0.319013,-0.312392,-0.010987312,-0.39528158
0.52582616,-0.3015571,0.008959383,-0.21394117,0.09046801,-0.1973664,-0.30031687,-0.026118226,-0.40806448
0.5650423,0.08332649,-7.42426,0.3512755,-0.4184148,0.828404,-0.26911286,0.13675092,-0.48511735
0.15226687,-0.000781383,-0.007720274,-0.10824532,0.15042539,0.12991177,-0.04246229,0.004543129,-0.06674308
0.15964887,0.22760624,0.004509866,-0.054626774,0.2113201,0.42527315,-0.13084388,-2.58E-05,-0.1947734
0.063527524,0.4179831,0.014872155,0.032520007,0.24610831,0.9670574,-0.20221934,0.002915777,-0.2939792
0.000425911,0.3464009,-0.003531099,0.028532181,0.23305944,0.9819984,-0.24767384,0.00644936,-0.3483648
0.004119561,0.1303922,-0.037734,-0.047526944,0.20185864,0.86657685,-0.25209197,0.008456975,-0.3619169
-0.011047485,0.035675313,-0.05258896,-0.012923427,0.07287853,0.33223435,-0.2644007,-0.010317676,-0.3716852
-0.1536564,0.015198737,0.010089336,0.046033982,-0.051745467,0.15717612,-0.0680905,-0.000153258,-0.13143277
-0.24915783,0.07838568,0.021371042,0.16280232,-0.18242948,0.16792509,-0.113546744,-0.003599986,-0.17758045
-0.2450222,0.1534697,0.007551985,0.22523274,-0.23075885,0.15318161,-0.119778186,-0.000276446,-0.17302594
-0.2467184,-0.13157223,-0.11432822,0.023712713,-0.12323969,0.20696518,-0.095768176,9.36E-05,-0.17445885
-0.7952408,-0.41230315,-0.3064893,-0.870458,1.1420045,-0.09947961,-0.33159074,-0.017746598,-0.45925766
-0.620162,0.407759,-0.000294039,0.2455727,0.077590026,0.36687192,-0.17273489,0.007409126,-0.26406208
-0.71220475,0.16584644,0.014580446,0.21840473,-0.14219545,-0.40507022,-0.23243892,-0.02220466,-0.31638312
-0.7126088,0.11173938,0.010067152,0.2094654,-0.19814119,-0.4487313,-0.22202322,-0.020651072,-0.32010224
-0.21329239,-0.09789091,0.002254617,-0.06882388,0.046161793,0.105654955,-0.08414547,-0.003738478,-0.08924684
-0.2115076,-0.1319191,0.0036746,-0.058524966,-0.000137394,0.057095975,-0.08092563,-0.004325308,-0.07212437
-0.29917964,-0.15125588,0.018904157,0.009646036,-0.11638213,0.075377494,-0.11497863,-0.006730527,-0.14831595
-0.38126862,-0.21924517,0.022188812,0.005431972,-0.15254015,0.1737323,-0.15746638,-0.01008442,-0.22424355
-0.17049073,-0.1214795,0.005923449,-0.052849922,-0.00392331,0.023225108,-0.08468832,-0.005199805,-0.101330794
-0.23295514,-0.11263302,0.028969143,0.040682096,-0.13719654,0.052827008,-0.043913335,-0.003056757,-0.15448034
-0.3788534,-0.2861813,-0.042593233,0.000388909,-0.20100152,0.30019924,-0.20175213,-0.009702742,-0.29382744
-0.3768745,-0.355278,0.029226646,0.006915465,-0.2606135,-0.096150324,-0.20888415,-0.01666227,-0.27669805
-0.050576694,-0.04896541,0.003151745,-0.022471432,-0.00098003,0.002127448,-0.04521478,-0.001794696,-0.06998852
-0.050833665,-0.06241564,0.001271169,-0.040104453,0.014252564,0.006261552,-0.043615222,-0.002100095,-0.04979322
-0.16933988,-0.059932403,-0.002433064,-0.047722895,0.033879846,0.06420483,-0.08113036,-0.00307595,-0.10836765
-0.4717624,-0.12901342,0.007038374,-0.12808351,0.14787841,0.25535184,-0.18227065,-0.005455978,-0.24742496
-0.81675565,-0.14214754,0.001634743,-0.0604304,0.073732406,0.45122868,-0.27175534,-0.013046861,-0.3710049
-1.0053827,-0.3383654,0.022776056,-0.28219506,0.27633762,0.45844576,-0.229218,-0.013736956,-0.37481615
-1.173325,-0.28827116,0.01026228,-0.007266674,-0.16902636,0.1376847,-0.2615022,-0.016410127,-0.34029797
-1.164332,-0.21709827,-0.009853208,0.13179274,-0.3493516,0.22092962,-0.25724638,-0.014753237,-0.35194632
-1.1568167,-0.19291443,-0.5013587,0.19308269,-0.444298,0.552377,-0.2819624,0.000453245,-0.43634543
-0.13389137,-0.05173747,0.000782517,-0.034195326,0.021229513,0.028216204,-0.045485128,-0.000905227,-0.066640265
-0.25340056,-0.0937839,0.010602345,-0.02402226,-0.022940287,0.031738326,-0.067755476,-0.002981193,-0.113662995
-0.36182067,-0.15477522,0.010180414,-0.054181818,-0.023064082,0.068010435,-0.10406251,-0.004506327,-0.085473835
-0.35807994,-0.16295111,0.012099388,-0.03286148,-0.066644356,0.046757013,-0.07510467,-0.003629036,-0.028196182
-0.4684153,-0.26858526,0.013725819,-0.087981984,-0.06040802,0.023532996,-0.12888616,-0.008336641,-0.07071248
-0.4632561,-0.28343174,-0.014786338,-0.0728472,-0.10302224,0.012535432,-0.13558316,-0.011770189,-0.032990925
-0.46533024,-0.31026402,-0.0656092,-0.09010038,-0.09219766,0.05413322,-0.15373927,-0.009691209,-0.071936995
-0.11123316,-0.07593599,0.00424985,-0.029492099,-0.008251337,-0.026669191,-0.03808809,-0.000795148,-0.009050618
-0.29225454,-0.0686332,-0.007721041,-0.00133409,-0.04709611,-0.023332471,-0.089961775,-0.003878892,-0.07957236
-0.29284468,-0.06546522,0.003198024,0.00598849,-0.054025218,-0.007983595,-0.09439078,-0.003919445,-0.08482102
-0.28781387,-0.067569986,0.002208767,0.006499473,-0.044716246,0.32507712,-0.09484457,-0.004466206,-0.092051834
-0.12265426,-0.06213388,0.001978282,-0.016063299,-0.019568982,-0.033441234,-0.04373297,-0.001591973,-0.058604598
-0.122290015,-0.07108081,0.002089161,-0.030703431,-0.003200498,-0.036287736,-0.042288348,-0.001064047,-0.040310074
-0.12195346,-0.07234023,0.004510258,-0.025569474,-0.011905452,-0.037320033,-0.044819377,-0.00135472,-0.025490394
-0.12186253,-0.07439856,0.003652101,-0.02043004,-0.02152473,-0.04101341,-0.038562346,-0.001078729,0.012450581
-0.23330985,-0.141734,0.005216994,-0.029762065,-0.06169027,-0.09503888,-0.07539466,-0.006276622,-0.046754323
-0.3243297,-0.18901254,0.011437222,-0.008596107,-0.12812288,-0.10343582,-0.008450577,-0.005175583,-0.057099685
-0.3278771,-0.21179351,-0.002571382,-0.04389606,-0.09602642,-0.1192406,-0.099761985,-0.009790637,0.007693892
-0.32840893,-0.2248492,-0.10375488,-0.039393455,-0.11406801,0.02355641,-0.068374075,-0.004013874,0.029708425
-0.20547776,-0.15750156,-0.003528923,-0.061192155,-0.024564711,-0.08644258,-0.07203319,-0.005860843,0.042626083
-0.20875736,-0.1569424,-0.001449864,-0.042536996,-0.05458901,-0.094162464,-0.07953037,-0.006712407,0.045080394
-0.28327096,-0.20945174,-0.000318079,-0.011500668,-0.14269558,-0.0372874,0.012222387,-0.007365778,0.030400751
-0.29285708,-0.24478763,-0.54574275,-0.042569906,-0.11522625,0.18680711,-0.0694641,0.013389852,-0.000785096
-0.07959893,-0.07529209,0.002764534,-0.03982356,0.004612459,-0.02536495,-0.028604114,-0.000616659,0.060032114
-0.07797227,-0.076474816,0.000574778,-0.038454223,0.001027918,-0.021407519,-0.031559844,-0.00065333,0.08222611
-0.07567048,-0.07983141,0.000477449,-0.059225127,0.03266307,-0.007931534,-0.038891807,-0.001492031,0.07208813
-0.077089585,-0.07970898,0.000915475,-0.05199765,0.021826964,0.016461762,-0.041300833,-0.000985339,0.065860264
-0.15406783,0.026659206,0.001919563,0.069886774,-0.089935176,-0.052721575,-0.046910807,-0.001731157,-0.0641579
-0.15285361,0.04617587,0.00185973,0.08003715,-0.09228333,-0.029904936,-0.042880066,-0.000775941,-0.065359645
-0.24400796,-0.00352465,0.012345524,0.070492625,-0.117095746,-0.24733503,-0.07902457,-0.008230291,-0.11458621
-0.09209728,-0.076010615,0.003793249,-0.013556939,-0.034366526,-0.05456329,0.005005792,-0.000962686,0.016666105
-0.17107114,-0.15056054,0.004635669,-0.035317887,-0.05933687,-0.09050985,-0.045530103,-0.005286567,-0.01017968
-0.16898358,-0.15206395,0.01775115,-0.006098323,-0.10444194,-0.10004846,0.000157569,-0.005875401,0.03772606
-0.17001303,-0.15301293,-0.017243832,-0.006405734,-0.10896408,-0.10417001,-0.06573577,-0.006392069,0.044103473
-0.15127347,-0.13210192,0.018965535,-0.001473509,-0.094046995,-0.11455571,-0.00024006,-0.004954405,-0.000593232
-0.30059505,-0.24205485,-3.87E-05,-0.006171133,-0.17645246,-0.15849076,-0.00365998,-0.011336215,0.02377863
-0.415818,-0.22746281,0.04726261,0.05783314,-0.26502794,-0.22403678,-0.040825173,-0.014822021,0.011428474
-0.5410467,-0.32510558,0.004190649,-0.07954769,-0.12969519,-0.15190391,-0.22805521,-0.018458843,-0.03371653
-0.5419651,-0.3646124,0.003687027,-0.12341972,-0.077719115,-0.014449082,-0.24534664,-0.011513658,-0.08039914
-0.2544419,-0.037663627,0.005245781,0.084776506,-0.15677114,-0.09372811,-0.0518822,-0.003772751,-0.031378813
-0.33117488,-0.08948767,0.013527794,0.08310357,-0.18928294,0.028123343,-0.10965913,-0.006224684,-0.113103196
-0.3295457,-0.065385565,0.022027753,0.09753816,-0.1960719,0.16535103,-0.005359905,-0.001628615,-0.112194434
-0.33274934,-0.047445156,0.005592407,0.11299011,-0.21150081,-0.25778943,-0.125768,-0.007799253,-0.15512885
-0.08209964,-0.077834964,0.000216583,-0.018586539,-0.030534564,-0.059236124,-0.040749796,-0.002548225,-0.01607829
-0.082591265,-0.077092715,0.000647221,-0.006546836,-0.048661835,-0.064285606,-0.04385989,-0.002755158,-0.015293379
-0.14667514,-0.15864062,0.000223064,-0.019772148,-0.090433255,-0.046279848,-0.08769541,-0.00730665,-0.08889259
-0.06929111,-0.07461428,0.00259975,-0.022949737,-0.023213184,-0.07574807,-0.044245407,-0.00360319,-0.06540459
-0.070478104,-0.076075986,-0.001488758,-0.032140695,-0.010776565,-0.07329617,-0.045352813,-0.003480166,-0.056367286
-0.20188643,-0.054943226,0.007021043,0.027189095,-0.08883662,-0.13296412,-0.0806523,-0.005839855,-0.116488144
-0.20153214,-0.056466617,0.002684145,0.025280003,-0.08726705,-0.120311424,-0.09127024,-0.005569302,-0.107378304
-0.20141809,-0.069792196,0.002736819,0.013209041,-0.077868015,-0.10795633,-0.091258496,-0.005981945,-0.1030193
-0.19601063,-0.022478495,0.007153958,0.060006168,-0.1147233,-0.06965314,-0.08625633,-0.003496535,-0.10881173
-0.20394427,-0.014682477,0.012735794,0.08154677,-0.12374302,0.21001267,-0.09212119,-0.00477837,-0.11520226
-0.049851395,-0.073201224,0.00454131,-0.031331934,-0.009080593,-0.060672067,-0.041337997,-0.002965644,-0.04460966
-0.051695447,-0.063582286,0.004274703,-0.012287781,-0.030142738,-0.0502739,-0.027804574,-0.001741514,-0.024714615
-0.051811505,-0.07251708,0.00119225,-0.02371919,-0.02087176,-0.050310984,-0.0139118,-0.001224633,0.03260982
-0.09074559,-0.12904064,0.011554319,-0.005981419,-0.08691142,-0.09983379,0.04134599,-0.004117653,0.10171472
-0.08758948,-0.14799352,-0.008459956,-0.039529495,-0.056566708,-0.1061841,0.014995188,-0.004693486,0.25237873
-0.20666105,-0.1211323,0.032806594,0.101485446,-0.24824366,-0.1686892,0.29575703,0.000115111,0.1357474
-0.2261175,-0.07256858,0.021704974,0.1678527,-0.31521276,-8.82E-05,0.23961177,0.002759904,0.13026606
-0.23212235,-0.11113867,0.001837031,0.19383289,-0.38791406,-0.23516828,0.08942965,-0.008602262,0.13957727
-0.14707954,0.016301926,0.02982324,0.16700073,-0.26485398,0.017112615,0.1965873,0.004064273,0.4147432
-0.13920376,-0.14315052,0.015622392,0.06377284,-0.21373025,-0.38805574,0.023554448,-0.013452113,0.5305039
-0.14106324,-0.19513543,0.023158297,0.009982415,-0.16837367,-0.3953795,-0.052356213,-0.0168631,0.31893852
-0.13759501,-0.16796745,-0.00538664,0.071560025,-0.24381024,-0.3543069,-0.0980049,-0.014950208,0.17603973
0.005993558,-0.13001202,0.009689136,-0.019053716,-0.07344993,-0.10102347,0.09321776,-0.002960436,0.11358766
0.012688636,-0.1388421,0.013787249,-0.027625743,-0.06845676,-0.09258808,0.059982814,-0.006103493,0.23471901
0.0171041,-0.15299305,0.011795335,-0.055405907,-0.035019018,-0.06370711,-0.023872098,-0.00739833,0.27048498
0.016066127,-0.16037539,-0.006400432,-0.07581053,-0.006874466,-0.0632691,-0.05752201,-0.005528562,0.16400848
0.01651593,-0.15861915,-0.016044635,-0.06068415,-0.023214051,0.12548722,-0.08444548,-0.006590091,0.10123286
-3.36E-05,-0.06654385,0.002320121,-0.006237172,-0.043130152,-0.07058073,-0.033562496,-0.001024224,-0.028656147
0.010517352,-0.14264323,0.005082001,-0.010816943,-0.09622077,-0.14708927,-0.018911587,-0.003648661,-0.016804073
0.013281168,-0.13116343,0.021021683,0.006862823,-0.109493606,-0.13925725,0.21998584,-0.000379849,0.14904039
0.035812955,-0.210301,0.015195487,0.003791012,-0.16700383,-0.20805585,0.13680974,-0.006348111,0.29145938
0.05132675,-0.25325698,0.03111149,0.03650688,-0.2371872,-0.21830125,0.23489973,-0.005510263,0.30341175
0.09920096,-0.2704213,0.058824316,0.07481691,-0.29848364,-0.013289582,0.42398715,0.000845008,0.21514961
0.19389291,-0.23524417,-0.011827336,-0.112246394,0.013046287,-0.10035571,0.7458877,0.019681573,0.44063097
0.21851529,-0.3240595,0.003006659,-0.25164837,0.13737182,-0.060703747,0.18510365,-0.004721552,0.54479295
0.20203137,-0.33981508,-0.018283743,-0.23408401,0.0924759,-0.11734669,0.021869898,-0.014598399,0.3593682
0.20178163,-0.35359493,-0.005176623,-0.21445063,0.05382371,-0.12689629,-0.084061384,-0.01718957,0.31352392
0.17306295,-0.2416393,0.047169086,-0.028325833,-0.15250494,-0.11204348,-0.04034964,-0.013464503,0.14571951
-0.04870318,0.07269311,0.007479689,0.1440711,-0.17141974,-0.10448388,-0.042913247,0.00067668,-0.09084256
0.052209195,0.04084922,0.017210001,0.10951319,-0.15252388,-0.23553023,-0.16210172,-0.010577112,-0.23207936
0.27193713,0.047802087,0.032365404,0.031557012,-0.03941133,-0.5820212,-0.19587931,-0.020368613,-0.32698643
0.39951688,0.21018063,0.023688052,0.11691044,-0.053234763,-0.55657285,-0.027919298,-0.006415062,-0.20760688
0.59533364,-0.25318307,0.020089783,-0.2274683,0.14583927,0.07557864,0.27923587,0.013209492,0.2334376
0.6043087,-0.31433937,0.017148336,-0.28788584,0.19196424,0.10179727,0.120564185,0.003423374,0.33025303
0.61708254,-0.43823135,0.006237788,-1.0414424,1.300298,0.6374098,0.37382334,-0.001782298,0.32415742
0.5620151,-0.27392405,-0.002436158,-0.55851966,0.6633669,0.14444959,-0.23270205,-0.01086843,0.062365025
0.026381288,0.0572079,0.007745684,0.035264935,-0.020846194,-0.259283,-0.12636057,-0.00838954,-0.193631
0.025914773,0.09177907,0.010068893,0.08327241,-0.07017005,-0.2739419,-0.12781802,-0.008630253,-0.181089
0.025932603,0.0366841,0.003899376,0.039664667,-0.04106828,-0.2737027,-0.12533143,-0.009340726,-0.15770745
0.028577376,-0.058214635,0.004208169,-0.07676345,0.07904142,-0.23004314,-0.039875057,-0.005848534,-0.09731713
-0.099102885,0.04929254,0.013729786,0.051074866,-0.0535563,0.10830364,-0.13797984,-0.006044149,-0.089022726
-0.10529645,0.15521018,0.032588195,0.16456744,-0.15182178,0.18437341,-0.12026103,-0.001060952,-0.088912524
-0.14870782,-0.16848055,-0.003702111,-0.13847588,0.0795654,-0.025645496,-0.15634468,-0.014230453,-0.18886043
-0.14283207,0.0561007,0.024496587,0.09492186,-0.11674727,-0.18698207,-0.19269177,-0.011606246,-0.25414014
-0.046068843,0.005790692,0.004837235,-0.007721543,0.014357485,0.021618182,-0.07857284,-0.004104547,-0.052029066
-0.04841513,0.053204823,0.002366849,0.039309178,-0.024651049,0.015571227,-0.08628746,-0.004123546,-0.058846444
-0.04788327,0.020650841,0.006789337,0.015241351,-0.010667402,0.05804406,-0.09191005,-0.004845284,-0.07417297
-0.09274145,0.11570278,0.001442242,0.11231078,-0.09100816,-0.009568891,-0.047622144,-0.001002275,-0.07057401
-0.08054631,0.076576665,0.005603227,0.07450791,-0.06520635,-0.23991528,-0.09092859,-0.006334752,-0.12893234
-0.08040345,0.06066439,0.00701012,0.060128253,-0.05454701,-0.24189432,-0.08606343,-0.006743401,-0.1163641
-0.07833582,-0.003483718,0.005852073,-0.000727076,-0.007177886,-0.247219,-0.08297322,-0.009339154,-0.09982965
-0.31812426,0.14903146,0.014618183,0.14777264,-0.12529425,-0.032795753,-0.15924415,-0.007476293,-0.20212524
-0.47307146,0.053612757,0.019407082,0.06482799,-0.052284434,-0.17022218,-0.15366688,-0.007742129,-0.27411267
-0.46909046,0.2590851,0.031067763,0.25149748,-0.19251668,-0.18332985,-0.24999964,-0.01873234,-0.274059
-0.4686287,0.33296847,0.02104187,0.31451985,-0.24166188,-0.107494645,-0.1430544,-0.009490967,-0.24962978
-0.18528962,0.001665365,0.008104277,0.024920043,-0.04259111,-0.29478106,0.03962039,-0.011720218,0.036224067
-0.18338916,-0.11172022,-0.006733523,-0.13899955,0.1321948,-0.23727435,-0.08083142,-0.014628463,0.08415107
-0.1898955,-0.043544438,0.002716689,-0.015277207,-0.015512779,-0.27036372,-0.04867899,-0.013490319,0.083673805
-0.18148564,-0.1572576,-0.020295255,-0.19491965,0.19292149,-0.11208597,-0.15341762,-0.015137292,-0.000444235
-0.11939865,0.10116258,-0.001966962,0.101031184,-0.084570594,-0.002075914,-0.04746698,-0.000274718,-0.06990473
-0.119631544,0.084576786,-0.001530354,0.09629935,-0.08947927,-0.020249788,-0.04517569,-0.000483576,-0.06752976
-0.119423606,0.115114376,-0.000312267,0.07956077,-0.040519178,-0.23937434,-0.06334193,-0.005735375,-0.114035346
-0.20513901,0.121301815,-0.006630064,0.105314195,-0.07645861,0.24775982,-0.101870805,-0.002806135,-0.09607456
-0.31983745,0.10134259,0.013214627,0.11265685,-0.0924853,0.36676422,-0.15607351,-0.005691975,-0.17174302
-0.43486276,0.34132046,-0.008165625,0.30140615,-0.22132786,0.07963244,-0.18582949,-0.008309521,-0.2216541
-0.3254939,0.21153232,0.012212569,0.2379653,-0.21254754,0.09394643,-0.0534971,0.003363852,-0.14898494
-0.3284703,0.3464206,0.008655671,0.32662353,-0.24750936,0.104368314,-0.125159,-0.000301033,-0.16280462
-0.32722622,0.26048714,0.013802025,0.2848386,-0.25054193,0.09665119,-0.09559431,0.001343407,-0.15025686
-0.32610407,0.22255456,0.004809743,0.27284968,-0.26023602,0.08818411,-0.11274236,-0.000393007,-0.15719935
-0.32941538,0.07269351,0.001732587,0.21746086,-0.26632512,0.3772491,-0.02731602,0.003164522,-0.1650751
-0.10791707,-0.095595315,-0.004039249,-0.05843861,0.01463721,0.003210468,-0.063838266,-0.003819957,-0.09647009
-0.23534158,0.024172,0.012661006,0.066832155,-0.096105784,-0.02463345,-0.10192593,-0.003215306,-0.14620328
-0.3743524,-0.025254115,0.012353154,0.02180348,-0.060323097,0.017922463,-0.08322857,-0.003914028,-0.10773822
-0.52006537,-0.044920955,0.001512287,0.02612682,-0.08628359,0.019086344,-0.05085662,-0.009183146,0.04705751
-0.67464775,0.106257826,0.003937291,0.18149975,-0.21879178,0.02960573,-0.14406796,-0.010924481,0.04270538
-0.7425457,0.06671001,0.008292159,0.16286892,-0.21804494,0.25571263,-0.25014767,-0.013105623,-0.07972504
-0.7881198,0.28317717,0.043374244,0.37096852,-0.36642787,0.27877796,0.015544534,-0.002242833,-0.1224917
-0.30680498,-0.021962898,0.012525794,0.031845387,-0.06816077,-0.340316,-0.028440326,-0.013133362,0.018803509
-0.33494982,-0.012643183,0.01844262,0.10559136,-0.1808616,-0.34400517,0.11691817,-0.012396112,0.1349027
-0.35779595,0.003045149,0.044876453,0.16195035,-0.26775002,-0.25103447,0.714258,0.001097955,0.38829228
-0.37034482,0.8483344,0.09929529,0.71318436,-0.5106142,0.007077934,2.012874,0.111615635,-0.073699236
0.020317785,-0.048368856,0.027017668,0.002781183,-0.046748705,0.2047187,0.864302,0.06374314,0.17064402
-0.039460026,-0.09806055,0.0129726,-0.092435,0.043648362,0.29712638,0.42670304,0.01780852,0.38613778
-0.047315873,0.03283981,0.05771928,0.12835005,-0.1972227,0.33222958,0.8460452,0.03483859,0.32355356
-0.039132804,-0.20037225,-0.059704255,-0.09168251,-0.03575673,0.37606233,0.6610902,0.005046364,0.49560523
-0.011271525,0.13786161,0.023486871,0.106888145,-0.07773995,-0.19334199,0.56881523,0.021539439,0.23793653
0.212673,0.0906305,0.021083005,-0.022364413,0.08141581,-0.1402021,0.17112395,0.003378786,0.121843055
0.20703466,0.1460176,0.050353993,0.11058068,-0.084673546,-0.16599067,0.796817,0.0329072,0.2844171
0.32304296,-0.06703548,-0.004587925,-0.13558754,0.13106477,-0.15053006,0.9048899,0.02047883,0.9119589
0.3648776,-0.32417828,0.012320208,-0.39543197,0.3443909,0.17260143,0.3376966,0.000972506,1.4347404
0.37935135,-0.37248924,0.008986812,-0.6745769,0.7474506,0.4719806,0.19524673,-0.00280381,1.1131359
0.38245538,-0.3964933,-0.024378575,-0.7690243,0.88293105,0.592444,-0.16373155,-0.009129085,0.6452042
0.030404039,-0.06303823,0.001808976,-0.050372746,0.02659798,-0.026231633,0.008360686,-0.001102306,-0.009252205
0.08351448,-0.07928176,0.031271167,-0.03127891,-0.017713921,-0.02649596,0.4311135,0.013836291,0.10154116
0.1637834,-0.14671198,0.017784748,-0.13309035,0.07725963,0.081559405,0.9721767,0.039191756,0.9347104
0.27892697,-0.23363717,0.002407473,-0.23863992,0.16939704,0.1401412,0.76811045,0.031396195,1.5665133
0.28215763,-0.27519852,0.00170401,-0.31441125,0.26031855,0.11495471,0.706729,0.006930936,1.6788307
0.2809953,-0.29434893,-0.004258611,-0.34574956,0.29162133,0.19707482,0.23197955,-0.006096743,1.5728745
0.11481897,-0.075091615,-0.002093586,-0.13164431,0.14314945,-0.010316517,-0.006233092,0.000757881,0.043516293
0.11440775,-0.07749204,-0.004765336,-0.14641121,0.16569817,-0.000774797,-0.02352426,0.000953414,0.05166073
0.0269479,0.07768689,0.008034188,-0.002448898,0.05982329,0.020534335,-0.1105488,-0.004608877,-0.08585306
0.024379447,0.11461027,0.014591538,0.030972805,0.034411095,0.05060716,-0.12092149,-0.004829705,-0.09848917
0.024669021,0.2080175,0.007618035,0.102774054,-0.005024625,0.15746728,-0.14077005,-0.003867246,-0.1196937
0.08870795,-0.072803624,0.003653951,-0.10522535,0.112358026,-0.038687587,-0.043681122,-0.003823184,-0.07529604
0.20745267,-0.141699,-0.000506575,-0.19445693,0.19626583,-0.034410622,-0.035516843,-0.002496094,-0.01258726
0.20952287,-0.15267389,0.000417205,-0.20991455,0.20834659,-0.04524441,-0.038484678,-0.003532141,0.07400853
0.20945126,-0.1590935,0.005091493,-0.22797434,0.23308064,-0.028036734,-0.06900914,-0.00370276,0.11096871
0.19301356,-0.07128452,0.015048978,-0.13812108,0.16440313,-0.04268758,-0.11940595,-0.005253144,0.05958221
0.32546687,-0.08587185,0.007914658,-0.19517064,0.23508404,-0.25103468,-0.1522991,-0.009317145,0.004143322
0.32554466,-0.1270526,0.011282271,-0.26616785,0.31109107,-0.015971892,-0.17511025,-0.005718291,-0.007563842
0.11307375,0.033583928,0.001011223,-0.048349008,0.10001968,-0.24952269,-0.08856482,-0.006595202,-0.098186165
0.11225027,0.0900172,0.005795946,0.006151769,0.053895146,-0.24839537,-0.08947498,-0.005829349,-0.09348333
0.11257119,0.045618,0.004250783,-0.037554253,0.09127749,-0.24955902,-0.090105005,-0.006623678,-0.09926323
0.11215734,0.0413278,0.003189619,-0.039779402,0.091723666,-0.25017318,-0.08889826,-0.006702967,-0.098970145
0.11104084,0.035868023,-0.001365202,-0.05560143,0.10433786,0.10825209,-0.09409611,-0.000947073,-0.09937299
0.008315531,-0.023074374,0.001586943,0.038199667,-0.07545423,-0.066085,-0.026990242,-0.00098725,-0.045195248
0.10232439,-0.061004236,0.01852148,-0.03448762,-0.001523331,0.01537071,-0.05139779,-0.003630161,-0.10442245
0.21389443,-0.13624415,0.006355029,-0.14881667,0.119551204,0.06536513,-0.06110522,-0.002107173,-0.07721442
0.21931255,-0.13678038,0.014733268,-0.15185261,0.11355555,0.10211575,0.03305642,0.007026169,-0.03602241
0.35379606,-0.19510852,0.008641653,-0.24781553,0.23110732,-0.2832012,-0.09665314,-0.003799863,-0.05114972
0.35157037,-0.17165115,0.00411296,-0.2023261,0.18372282,-0.2769399,-0.1441589,-0.007693671,-0.06628124
0.35379186,-0.19491312,0.008864223,-0.24017705,0.22551943,-0.07468384,-0.16497192,-0.011748396,-0.09369628
-0.07486364,0.068390846,0.012350351,0.13060732,-0.15584639,-0.049188025,0.18382338,0.010135092,-0.02851089
-0.069161005,0.15775518,0.006098567,0.18843561,-0.17547789,-0.049566887,-0.040169064,0.002172127,-0.074239
-0.06781861,0.20420732,0.006331828,0.21291314,-0.17895164,-0.022235004,-0.08405324,0.000448968,-0.103101805
-0.06915963,0.1756035,0.006850149,0.19913687,-0.18007499,0.005347507,-0.07078357,-7.94E-05,-0.13448513
-0.09144747,0.3156982,0.005270083,0.26441884,-0.1757612,0.011485072,-0.09907259,-0.004224144,-0.13743196
0.11351837,0.1048132,0.002073207,-0.08487022,0.19763,-0.012475137,-0.1731717,-0.011747293,-0.25089452
0.05334176,-0.17770484,-0.045540154,-0.426652,0.5565401,-0.37304887,-0.003389778,-0.002240628,-0.16340083
-0.13168353,0.17829768,0.01583125,-0.041783042,0.22082049,-0.18290074,0.1800729,0.023218952,-0.13718292
-0.069165595,0.11001141,0.016725933,-0.13106796,0.30641052,-0.05000733,-0.06998138,0.001454003,-0.041424673
-0.11475054,0.33344215,0.025305007,0.09358513,0.13559178,-0.10293056,-0.2877914,-0.016414404,-0.22199404
-0.10577383,0.3713313,0.022273738,0.13439514,0.098396234,-0.06663879,-0.28827658,-0.015094161,-0.23208709
-0.025532912,0.029133711,0.000572372,0.023013625,-0.029799411,0.18361503,-0.06751115,-0.002481177,-0.018337438
0.029716108,0.027052999,0.02652789,0.035187554,-0.04252848,-0.30484068,0.13545233,-0.008137129,0.05741127
0.026229002,0.003051642,0.018955477,0.049145002,-0.07142101,-0.32592684,-0.089426115,-0.016238041,0.18250299
0.026152726,-0.0090694,0.017176505,0.045172926,-0.07457492,-0.31977084,-0.11531544,-0.016294442,0.13964371
0.028685756,-0.050381027,-0.009190616,-0.027058389,0.007079083,-0.070036724,-0.17378187,-0.015458688,0.032811232
0.12522349,-0.14631703,0.00764909,-0.14915846,0.13136414,-0.07619786,-0.088142425,-0.007200971,-0.12359746
0.12653053,-0.14882952,0.005425212,-0.15433763,0.13731529,-0.0790755,-0.07778634,-0.006010965,-0.09473059
0.12699503,-0.14381823,0.015769336,-0.12916371,0.09723723,-0.06593372,-0.04776428,-0.003699124,-0.05282644
0.22807397,-0.22521777,0.004043271,-0.21968316,0.17086919,-0.07715277,-0.06301329,-0.006752394,0.07305001
0.8174783,0.2906962,-0.056218658,0.11023305,-0.016532952,0.15351912,0.47526133,0.14114851,-0.08399439
0.80317825,0.10851364,0.027483083,0.050565798,-0.022685086,-0.34579167,0.42333505,0.054383963,0.017410493
0.8212026,-0.13573138,0.02519228,-0.081643894,0.020018166,-0.49228704,0.6960025,0.030044463,0.2612857
0.59915906,-0.25418517,0.005694577,-0.42643082,0.45454028,0.14772251,0.27272543,0.007684737,0.7480644
0.59110546,-0.1844154,0.01739201,-0.23270224,0.21026987,0.18373841,0.91999537,0.045404542,0.7440762
0.5879581,-0.2587401,-0.006224823,-0.3137874,0.28228474,0.18084052,1.0476252,0.035905182,0.87592936
0.5942091,-0.23291549,0.002036505,-0.14764276,0.061383165,0.2848472,0.8797254,0.031199908,0.8477245
0.5948955,-0.31252185,-0.061659988,-0.23568477,0.13783337,-0.026173862,0.36912107,0.000227898,0.53611124
0.1924754,-0.061390985,-0.001935604,-0.11391072,0.12650096,-0.005674046,-0.017097559,0.00063578,-0.025111806
0.19296175,-0.068005495,0.0011171,-0.121397495,0.13110316,-0.009307591,-0.007890116,0.000569906,0.009864263
0.19603634,-0.07576065,-0.008787013,-0.15159181,0.17047486,0.001832556,-0.00330394,0.002998903,0.055888973
0.19297922,-0.076719105,-0.003052205,-0.12688807,0.13028981,-0.004325058,-0.010707304,0.002282195,0.08801116
0.4081199,-0.15798724,-0.012834459,-0.29728004,0.33733606,0.035495095,-0.056865036,-0.000793561,0.05371874
0.40749052,-0.15543805,-0.00117549,-0.24010816,0.25103033,0.09188489,-0.082911104,0.001868449,0.032283835
0.121165045,0.005279884,0.013339281,0.03610866,-0.058714785,-0.03128352,0.5018846,0.027521793,0.018654758
0.36603665,-0.095950484,0.005425334,-0.14165828,0.1330795,0.14274812,0.4295781,0.025668047,0.118962094
0.3988708,0.1467609,0.007379313,0.020583998,0.058111757,0.1594217,0.20037541,0.007916309,0.17726755
0.39917773,0.13482516,-0.030947626,0.02148645,0.06669209,-0.039089482,0.46793583,0.00957647,0.067981124
0.2671307,0.24407992,0.003851241,0.05681083,0.09620014,-0.005098257,-0.07624232,-0.001945257,-0.016844865
0.51401395,0.34891725,0.013880813,0.09419064,0.11395077,-0.26033634,0.022895962,-0.007481553,-0.003681403
1.0825701,0.36770132,0.000478163,0.00112145,0.23030767,-0.33595333,0.6566916,0.010247357,0.08834942
1.0924822,0.25544918,0.004304933,-0.10851331,0.34987998,-0.29219857,-0.04138954,-0.00804358,0.2084863
1.092085,0.24202076,0.007233845,-0.10251507,0.3373357,-0.034529757,-0.09660724,0.000835937,0.27435386
0.8334606,-0.2304532,-0.004914279,-0.41653448,0.4672339,-0.02840095,-0.054367904,-0.001796641,0.18107705
0.825187,-0.19202098,0.034812428,-0.13880733,0.08548642,-0.024874672,0.8278618,0.013746701,0.3174867
1.1551683,-0.31167042,-0.008722243,-0.59291905,0.68193156,0.36194003,-0.0821036,-0.008239433,0.37326705
0.40575728,0.22612047,0.008786421,0.005273905,0.15938804,0.005980952,-0.07970072,-0.000892952,-0.030419774
0.5378304,0.48992172,-0.010194941,0.1290715,0.17897777,0.09856386,-0.17853436,-0.00557445,-0.17450224
0.53105307,0.5454336,0.003720596,0.20045756,0.12314535,0.107565135,-0.18445346,-0.00368622,-0.15277712
0.54506767,0.31860954,0.010721183,0.02549721,0.19778058,0.076442525,-0.12309176,0.002780609,-0.15372287
0.21566866,0.51178193,0.006984416,0.4218935,-0.26517236,-0.061907865,-0.07553358,0.008177005,-0.15622905
0.21670023,0.5809029,0.012087541,0.4610918,-0.2710882,-0.04884343,-0.09762332,0.004192073,-0.15930916
0.21245968,0.290127,0.005854157,0.30604577,-0.2594211,-0.07715355,0.06524854,0.017178614,-0.1537265
0.25356394,0.69998425,0.006155884,0.58048916,-0.3679355,-0.020789713,-0.10840641,0.008809086,-0.24420342
0.027396202,0.30580932,0.000403862,0.20704077,-0.09652811,-0.003436176,-0.050759915,-8.17E-05,-0.0681989
0.027848817,0.24576113,0.002185814,0.17667396,-0.09402254,-0.000556719,-0.049545854,-0.00105419,-0.06680866
0.02608069,0.3163712,-0.004576055,0.21281295,-0.09808299,0.06874733,-0.049931616,0.000697773,-0.06721427
0.03022049,0.4022027,0.003551956,0.25752726,-0.10309506,-0.12833276,-0.04709416,-0.002763696,-0.07172704
0.045909747,0.18804792,0.003304997,0.14595775,-0.08779256,-0.016575366,-0.0472272,-0.002482943,-0.06714451
0.07997187,0.58054185,0.004115982,0.39831927,-0.18329209,-0.035811547,-0.096994676,-0.001111709,-0.13878275
0.114061855,0.6606115,0.012703903,0.49337843,-0.27032053,-0.057367332,-0.13444242,-0.006757505,-0.2077284
0.11559083,0.63532984,0.011289725,0.48171595,-0.27177966,-0.037823465,-0.13276382,-0.00541053,-0.2050621
0.11603641,0.65088904,0.009751965,0.4901742,-0.27188286,0.002519805,-0.13693434,-0.004532144,-0.20632541
0.11312873,0.2923119,-0.011588587,0.31138283,-0.25481462,0.14432064,-0.116922766,0.006134652,-0.20759353
0.06451963,0.42888,0.013176769,0.37127432,-0.266526,-0.035412535,-0.032038175,0.010783434,-0.17600223
0.06649013,0.48454407,0.012086031,0.40635392,-0.2720327,-0.027868792,-0.09654945,0.001116104,-0.17972873
0.06666081,0.4690837,0.007610085,0.40536657,-0.2744966,0.030378612,-0.13216111,-0.00368011,-0.18888982
0.058123693,0.32184044,0.01528683,0.38921744,-0.35557723,0.18222417,-0.08956497,0.01165675,-0.2663645
-0.002540031,0.14588091,0.002147107,0.12867853,-0.09282748,-0.016111631,-0.04778091,-0.002664298,-0.06788801
-0.001366542,0.2190782,0.001867706,0.16294178,-0.09362114,0.004969206,-0.048767693,-0.001678005,-0.06757984
0.16789292,0.16941588,0.002363458,0.045947056,0.049865156,-0.24725354,-0.07972971,-0.006980032,-0.11430967
0.17110947,0.07455817,-0.002230199,-0.057441413,0.11966007,0.100244924,-0.085060656,0.001390189,-0.09128495
0.17422326,-0.07578741,0.004262345,-0.142235,0.16192159,-0.015678495,-0.039085403,-0.001006816,-0.001532245
0.34768912,-0.15522821,0.010274629,-0.23072498,0.24081182,-0.04967508,-0.07725519,-0.000782091,-0.028622357
0.34746867,-0.15754443,-0.008017066,-0.25577268,0.27720705,-0.002821589,-0.08686121,1.91E-05,-0.025086418
0.5434326,-0.23372842,-0.016013395,-0.4228185,0.4818011,0.07351232,-0.11825849,-0.00718917,-0.06108053
0.36727184,-0.15369086,0.000731966,-0.34205484,0.41477692,-0.005018286,-0.08609541,-0.003840402,-0.05664096
0.367696,-0.15390366,0.005310078,-0.35118884,0.42932415,0.039197326,-0.08333975,-0.002964206,-0.06304344
0.3667648,-0.15557529,-0.0156571,-0.32450953,0.38387358,0.10930137,-0.08451704,-0.001805484,-0.06911618
0.3688743,-0.15393835,0.000681096,-0.30539224,0.34968698,0.22152184,-0.08933278,0.000408113,-0.078594506
0.06498285,-0.039006036,0.013374708,0.022854265,-0.069919005,-0.060907833,0.36486268,0.013696011,0.07448642
0.44494027,-0.10072999,0.01200751,-0.17293572,0.18176061,-0.27596667,0.051702365,0.006843649,-0.028887669
0.4389201,-0.17228857,-0.001781862,-0.26690584,0.27307114,-0.26287818,0.09934507,0.006095454,0.00202162
0.3694457,-0.15473053,0.002285149,-0.3040005,0.35181198,-0.026174055,-0.07753539,-0.002731741,-0.002549527
0.37025827,-0.15499726,0.006560615,-0.31625134,0.37030107,0.004474783,-0.08353498,-0.00311511,0.007778971
0.37294182,-0.1539222,-0.000625252,-0.3435491,0.4149472,0.047190644,-0.08363671,-0.001996495,-0.006222561
0.3700101,-0.007764977,-0.002888066,-0.2794012,0.42048183,0.12858787,-0.13335589,-0.005557604,-0.09818775
0.37086272,0.03133325,-0.007178738,-0.23045826,0.3475003,0.42868906,-0.1324741,-0.00145261,-0.10662824
-0.009637794,0.26584476,0.006771812,0.23932694,-0.17740655,-0.04459046,-0.09339588,-0.003273048,-0.13623038
-0.010742093,0.24598226,0.003405084,0.23242633,-0.17997093,-0.041240342,-0.09464709,-0.002945699,-0.13521029
-0.007295351,0.3049455,0.00337887,0.2622248,-0.18006772,0.065378785,-0.09282395,-0.002296917,-0.14038344
-0.012766161,0.12375514,0.002880464,0.11771488,-0.09175265,-0.023889666,-0.047769353,-0.002490006,-0.06573322
-0.013776967,0.04933318,0.001678198,0.080635905,-0.08661877,-0.011768143,-0.04245723,-0.001576036,-0.061070018
-0.057792384,0.07817316,0.00404162,0.1527436,-0.17734337,0.049468704,-0.01938323,0.003009576,-0.16218434
-0.14397596,0.34950778,0.009341139,0.4289078,-0.40288186,0.011394365,-0.071618706,0.00125932,-0.23603827
-0.14249372,0.2794252,0.016119437,0.33493033,-0.31514063,-0.027349206,-0.032489024,0.005039804,-0.18365632
-0.14187424,0.44166112,0.014975842,0.43976942,-0.34967402,-0.020972922,-0.16778004,-0.006148264,-0.20112357
-0.14228195,0.3388795,0.017101672,0.38470307,-0.3417759,0.04379315,-0.1451921,-0.00105238,-0.2117094
-0.13962516,0.16442949,0.007722393,0.30580905,-0.34951684,0.05843796,-0.03362046,0.004545752,-0.19388582
-0.21671419,-0.04258902,-0.023161609,0.24930833,-0.40909928,0.35914028,0.750803,0.008111697,-0.17672801
-0.07233584,0.06236432,0.00236239,0.08640973,-0.08763687,0.01675891,-0.04638783,-0.001370121,-0.067015074
-0.07246387,0.074458316,0.001392832,0.09520009,-0.092811234,0.013075819,-0.048291586,-0.001290452,-0.06605953
-0.0726004,0.11521238,0.000508625,0.11637439,-0.09484756,0.10480493,-0.047249913,-0.001496702,-0.070637904
0.03406326,-0.06017697,0.007071581,-0.047652952,0.027279735,-0.028841635,-0.031826697,-0.002379447,-0.053026825
0.16090232,-0.19795895,0.008184873,-0.22294468,0.20034124,-0.040527802,-0.047718287,-0.003149599,-0.060823016
0.25681484,-0.24204673,0.007204483,-0.25702682,0.20213622,-0.002198229,0.19832546,0.003482163,0.18763407
0.35661286,-0.28441897,0.0347305,-0.22986045,0.14656937,0.029980937,1.4470074,0.053896166,0.6050375
0.50311244,-0.31261387,0.029647905,-0.2828174,0.19159384,0.19273315,0.741307,0.032213356,0.9402631
0.49831465,-0.4253132,4.16E-05,-0.513227,0.4492424,0.19671176,0.79089195,0.010682169,1.2963005
0.47405937,-0.33229333,-0.002065142,-0.50682944,0.52002895,0.23173246,0.07129022,-0.010759808,0.98294973
0.4698984,-0.36546502,0.002384175,-0.5842978,0.62483144,0.27336127,-0.24492797,-0.010286994,0.5893994
0.09552268,-0.015941814,0.001084851,-0.14017537,0.21017389,0.03180196,-0.086399764,-0.002957664,-0.08201004
-0.007742028,0.15242194,0.000510559,0.047193523,0.039462917,0.006843859,-0.18302026,-0.006579161,-0.21013024
-0.010329912,0.18770088,-0.011860981,0.07653423,0.021704124,0.06441814,-0.18391845,-0.006427631,-0.21090151
-0.011734162,0.11837822,0.012772234,0.031102266,0.037652697,0.037959903,-0.17987853,-0.007199332,-0.22442882
-0.07200841,0.080494106,0.000799225,0.09376013,-0.086916745,-0.022213306,-0.047698442,-0.000936881,-0.06889193
-0.14828397,0.13333534,0.003452366,0.16977645,-0.17053643,-0.038048133,-0.089532994,-0.000767149,-0.12595429
-0.24148683,0.11856735,0.016768133,0.2137027,-0.25458282,-0.061102808,0.080640465,0.007371787,-0.15392987
-0.33912173,0.12484941,-0.002866578,0.27453336,-0.3465413,-0.10118733,-0.08203137,-0.001905531,-0.2177315
-0.44883415,-0.14772022,-0.7892714,0.16727692,-0.36434346,0.16720009,0.5000078,0.020647548,-0.030181337
-0.5636233,0.3150262,0.03386278,0.40980822,-0.41778564,-0.0222142,0.2525269,0.029401697,-0.11220245
-0.5667625,0.3695999,0.010246489,0.4631783,-0.4421138,-0.01959166,-0.14975789,0.001966447,-0.18885665
-0.5645595,0.86110616,0.012027781,0.71284807,-0.4453542,0.32441112,-0.22675604,-0.000631336,-0.2785491
-0.5634533,0.69756085,0.009889064,0.63665926,-0.45086262,0.6915205,-0.22581121,0.004783634,-0.34384552
-0.035038467,-0.10948469,0.008283645,-0.057022706,-0.001419969,-0.029761361,-0.110162266,-0.007719651,-0.1832161
-0.03336659,-0.10603395,0.011294376,-0.03239756,-0.038318917,-0.034159623,-0.1230794,-0.009110473,-0.15404491
-0.035369016,-0.1707406,0.000273736,-0.12340255,0.056200743,-0.024153553,-0.06270306,-0.007752098,-0.075164914
-0.037006393,-0.16505526,0.002572085,-0.08677322,0.001086175,-0.026472116,-0.034918737,-0.004658334,-0.016347952
-0.041079573,-0.13859856,0.029672135,-0.024227679,-0.0719386,-0.016195662,0.08197681,-0.000515539,0.022881655
0.001366254,-0.24101456,0.016100459,-0.06296107,-0.10166475,-0.003828917,-0.08241366,-0.007284075,0.005941456
0.086640164,-0.27329886,0.047828157,-0.038075265,-0.15887812,-0.4422784,0.40170145,-0.01822862,0.16683063
0.12212465,-0.2787372,-0.00043767,-0.1602919,0.028410364,-0.05958613,0.30936798,-0.003537901,0.58813834
0.12853955,-0.305028,0.028958548,-0.23663132,0.13291009,-0.031161034,-0.03726174,-0.011552922,0.53491914
0.12731491,-0.30893695,0.001868832,-0.2652844,0.1802624,0.040611595,-0.058114666,-0.009554952,0.35606098
-0.07202514,0.0844519,-6.35E-05,0.095759705,-0.087303266,-0.036995403,-0.047458075,-0.000886641,-0.06897949
-0.1490142,0.13951229,0.002520636,0.17030229,-0.16858728,-0.06686051,-0.09294293,-0.001601853,-0.13598287
