time,buy
150215,3.2259
150216,3.2288
150217,3.2334
150225,3.2954
150226,3.3900
150227,3.4079
150228,3.4081
150302,3.4191
150303,3.4591
150304,3.4700
150305,3.5779
150306,3.6200
150309,3.6921
150310,3.6634
150311,3.5612
150312,3.5615
150313,3.6258
150316,3.7725
150317,3.6814
150318,3.6838
150319,3.5605
150320,3.4463
150323,3.4754
150324,3.4412
150325,3.4345
150326,3.5450
150327,3.5616
150330,3.5975
150331,3.5963
150401,3.4120
150402,3.3605
150403,3.3066
150407,3.2083
150408,3.1942
150409,3.1291
150410,3.1129
150413,3.1285
150414,3.1081
150415,3.0427
150416,3.0397
150417,3.0341
150420,2.7871
150421,2.6721
150422,2.7088
150423,2.7262
150424,2.7184
150427,2.6036
150428,2.5767
150429,2.6163
150430,2.5617
150504,2.5374
150505,2.5654
150506,2.6307
150507,2.5914
150508,2.5338
150511,2.4706
150512,2.3755
150513,2.2932
150514,2.2433
150515,2.2325
150518,2.3003
150519,2.3463
150520,2.3230
150521,2.3538
150522,2.3408
150525,2.3869
150526,2.4369
150527,2.4160
150528,2.4596
150529,2.4588
150601,2.4410
150602,2.4034
150603,2.4375
150604,2.4821
150605,2.4070
150608,2.3859
150609,2.4037
150610,2.4489
150611,2.4550
150612,2.4592
150615,2.5447
150616,2.5481
150617,2.5875
150618,2.5621
150619,2.5788
150623,2.6288
150624,2.6492
150625,2.5554
150626,2.5378
150629,2.4752
150630,2.4159
150701,2.4725
150702,2.5113
150703,2.5088
150706,2.4425
150707,2.4316
150708,2.4763
150709,2.4859
150710,2.4875
150713,2.5097
150714,2.6016
150715,2.5887
150716,2.5307
150717,2.5175
150720,2.4970
150721,2.5470
150722,2.5721
150723,2.5727
150724,2.5700
150727,2.5690
150728,2.5379
150729,2.5297
150730,2.5400
150731,2.5650
150803,2.5500
150804,2.5479
150805,2.5330
150806,2.4719
150807,2.5013
150810,2.5179
150811,2.5775
150812,2.5700
150813,2.5688
150814,2.5600
150817,2.6025
150818,2.6000
150819,2.6000
150820,2.6256
150821,2.5971
150824,2.6050
150825,2.6000
150826,2.4913
150827,2.4416
150828,2.4559
150831,2.4438
150901,2.4488
150902,2.4729
150906,2.4613
150907,2.4870
150908,2.4918
150909,2.4920
150910,2.4988
150911,2.4938
150914,2.4788
150915,2.4813
150916,2.4910
150917,2.4956
150918,2.4900
150921,2.4950
150922,2.4938
150923,2.4975
150924,2.4989
150925,2.4950
150928,2.4988
150929,2.4879
150930,2.4900
151008,2.4900
151009,2.4941
151010,2.4925
151012,2.4766
151013,2.4546
151014,2.4388
151015,2.4516
151016,2.4575
151019,2.4500
151020,2.4416
151021,2.4338
151022,2.4346
151023,2.4300
151026,2.3366
151027,2.3034
151028,2.3200
151029,2.3463
151030,2.3475
151102,2.3544
151103,2.3838
151104,2.3975
151105,2.3887
151106,2.3838
151109,2.4325
151110,2.4322
151111,2.4188
151112,2.4263
151113,2.4288
151116,2.4313
151117,2.4259
151118,2.4350
151119,2.4346
151120,2.3913
151123,2.4097
151124,2.4053
151125,2.4025
151126,2.4025
151127,2.3988
151130,2.3988
151201,2.3929
151202,2.3841
151203,2.3584
151204,2.3479
151207,2.3521
151208,2.3441
151209,2.3429
151210,2.3441
151211,2.3416
151214,2.3563
151215,2.3613
151216,2.3571
151217,2.3563
151218,2.3413
151221,2.3463
151222,2.3413
151223,2.3425
151224,2.3284
151225,2.3254
151228,2.3354
151229,2.3319
151230,2.3463
151231,2.3450
160104,2.3683
160105,2.3663
160106,2.3588
160107,2.3525
160108,2.3150
160111,2.2873
160112,2.2608
160113,2.2530
160114,2.2650
160115,2.2725
160118,2.2979
160119,2.3050
160120,2.3238
160121,2.3300
160122,2.3271
160125,2.3638
160126,2.3500
160127,2.3781
160128,2.3688
160129,2.3216
160201,2.3233
160202,2.3588
160203,2.3475
160204,2.3350
160205,2.3296
160206,2.3267
160214,2.3163
160215,2.3204
160216,2.3375
160217,2.3513
160218,2.3300
160219,2.3250
160222,2.3275
160223,2.3300
160224,2.3413
160225,2.3467
160226,2.3388
160229,2.3375
160301,2.3163
160302,2.3291
160303,2.3316
160304,2.3303
160307,2.3300
160308,2.3363
160309,2.3275
160310,2.3213
160311,2.3119
160314,2.3100
160315,2.3100
160316,2.3004
160317,2.3033
160318,2.3000
160321,2.3063
160322,2.3075
160323,2.3116
160324,2.3120
160325,2.3222
160328,2.3363
160329,2.3340
160330,2.3338
160331,2.3325
160401,2.3366
160405,2.3413
160406,2.3446
160407,2.3663
160408,2.3638
160411,2.3633
160412,2.3775
160413,2.4238
160414,2.4513
160415,2.4238
160418,2.4350
160419,2.4475
160420,2.5075
160421,2.5213
160422,2.5463
160425,2.6500
160426,2.6341
160427,2.6425
160428,2.6575
160429,2.6913
160503,2.5616
160504,2.5404
160505,2.5421
160509,2.5206
160510,2.5231
160511,2.5461
160512,2.5369
160513,2.5600
160516,2.5938
160517,2.5900
160518,2.6175
160519,2.6225
160520,2.6038
160523,2.6033
160524,2.5988
160525,2.5945
160526,2.6088
160527,2.6088
160530,2.6188
160531,2.6163
160601,2.6225
160602,2.6234
160603,2.6259
160606,2.6150
160607,2.6138
160608,2.6144
160612,2.6088
160613,2.5975
160614,2.5522
160615,2.5513
160616,2.5379
160617,2.5513
160620,2.5488
160621,2.5491
160622,2.5466
160623,2.5338
160624,2.4750
160627,2.4525
160628,2.4700
160629,2.4613
160630,2.4563
160701,2.4475
160704,2.4575
160705,2.4538
160706,2.4488
160707,2.4474
160708,2.4400
160711,2.4438
160712,2.4538
160713,2.4656
160714,2.4705
160715,2.4588
160718,2.4513
160719,2.4538
160720,2.4500
160721,2.4488
160722,2.4475
160725,2.4575
160726,2.4588
160727,2.4650
160728,2.4575
160729,2.4550
160801,2.4611
160802,2.4588
160803,2.4613
160804,2.4596
160805,2.4529
160808,2.4500
160809,2.4488
160810,2.4550
160811,2.4575
160812,2.4538
160815,2.4400
160816,2.4450
160817,2.4467
160818,2.4500
160819,2.4600
160822,2.4625
160823,2.5013
160824,2.5300
160825,2.5400
160826,2.5313
160829,2.5363
160830,2.5450
160831,2.5363
160901,2.5275
160902,2.5113
160905,2.5238
160906,2.5225
160907,2.5313
160908,2.5388
160909,2.5296
160912,2.5288
160913,2.5263
160914,2.5338
160918,2.5200
160919,2.5300
160920,2.5363
160921,2.5675
160922,2.5400
160923,2.5438
160926,2.5488
160927,2.5500
160928,2.5500
160929,2.5525
160930,2.5625
161008,2.5625
161009,2.5575
161010,2.5550
161011,2.5563
161012,2.5638
161013,2.5625
161014,2.5600
161017,2.5713
161018,2.5888
161019,2.5838
161020,2.5800
161021,2.6150
161024,2.6525
161025,2.6463
161026,2.6975
161027,2.7163
161028,2.7163
161031,2.7934
161101,2.7663
161102,2.7271
161103,2.7163
161104,2.7284
161107,2.7521
161108,2.7588
161109,2.7500
161110,2.8275
161111,2.8500
161114,2.9063
161115,2.9159
161116,2.9713
161117,3.0400
161118,3.0163
161121,3.0038
161122,2.9638
161123,2.9513
161124,2.9875
161125,3.0238
161128,3.0356
161129,3.1763
161130,3.1888
161201,3.3213
161202,3.2829
161205,3.2696
161206,3.2463
161207,3.2250
161208,3.1900
161209,3.2225
161212,3.3161
161213,3.3363
161214,3.3600
161215,3.5025
161216,3.4416
161219,3.5513
161220,3.5329
161221,3.4225
161222,3.3388
161223,3.3575
161226,3.3838
161227,3.4175
161228,3.4169
161229,3.3763
161230,3.3775
170103,3.4131
170104,3.4129
170105,3.4056
170106,3.3678
170109,3.2216
170110,3.2063
170111,3.2338
170112,3.2025
170113,3.1825
170116,3.2910
170117,3.2388
170118,3.2594
170119,3.2269
170120,3.1729
170122,3.1688
170123,3.1625
170124,3.2175
170125,3.3138
170126,3.3300
170203,3.4425
170204,3.4563
170206,3.4313
170207,3.4125
170208,3.4075
170209,3.3869
170210,3.4050
170213,3.3945
170214,3.3956
170215,3.4194
170216,3.3688
170217,3.3859
170220,3.3675
170221,3.4100
170222,3.4063
170223,3.4075
170224,3.4213
170227,3.4013
170228,3.4025
170301,3.4275
170302,3.4550
170303,3.4550
170306,3.4550
170307,3.4731
170308,3.5633
170309,3.5744
170310,3.5581
170313,3.5050
170314,3.5013
170315,3.4638
170316,3.5500
170317,3.5581
170320,3.6238
170321,3.7144
170323,3.6471
170324,3.6113
170327,3.6025
170328,3.5775
170329,3.6169
170330,3.6231
170331,3.6363
170401,3.6075
170405,3.5958
170406,3.6040
170407,3.5789
170410,3.5643
170411,3.5625
170412,3.5775
170413,3.5850
170414,3.6083
170417,3.6427
170418,3.6331
170419,3.6400
170420,3.6500
170421,3.6600
170424,3.6550
170426,3.6225
170427,3.6450
170428,3.6800
170502,3.7167
170503,3.7600
170504,3.8222
170505,3.7725
170509,3.8205
170510,3.8402
170511,3.7937
170512,3.8053
170515,3.7400
170516,3.7425
170517,3.7200
170518,3.7035
170519,3.7250
170522,3.7231
170523,3.6500
170524,3.6500
170525,3.6575
170526,3.6599
170601,3.5735
170602,3.6050
170605,3.5916
170606,3.6150
170607,3.6087
170608,3.6200
170609,3.5950
170612,3.5793
170613,3.5800
170614,3.5600
170615,3.5700
170616,3.5775
170619,3.5004
170620,3.5125
170621,3.5395
170622,3.5300
170623,3.4870
170626,3.4000
170627,3.3972
170628,3.4367
170629,3.4400
170630,3.4900
170703,3.5139
170704,3.4850
170705,3.4250
170706,3.4275
170707,3.4500
170710,3.4753
170711,3.4600
170712,3.4325
170713,3.4100
170714,3.4036
170717,3.3975
170718,3.4152
170719,3.4186
170720,3.3975
170721,3.4000
170724,3.3775
170725,3.3891
170726,3.4100
170727,3.3952
170728,3.3950
170731,3.4158
170801,3.4500
170802,3.4400
170803,3.4300
170804,3.4125
170807,3.4450
170808,3.4500
170809,3.4550
170810,3.4400
170811,3.4225
170814,3.4225
170815,3.4445
170816,3.4696
170817,3.4756
170818,3.4600
170821,3.4725
170822,3.4875
170823,3.4925
170824,3.5000
170825,3.4986
170828,3.5581
170829,3.5600
170830,3.5525
170831,3.5475
170901,3.5625
170904,3.5925
170905,3.6025
170906,3.5550
170907,3.5001
170908,3.4675
170911,3.5000
170912,3.5000
170913,3.5275
170914,3.5025
170915,3.5000
170918,3.5006
170919,3.4925
170920,3.4950
170921,3.5068
170922,3.4950
170925,3.4800
170926,3.4885
170927,3.5140
170928,3.4976
170929,3.4975
170930,3.5100
171009,3.5250
171010,3.5225
171011,3.5150
171012,3.5229
171013,3.5250
171016,3.5425
171017,3.5525
171018,3.5325
171019,3.5325
171020,3.5405
171023,3.5450
171025,3.6125
171026,3.5863
171027,3.6078
171030,3.6500
171031,3.6070
171101,3.5950
171102,3.6000
171103,3.5900
171106,3.5850
171107,3.5875
171108,3.5925
171109,3.6070
171110,3.6330
171113,3.6599
171114,3.6500
171115,3.6345
171116,3.6050
171117,3.6050
171120,3.5950
171121,3.5953
171123,3.6162
171124,3.6050
171127,3.6100
171128,3.6313
171129,3.6250
171130,3.6225
171201,3.6175
171204,3.6150
171205,3.6175
171206,3.6325
171207,3.6428
171208,3.6650
171211,3.7000
171212,3.7286
171213,3.7322
171214,3.6953
171215,3.6650
171218,3.6675
171219,3.6850
171220,3.6925
171221,3.6934
171222,3.6629
171225,3.6550
171226,3.6625
171227,3.6725
171228,3.6880
171229,3.7025
180102,3.6450
180103,3.6350
180104,3.6092
180105,3.5702
180108,3.5900
180109,3.6025
180110,3.6479
180111,3.6524
180112,3.6325
180115,3.6181
180116,3.6021
180117,3.6075
180118,3.6225
180119,3.6175
180122,3.5894
180123,3.5777
180124,3.5675
180125,3.5469
180126,3.5991
180129,3.5853
180130,3.5932
180131,3.5800
180201,3.5700
180202,3.5586
180205,3.5575
180206,3.5500
180207,3.5287
180208,3.5448
180209,3.5350
180211,3.5363
180212,3.5400
180213,3.5400
180214,3.5500
180222,3.5541
180224,3.5225
180226,3.4513
180227,3.4700
180228,3.5175
180301,3.5150
180302,3.5257
180305,3.5350
180306,3.4951
180307,3.4975
180308,3.4908
180312,3.4950
180313,3.5250
180314,3.5050
180315,3.5100
180316,3.4900
180319,3.4875
180320,3.4709
180321,3.4700
180322,3.4305
180323,3.4103
180326,3.4225
180327,3.3816
180328,3.3704
180329,3.3553
180330,3.3700
180402,3.3577
180403,3.3475
180404,3.3450
180408,3.3206
180409,3.2829
180410,3.2925
180411,3.2800
180412,3.2856
180413,3.2959
180416,3.2951
180417,3.3043
180418,3.1975
180419,3.2316
180420,3.2375
180423,3.2426
180424,3.2275
180425,3.2380
180426,3.2750
180427,3.2852
180428,3.2775
180502,3.2825
180503,3.2350
180504,3.2022
180507,3.2075
180509,3.2250
180510,3.2237
180511,3.2171
180514,3.2275
180515,3.2443
180516,3.2469
180517,3.2251
180518,3.2100
180521,3.2000
180522,3.1950
180523,3.1902
180524,3.1850
180525,3.1900
180528,3.2000
180529,3.2022
180530,3.2175
180531,3.1988
180601,3.1900
180604,3.1850
180605,3.1864
180607,3.1850
180608,3.1775
180611,3.1700
180612,3.1852
180613,3.1775
180614,3.1600
180615,3.1440
180619,3.0925
180620,3.1075
180621,3.0775
180622,3.0666
180625,3.0525
180626,3.0400
180627,3.0445
180628,3.0514
180702,2.9700
180703,2.9800
180704,2.9700
180705,2.8763
180706,2.8344
180709,2.9000
180710,2.9355
180711,2.9164
180712,2.9000
180713,2.8650
180716,2.8700
180717,2.8756
180718,2.8450
180719,2.7862
180720,2.8174
180723,2.7975
180724,2.8000
180726,2.8150
180730,2.7900
180731,2.7811
180801,2.7774
180802,2.7593
180803,2.6707
180806,2.6258
180808,2.6902
180809,2.7611
180810,2.7725
180813,2.8183
180815,2.7600
180816,2.7800
180817,2.8150
180821,2.8758
180822,2.8441
180823,2.7862
180824,2.7850
180827,2.8394
180828,2.8211
180829,2.8250
180830,2.8044
180831,2.8075
180903,2.8206
180904,2.8130
180905,2.8000
180906,2.8325
180910,2.8600
180911,2.8694
180912,2.8675
180914,2.8553
180917,2.8400
180918,2.8525
180920,2.9016
180921,2.8800
180926,2.8760
180928,2.8450
180929,2.8391
180930,2.8350
181008,2.8200
181009,2.8013
181010,2.8150
181011,2.7975
181012,2.7959
181017,2.8076
181018,2.7849
181022,2.7975
181023,2.7775
181024,2.7600
181025,2.7684
181026,2.7550
181030,2.7619
181031,2.7600
181101,2.7700
181105,2.7850
181106,2.7650
181107,2.7571
181108,2.7721
181109,2.7925
181112,2.7946
181113,2.7845
181114,2.7567
181116,2.7550
181119,2.7750
181120,2.7575
181121,2.7600
181122,2.7672
181126,2.7700
181127,2.7675
181128,2.7675
181129,2.7600
181130,2.7700
181203,2.7600
181204,2.7312
181205,2.7150
181206,2.7100
181210,2.6994
181211,2.7025
181212,2.7125
181213,2.7427
181214,2.7450
181217,2.7625
181218,2.7346
181219,2.7187
181220,2.6874
181221,2.6897
181224,2.6900
181225,2.6800
181226,2.6650
181227,2.6580
181228,2.6539
181229,2.6250
190103,2.5850
190104,2.5728
190107,2.5291
190108,2.4725
190110,2.5325
190114,2.5162
190115,2.5003
190116,2.4914
190117,2.4889
190121,2.5300
190123,2.5375
190124,2.5450
190128,2.5400
190129,2.5313
190131,2.5300
190201,2.5114
190202,2.5100
190203,2.5200
190213,2.4800
190215,2.4725
190218,2.5054
190219,2.5000
190220,2.4858
190221,2.5025
190222,2.5279
190225,2.5805
190226,2.6000
190227,2.6100
190228,2.6387
190301,2.6515
190304,2.6493
190305,2.6798
190306,2.6327
190308,2.5700
190311,2.5874
190314,2.6400
190315,2.6200
190318,2.6400
190319,2.6367
190320,2.6231
190321,2.6050
190325,2.5775
190326,2.6175
190327,2.6150
190328,2.6100
190329,2.6175
190401,2.6613
190402,2.6550
190403,2.6775
190404,2.7050
190408,2.7072
190409,2.7594
190410,2.7516
190411,2.7363
190412,2.8000
190415,2.8550
190416,2.8885
190417,2.8980
190418,2.8450
190419,2.8450
190422,2.9150
190423,2.9237
190424,2.9626
190425,2.9175
190426,2.8700
190428,2.8750
190429,2.8800
190430,2.8425
190505,2.8400
190506,2.7925
190507,2.7650
190508,2.7500
190509,2.7155
190510,2.7325
190513,2.7050
190514,2.7257
190515,2.7250
190517,2.7100
190520,2.7404
190521,2.7575
190522,2.7700
190523,2.7400
190524,2.7430
190527,2.8200
190528,2.7800
190530,2.7675
190531,2.7600
190603,2.7350
190604,2.6975
190605,2.7000
190606,2.6875
190610,2.7020
190611,2.7300
190612,2.7200
190613,2.6900
190614,2.6725
190617,2.6500
190619,2.6250
190620,2.6100
190621,2.6150
190624,2.6398
190625,2.6450
190626,2.6530
190627,2.6630
190628,2.6400
190701,2.6200
190702,2.5725
190703,2.5600
190704,2.5575
190705,2.5954
190708,2.6175
190709,2.6118
190710,2.6125
190711,2.6000
190712,2.6000
190716,2.6150
190717,2.6075
190718,2.5950
190719,2.5830
190722,2.5705
190723,2.5850
190724,2.6050
190726,2.6200
190729,2.6400
190730,2.6350
190731,2.6175
190801,2.6225
190802,2.5900
190805,2.5675
190806,2.5750
190808,2.5650
190809,2.5701
190813,2.6025
190815,2.6200
190816,2.6225
190819,2.6050
190820,2.6250
190821,2.6350
190822,2.6375
190823,2.6375
190826,2.6393
190827,2.6600
190828,2.6525
190902,2.6775
190904,2.6405
190905,2.6085
190906,2.6050
190911,2.6500
190912,2.6727
190916,2.6675
190919,2.7000
190920,2.7038
190923,2.7058
190924,2.7025
190925,2.6900
190927,2.6975
190929,2.7050
190930,2.7100
191008,2.6875
191010,2.7025
191011,2.7050
191012,2.7225
191014,2.7250
191015,2.7400
191016,2.7375
191017,2.7251
191018,2.7525
191023,2.7675
191024,2.7620
191025,2.7855
191028,2.8425
191030,2.9032
191031,2.8725
191101,2.8575
191105,2.8150
191107,2.8274
191108,2.8300
191113,2.8200
191114,2.8291
191118,2.7375
191119,2.6789
191120,2.6450
191121,2.6475
191122,2.6450
191125,2.6852
191126,2.6800
191127,2.6916
191128,2.6900
191129,2.6800
191203,2.6875
191204,2.6750
191205,2.6800
191206,2.7025
191209,2.7100
191210,2.6900
191211,2.6750
191212,2.6671
191216,2.6920
191217,2.7150
191220,2.6545
191223,2.6304
191224,2.6250
191225,2.6275
191226,2.6300
191227,2.6375
191230,2.6450
191231,2.6475
200102,2.6550
200103,2.6400
200106,2.6176
200107,2.6400
200108,2.6375
200109,2.6325
200110,2.6275
200113,2.6400
200115,2.6497
200116,2.6375
200117,2.6275
200119,2.6300
200120,2.6100
200121,2.6050
200122,2.6150
200123,2.6000
200203,2.4600
200204,2.4700
200205,2.4450
200206,2.4375
200207,2.3897
200210,2.3712
200212,2.4075
200213,2.3900
200214,2.4000
200217,2.3975
200219,2.4100
200220,2.4243
200221,2.3884
200225,2.3545
200226,2.3275
200228,2.2825
200302,2.2910
200303,2.2800
200306,2.1950
200310,2.2415
200311,2.2498
200313,2.2775
200316,2.2250
200317,2.2132
200318,2.1687
200319,2.1500
200320,2.1111
200323,2.0272
200324,1.9700
200325,1.9375
200326,1.9212
200327,1.9723
200330,1.9250
200331,1.9037
200401,1.8625
200402,1.8550
200403,1.7986
200407,1.4585
200408,1.3750
200409,1.4379
200410,1.5076
200413,1.5500
200414,1.4800
200415,1.4294
200416,1.4250
200417,1.4750
200420,1.4575
200421,1.4125
200422,1.4029
200423,1.4164
200424,1.4513
200426,1.4525
200427,1.4475
200428,1.4425
200429,1.4002
200430,1.4300
200506,1.4675
200507,1.5100
200508,1.4801
200509,1.4950
200511,1.5275
200512,1.4775
200513,1.4475
200514,1.4175
200515,1.4350
200518,1.4800
200519,1.5116
200520,1.5250
200521,1.5366
200522,1.4675
200525,1.5475
200526,1.6925
200527,1.7800
200528,1.7564
200529,1.7275
200601,1.7086
200602,1.8577
200603,1.8825
200604,2.0181
200605,2.0002
200608,1.9825
200609,1.9643
200610,2.0146
200611,1.9900
200612,1.9650
200615,1.9361
200616,1.9840
200617,2.0575
200618,2.0550
200619,2.0775
200622,2.1750
200623,2.1558
200624,2.1050
200628,2.1100
200629,2.1250
200630,2.1450
200701,2.1500
200702,2.1247
200703,2.1510
200706,2.2708
200707,2.3012
200708,2.3854
200709,2.4316
200710,2.4107
200713,2.4525
200714,2.4190
200715,2.3864
200716,2.3878
200717,2.3850
200721,2.3128
200722,2.3193
200723,2.3425
200724,2.2994
200727,2.3193
200728,2.3475
200729,2.3543
200730,2.3600
200731,2.3859
200803,2.3804
200804,2.3880
200805,2.3900
200806,2.4125
200807,2.4201
200810,2.3784
200811,2.3935
200812,2.4336
200813,2.4125
200814,2.4100
200817,2.3975
200818,2.4150
200819,2.4400
200820,2.4725
200821,2.4511
200824,2.4717
200825,2.4975
200826,2.5051
200827,2.5150
200828,2.5214
200831,2.4994
200901,2.5376
200902,2.5691
200903,2.5641
200904,2.5731
200907,2.5850
200908,2.5650
200909,2.5300
200910,2.5060
200911,2.5229
200914,2.5334
200915,2.4646
200916,2.4525
200917,2.4775
200918,2.4475
200921,2.4301
200922,2.4350
200923,2.4440
200924,2.4300
200925,2.4600
200927,2.4650
200928,2.4401
200929,2.4645
200930,2.4826
201009,2.5150
201010,2.5100
201012,2.5175
201013,2.5100
201014,2.5275
201015,2.5400
201016,2.5375
201019,2.5100
201020,2.5150
201021,2.5000
201022,2.4850
201023,2.5050
201026,2.5225
201027,2.4977
201028,2.4925
201029,2.5025
201030,2.4975
201102,2.4781
201103,2.4725
201104,2.4650
201105,2.4800
201106,2.5075
201109,2.5350
201110,2.5325
201111,2.5700
201112,2.6116
201113,2.6200
201116,2.6093
201117,2.6214
201118,2.6561
201119,2.7250
201120,2.6975
201123,2.6380
201124,2.7050
201125,2.6618
201126,2.6775
201127,2.6743
201130,2.6090
201201,2.6200
201202,2.6621
201203,2.6700
201204,2.6700
201207,2.6479
201208,2.6211
201209,2.6200
201210,2.6012
201211,2.6250
201214,2.6012
201215,2.5675
201216,2.5514
201217,2.5775
201218,2.5716
201221,2.5425
201222,2.5055
201223,2.5025
201224,2.5150
201225,2.4950
201228,2.5125
201229,2.5125
201230,2.4850
201231,2.4825
210104,2.5225
210105,2.4638
210106,2.4700
210107,2.4469
210108,2.4603
210111,2.4675
210112,2.4425
210113,2.4150
210114,2.4369
210115,2.4772
210118,2.5287
210119,2.5200
210120,2.5000
210121,2.4773
210122,2.4879
210125,2.5143
210126,2.5744
210127,2.5841
210128,2.6389
210129,2.6300
210201,2.5925
210202,2.5950
210203,2.6635
210204,2.6886
210205,2.6890
210207,2.6900
210208,2.7085
210209,2.6891
210210,2.7150
210218,2.7275
210219,2.6900
210220,2.6850
210222,2.6950
210223,2.6800
210224,2.6725
210225,2.6775
210226,2.6900
210301,2.6554
210302,2.6550
210303,2.6526
210304,2.6675
210305,2.6300
210308,2.6314
210309,2.6475
210310,2.6300
210311,2.6475
210312,2.6550
210315,2.6713
210316,2.6625
210317,2.6475
210318,2.6554
210319,2.6325
210322,2.6250
210323,2.6034
210324,2.5743
210325,2.5675
210326,2.5850
210329,2.5825
210330,2.5900
210331,2.5700
210401,2.5775
210402,2.5750
210406,2.5900
210407,2.5950
210408,2.5944
210409,2.5750
210412,2.5625
210413,2.5101
210414,2.5075
210415,2.5250
210416,2.5251
210419,2.5114
210420,2.5002
210421,2.5000
210422,2.5025
210423,2.5144
210425,2.5400
210426,2.5475
210427,2.5425
210428,2.5275
210429,2.5300
210430,2.5178
210506,2.5075
210507,2.4975
210508,2.4850
210510,2.4622
210511,2.4575
210512,2.4703
210513,2.4875
210514,2.4800
210517,2.5081
210518,2.4943
210519,2.4775
210520,2.4554
210521,2.4450
210524,2.4600
210525,2.4600
210526,2.4550
210527,2.4700
210528,2.4850
210531,2.4883
210601,2.4775
210602,2.4900
210603,2.4725
210604,2.5133
210607,2.5350
210608,2.5400
210609,2.5350
210610,2.5300
210611,2.5450
210615,2.5450
210616,2.5537
210617,2.5578
210618,2.5475
210621,2.5175
210622,2.5150
210623,2.5075
210624,2.4975
210625,2.4900
210628,2.5150
210629,2.5125
210630,2.5075
210701,2.5025
210702,2.4800
210705,2.4730
210706,2.4832
210707,2.4660
210708,2.4150
210709,2.4231
210712,2.3700
210713,2.3495
210714,2.3550
210715,2.3842
210716,2.3658
210719,2.3725
210720,2.3750
210721,2.3725
210722,2.3800
210723,2.3725
210726,2.3612
210727,2.3969
210728,2.4030
210729,2.3680
210730,2.3393
210802,2.3325
210803,2.3225
210804,2.3175
210805,2.2925
210806,2.3075
210809,2.3550
210810,2.3450
210811,2.3453
210812,2.3286
210813,2.3375
210816,2.3521
210817,2.3410
210818,2.3187
210819,2.3125
210820,2.3200
210823,2.3325
210824,2.3150
210825,2.3202
210826,2.3375
210827,2.3200
210830,2.3100
210831,2.3055
210901,2.2875
210902,2.2975
210903,2.2975
210906,2.3100
210907,2.3347
210908,2.3450
210910,2.3425
210913,2.3753
210914,2.3675
210915,2.3850
210916,2.3750
210917,2.3700
210918,2.4000
210922,2.3407
210923,2.3275
210924,2.3400
210926,2.3325
210927,2.3375
210928,2.3500
210929,2.3600
210930,2.3389
211008,2.3645
211009,2.3700
211011,2.3875
211012,2.3825
211013,2.3725
211014,2.3769
211015,2.3800
211018,2.4250
211019,2.4102
211020,2.4100
211021,2.3869
211022,2.3950
211025,2.4000
211026,2.3900
211027,2.4066
211028,2.3900
211029,2.3950
211117,2.3350
211118,2.3300
211119,2.3400
211122,2.3275
211123,2.3275
211124,2.3101
211125,2.3175
211126,2.2975
211129,2.3050
211130,2.3050
211201,2.3155
211202,2.3200
211203,2.3300
211206,2.2925
211207,2.3100
211209,2.3037
211210,2.3000
211213,2.2975
211214,2.2750
211215,2.2730
211216,2.2850
211217,2.2902
211220,2.3000
211221,2.2875
211222,2.2700
211223,2.2600
211224,2.2575
211227,2.2486
211228,2.2416
211229,2.2225
211230,2.2129
211231,2.2150
220104,2.2150
220105,2.2300
220106,2.2425
220107,2.2350
220110,2.2200
220111,2.2150
220112,2.2225
220113,2.2200
220114,2.2200
220117,2.1703
220118,2.1226
220119,2.1250
220120,2.1200
220121,2.1020
220124,2.0851
220125,2.1050
220126,2.1075
220127,2.1200
220128,2.0950
220129,2.0925
220130,2.1025
220207,2.1050
220208,2.1075
220209,2.1125
220210,2.1025
220211,2.1565
220214,2.1675
220215,2.1600
220216,2.1505
220217,2.1550
220218,2.1650
220221,2.2175
220222,2.2300
220223,2.2025
220224,2.2042
220225,2.1882
220228,2.1850
220301,2.2061
220302,2.2089
220303,2.2375
220304,2.2150
220307,2.2075
220308,2.2100
220309,2.2275
220310,2.2441
220311,2.1773
220314,2.1387
220315,2.2097
220316,2.1575
220317,2.1555
220318,2.1707
220321,2.1805
220322,2.2075
220323,2.2100
220324,2.1954
220325,2.2085
220328,2.2175
220329,2.2125
220330,2.2000
220331,2.1926
220401,2.1775
220402,2.1750
220406,2.1700
220407,2.1587
220408,2.1625
220411,2.1700
220412,2.1725
220413,2.1675
220414,2.1541
220415,2.1275
220418,2.1775
220419,2.1725
220420,2.1825
220421,2.1675
220422,2.1775
220424,2.1775
220425,2.1400
220426,2.1518
220427,2.1775
220428,2.2000
220429,2.1825
220505,2.1725
220506,2.1725
220507,2.1775
220509,2.1525
220510,2.1275
220511,2.1450
220512,2.1118
220513,2.1109
220516,2.0918
220517,2.0875
220518,2.0675
220519,2.0739
220520,2.0725
220523,2.0550
220524,2.0769
220525,2.0777
220526,2.0503
220527,2.0275
220530,2.0625
220531,2.0925
220601,2.0925
220602,2.0996
220606,2.1250
220607,2.1125
220608,2.1100
220609,2.0960
220610,2.0975
220613,2.1075
220614,2.1150
220615,2.1313
220616,2.1154
220617,2.1175
220620,2.1400
220621,2.1400
220622,2.1275
220623,2.1350
220624,2.1626
220627,2.1928
220628,2.1967
220629,2.1800
220630,2.1675
220701,2.1475
220704,2.2075
220705,2.2075
220706,2.2050
220707,2.1975
220708,2.1900
220711,2.1492
220712,2.1275
220713,2.1250
220714,2.0896
220715,2.0823
220718,2.0800
220719,2.0850
220720,2.0695
220721,2.0650
220722,2.0800
220725,2.0768
220726,2.0550
220727,2.0550
220728,2.0775
220729,2.0325
220801,2.0150
220802,1.9969
220803,1.9300
220804,1.9209
220805,1.9402
220808,1.9500
220809,1.9789
220810,2.0200
220811,2.0125
220812,2.0225
220815,1.8990
220816,1.8957
220817,1.8991
220818,1.8808
220819,1.8900
220822,1.9033
220823,1.9200
220824,1.9175
220825,1.9525
220826,1.9550
220829,1.9292
220830,1.9150
220831,1.9108
220901,1.9025
220902,1.9000
220905,1.8858
220906,1.8825
220907,1.8950
220908,1.9025
220909,1.9175
220913,1.9225
220914,1.9425
220915,1.9575
220916,1.9694
220919,1.9675
220920,1.9500
220921,1.9500
220922,1.9650
220923,1.9754
220926,2.0175
220927,1.9906
220928,2.0103
220929,2.0400
220930,2.0225
221008,2.0500
221010,1.9775
221011,1.9844
221012,1.9686
221013,1.9675
221014,1.9475
221017,1.9450
221018,1.9475
221019,1.9500
221020,1.9600
221021,1.9825
221024,1.9765
221025,2.0076
221026,1.9891
221027,1.9800
221028,1.9600
221031,1.9550
221101,1.9794
221102,1.9900
221103,1.9975
221104,2.0000
221107,2.0250
221108,2.0275
221109,2.0585
221110,2.0859
221111,2.0950
221114,2.2432
221115,2.2500
221116,2.3253
221117,2.2420
221118,2.2412
221121,2.2321
221122,2.2280
221123,2.1882
221124,2.1583
221125,2.2157
221128,2.2386
221129,2.2650
221130,2.2650
221201,2.2303
221202,2.2225
221205,2.2389
221206,2.2750
221207,2.2500
221208,2.2536
221209,2.2650
221212,2.2569
221213,2.2681
221214,2.2260
221215,2.2375
221216,2.2362
221219,2.1975
221220,2.2150
221221,2.2000
221222,2.1800
221223,2.1700
221226,2.1850
221227,2.2425
221228,2.2400
221229,2.1975
221230,2.1875
230103,2.1625
230104,2.1425
230105,2.1500
230106,2.1666
230109,2.1825
230110,2.2500
230111,2.2475
230112,2.2450
230113,2.2531
230116,2.2993
230117,2.2900
230118,2.3150
230119,2.3013
230120,2.3107
230128,2.3100
230129,2.3200
230130,2.3016
230131,2.2825
230201,2.2835
230202,2.2598
230203,2.2525
230206,2.2829
230207,2.2889
230208,2.3094
230209,2.3000
230210,2.2875
230213,2.2775
230214,2.2875
230215,2.3025
230216,2.3150
230217,2.3125
230220,2.3585
230221,2.3625
230222,2.3900
230223,2.4276
230224,2.4200
230227,2.4275
230228,2.4375
230301,2.4200
230302,2.4600
230303,2.4550
230306,2.4125
230307,2.4146
230308,2.4350
230309,2.4341
230310,2.4031
230313,2.4125
230314,2.4023
230315,2.4250
230316,2.4044
230317,2.4000
