time,feature_0,feature_1
150302,2.939419443,-0.13337944
150303,3.147474022,1.536931563
150304,3.153190761,-0.236953593
150305,3.571389446,1.566554967
150306,3.807111132,1.930696731
150309,4.043382468,0.702097013
150310,3.990223331,0.700737098
150311,3.482185666,-2.989157166
150312,3.497807268,-0.267261427
150313,3.7676277,1.072436728
150316,4.356208471,2.362627537
150318,3.96964625,-1.551906932
150319,3.537858867,-1.112343212
150320,3.053554107,-2.729626072
150323,3.155254018,-0.132100851
150325,2.985849194,-1.070463302
150326,3.406397477,1.521844151
150327,3.558563581,1.92864726
150330,3.664892216,0.330970461
150331,3.695273229,0.610175898
150401,2.908780501,-3.704438842
150402,2.694164557,-1.825421864
150403,2.483036046,-1.329202537
150407,2.117509939,-1.655166172
150408,2.040103045,-0.953764458
150409,1.786954984,-1.16289433
150410,1.735575028,-0.403554113
150414,1.712879863,-0.244485731
150415,1.449669579,-1.322221889
150416,1.441153622,-0.315888925
150417,1.442243008,0.122643311
150420,0.455995624,-4.3572358
150421,-0.035952928,-4.348610027
150422,0.150743884,0.766282711
150423,0.257657439,1.10672912
150427,-0.334704603,-3.624128884
150428,-0.389439141,-0.760617344
150429,-0.228579643,1.120827121
150430,0.093289427,9.786576673
150504,-0.67306874,-10.83880836
150505,-0.414043366,0.973647884
150506,-0.171669096,1.675958776
150507,-0.328415438,-0.592925318
150508,-0.560178863,-1.191290283
150511,-0.812467941,-2.07314228
150512,-1.189941362,-2.398015495
150513,-1.521227555,-2.400488529
150514,-1.738621488,-2.36524653
150515,-1.739258998,-0.221229585
150518,-1.485987599,1.606890451
150519,-1.285286641,2.035581984
150520,-1.395783428,-0.624938777
150521,-1.263913958,0.739984982
150522,-1.315346705,0.180825873
150525,-1.134157821,0.626846174
150526,-0.926715878,1.830857283
150527,-1.00731747,-0.323283371
150528,-0.823649527,0.985158093
150529,-0.823874994,0.378005244
150601,-0.932654779,0.794259898
150602,-1.072406402,-0.693313081
150603,-0.912753537,1.08759505
150604,-0.72025761,1.602423942
150605,-1.053256805,-2.071417206
150608,-1.117246869,-0.951575149
150609,-1.062421114,0.263587518
150610,-0.8928508,1.146090687
150611,-0.837682692,0.897875811
150612,-0.834959811,0.175568533
150615,-0.52894636,1.18692198
150616,-0.493674772,0.882834534
150617,-0.329772613,1.07555652
150618,-0.415038292,0.176812507
150619,-0.391752128,-0.386103453
150623,-0.174493156,1.222637648
150624,-0.049767918,1.691125892
150625,-0.512823623,-3.406710911
150626,-0.52801469,-0.406773315
150629,-0.82513679,-2.101451765
150630,-0.912251807,1.336809303
150701,-0.838921943,-1.765756058
150702,-0.64095219,1.437819213
150703,-0.61521415,1.032138301
150706,-0.914900734,-2.200674019
150707,-0.95172135,-0.312243021
150708,-0.791993812,0.121535879
150709,-0.740020139,0.855161203
150710,-0.713214901,0.596226481
150713,-0.64828657,0.242124984
150714,-0.278810719,2.102804441
150715,-0.3208743,0.515734108
150716,-0.586807826,-2.033789257
150720,-0.692016662,-0.732148444
150721,-0.476747639,1.350133107
150722,-0.367604421,0.870580289
150723,-0.380494365,0.174118916
150724,-0.402346713,-0.294139449
150727,-0.39059137,0.180024437
150729,-0.590400974,-1.545507422
150730,-0.514629293,0.493397531
150731,-0.385686049,1.000858793
150803,-0.490259113,-0.771668039
150804,-0.495640025,-0.100213217
150805,-0.558086891,-0.402667219
150806,-0.751537304,-0.934061112
150807,-0.654577094,0.233855469
150810,-0.599849427,0.492414194
150811,-0.352973076,1.751471801
150812,-0.397430642,0.091807285
150813,-0.410804857,-0.493165064
150814,-0.393343393,0.725455562
150817,-0.267568525,0.36505021
150818,-0.268371303,0.135518632
150820,-0.185777207,0.342576949
150824,-0.269948044,-0.522237133
150825,-0.288527046,-0.181530669
150827,-0.956421165,-4.302199676
150828,-0.852454003,0.383260972
150831,-0.744044168,2.928553857
150901,-0.903924912,-2.884073986
150902,-0.760497422,0.56823919
150906,-0.813617895,0.149296709
150908,-0.688210227,0.667563901
150909,-0.702040109,-0.043270254
150910,-0.666779687,0.273525434
150914,-0.766822167,-0.852181562
150915,-0.738974931,0.350909724
150917,-0.658212333,0.868529765
150918,-0.710500436,-0.770025571
150922,-0.668987019,0.43604134
150923,-0.657824868,0.244237378
150924,-0.659811874,-0.108102196
150925,-0.676577087,-0.150352813
150928,-0.681653937,-0.091364187
150929,-0.72535621,-0.334119856
150930,-0.70707756,0.158295008
151008,-0.717422734,-0.182077367
151009,-0.698700517,0.192369849
151010,-0.713675076,-0.182123367
151012,-0.7844629,-0.665008257
151013,-0.852025271,-0.113976982
151014,-0.932140819,-0.829096838
151015,-0.843176997,0.864704208
151016,-0.849703935,-0.197580961
151019,-0.871996824,-0.12586122
151020,-0.91595146,-0.434655516
151021,-0.942035659,-0.137809828
151022,-0.943724387,-0.050728595
151023,-0.963286631,-0.289607283
151026,-1.34623373,-2.373657811
151027,-1.468829371,-1.089770221
151028,-1.384851287,0.326553694
151029,-1.273547949,1.032102337
151030,-1.268094769,0.261988729
151102,-1.181894254,0.580059112
151103,-1.162843996,-1.114061663
151104,-1.066416834,0.830113081
151105,-1.119544665,-0.240367112
151106,-1.135673325,-0.3060503
151109,-0.937850553,1.252585956
151110,-0.942520755,0.170656011
151111,-0.998025223,-0.401560189
151112,-0.949053243,0.378842233
151113,-0.966187753,-0.239353135
151116,-0.955191537,0.159413798
151117,-0.968276264,-0.030011541
151118,-0.935754562,0.290060104
151119,-0.939482938,-0.059215491
151120,-1.087949343,-0.821366846
151123,-1.026576983,0.184840359
151124,-1.049328491,-0.214075515
151125,-1.043715049,0.108680042
151126,-1.061212204,-0.137966381
151127,-1.061853705,0.041265019
151130,-1.050487706,0.270611626
151201,-1.101457957,-0.6618286
151202,-1.134711054,-0.185605117
151203,-1.146999667,1.514659466
151204,-1.307488347,-2.765462586
151207,-1.26494247,0.253162868
151208,-1.285370977,-0.247917909
151209,-1.291110432,0.023531984
151210,-1.287991785,0.002310419
151211,-1.295825225,-0.000619612
151214,-1.230135313,0.546420003
151215,-1.221479001,0.175858965
151216,-1.233397754,0.04678749
151217,-1.235507692,-0.123930939
151218,-1.283779581,-0.237647674
151222,-1.300189807,-0.256445161
151223,-1.281557156,0.241097115
151225,-1.373199642,-0.698658678
151228,-1.346818042,-0.082316988
151229,-1.329048185,0.161192348
151230,-1.267154214,0.722908066
151231,-1.260283199,0.447757048
160104,-1.18921002,0.29758519
160105,-1.184329942,0.01921274
160106,-1.21939131,-0.191926223
160108,-1.433657116,-1.657305878
160111,-1.514122474,-0.622783162
160112,-1.616610944,-0.587285874
160113,-1.655233189,-0.545392965
160114,-1.592454717,0.294427428
160115,-1.556096831,0.490074567
160118,-1.461107307,0.728207743
160119,-1.441678808,0.182363146
160120,-1.348416206,0.880676888
160121,-1.347673937,-0.106122188
160125,-1.199555414,1.009418748
160126,-1.263712297,-0.401988807
160127,-1.130070059,1.015475186
160128,-1.170797058,-0.165042425
160129,-1.392630387,-1.398057159
160201,-1.369990942,-0.036284326
160202,-1.223342389,0.807735027
160203,-1.2375692,0.438036842
160204,-1.32148415,-0.771485602
160205,-1.355126751,-0.541178391
160214,-1.384764062,-0.060641718
160215,-1.368689087,0.201497741
160216,-1.301835309,0.404074107
160217,-1.243593777,0.552529619
160218,-1.341326203,-0.498344083
160219,-1.361522895,-0.495894834
160222,-1.335916579,0.341009634
160223,-1.335287738,-0.015338906
160224,-1.27814334,0.420839192
160225,-1.265907872,0.219287699
160226,-1.294999497,-0.084683609
160229,-1.296200213,-0.166137874
160301,-1.409379037,-1.010605031
160302,-1.337274542,0.545029615
160303,-1.330790505,0.200412462
160304,-1.337046381,-0.048675694
160307,-1.322797553,0.269804505
160308,-1.312112323,0.017752302
160309,-1.353001964,-0.193411726
160310,-1.37756219,-0.305967998
160311,-1.404507223,-0.032924943
160314,-1.412487976,-0.15481839
160315,-1.40351874,0.089128135
160316,-1.432504002,0.119956211
160317,-1.451793661,-0.46214638
160318,-1.445964629,0.099143198
160321,-1.416091095,0.20902463
160322,-1.403934571,0.174731562
160323,-1.404047555,-0.045184641
160324,-1.39747873,0.143909789
160325,-1.376232882,0.155609927
160328,-1.304903221,0.491902088
160329,-1.310510046,0.081150215
160330,-1.316564889,-0.114900953
160331,-1.311627718,-0.045715936
160401,-1.309913494,-0.006473531
160405,-1.284618956,0.328999885
160406,-1.264675866,0.15269589
160407,-1.18156552,0.572148274
160408,-1.163959896,0.662951224
160411,-1.189907546,-0.432621541
160412,-1.134325871,0.330726889
160413,-0.945608693,1.12292958
160414,-0.862526193,0.469607328
160415,-0.939212124,0.050959615
160418,-0.941686197,-0.307583344
160419,-0.876103748,0.422090959
160420,-0.630314609,1.716016407
160421,-0.554150631,0.955698498
160422,-0.496038832,-0.030871689
160425,-0.03880567,3.109673204
160426,-0.129085301,-0.033493861
160427,-0.134159651,-0.704905504
160428,0.008205512,1.371964555
160429,0.123754612,0.964134556
160503,-0.398350926,1.192367493
160504,-0.515392592,-1.014662108
160505,-0.491066611,0.102614428
160509,-0.604011255,-0.860223245
160510,-0.572923443,0.076261233
160511,-0.474196952,0.778114229
160512,-0.499650037,-0.11655539
160513,-0.42243995,0.53446728
160516,-0.285051341,0.801484479
160517,-0.304399933,0.109288906
160518,-0.192887406,0.65695232
160519,-0.166782251,0.300453578
160520,-0.252153493,-0.512339715
160523,-0.243367442,0.075351214
160524,-0.27710947,-0.431675412
160525,-0.291868133,-0.111099672
160526,-0.207367598,0.711782145
160527,-0.220001441,-0.059782781
160530,-0.178942116,0.157912845
160531,-0.191757492,0.028692025
160601,-0.186193054,-0.019756235
160602,-0.172110847,0.213936263
160603,-0.174912387,0.009677611
160606,-0.204695184,-0.349021189
160607,-0.221302296,-0.218666931
160608,-0.205880688,0.142405679
160612,-0.22817603,-0.278147553
160613,-0.276294034,-0.051333538
160614,-0.448331087,-0.924116102
160615,-0.453739686,-0.467277079
160616,-0.495369408,-0.033358777
160617,-0.48029156,-0.307314878
160620,-0.45767916,0.332531368
160621,-0.455620605,0.076697754
160622,-0.505571663,-0.676584201
160623,-0.530041092,9.58E-05
160624,-0.741064162,-0.800346755
160627,-0.847947262,-1.192233452
160628,-0.778013201,0.240996818
160629,-0.809835402,0.257826092
160630,-0.705785534,2.159762294
160701,-0.89412778,-2.724398693
160704,-0.828636965,0.147241356
160705,-0.820169748,0.276110233
160706,-0.859772271,-0.37378878
160707,-0.862401271,-0.142915956
160708,-0.889813983,-0.157332187
160711,-0.856131073,0.229009837
160712,-0.819304156,0.317171829
160713,-0.791720655,0.278232207
160714,-0.77793804,0.01997422
160715,-0.804929929,-0.03680452
160718,-0.841586768,-0.293557177
160719,-0.840091182,-0.134212597
160720,-0.854586804,-0.203358563
160721,-0.869931776,-0.056730374
160722,-0.856841668,0.237504159
160725,-0.805006562,0.377124345
160726,-0.806964019,0.06327394
160727,-0.787036112,0.105885638
160728,-0.828009659,-0.067919169
160729,-0.817621421,-0.068152434
160801,-0.803479971,0.100638159
160802,-0.810791446,-0.013997094
160803,-0.814964235,-0.07700841
160804,-0.841266224,-0.122698678
160805,-0.857733459,-0.174508138
160808,-0.845910706,0.190904725
160809,-0.852044524,-0.082581746
160810,-0.841713158,0.038059197
160811,-0.824319141,0.135654936
160812,-0.835759806,-0.065450316
160815,-0.892205628,-0.352310073
160816,-0.863259007,0.104860915
160817,-0.798189378,1.422672334
160818,-0.87287532,-1.186520678
160819,-0.803044301,0.402999364
160822,-0.784648685,0.088722354
160823,-0.645023439,0.68701584
160824,-0.528749581,1.327178824
160825,-0.497495707,0.305278316
160826,-0.510524008,-0.047030749
160829,-0.493466997,0.038499948
160830,-0.461483089,0.143194175
160831,-0.501584375,-0.226459452
160901,-0.544685182,-0.40673601
160902,-0.606646212,-0.402880688
160905,-0.558592219,0.244167702
160906,-0.556454938,0.05625344
160907,-0.539032936,0.122980103
160908,-0.528775651,0.000100171
160909,-0.559919907,-0.303161835
160912,-0.533756452,0.380622663
160913,-0.544873242,-0.116575298
160914,-0.514763058,0.172746881
160918,-0.534930483,0.178179957
160919,-0.517505093,0.11375827
160920,-0.500512231,0.035838831
160921,-0.395315937,0.779198544
160922,-0.463520914,-0.381013952
160923,-0.48350977,-0.330638359
160926,-0.470344733,0.032670168
160927,-0.45723345,0.118209469
160928,-0.439208149,0.280672326
160929,-0.419145877,0.405841144
160930,-0.441409877,-0.818037987
161010,-0.429550069,0.27003039
161011,-0.415587601,0.282658779
161012,-0.393397937,0.23740055
161013,-0.385248335,-0.031506502
161014,-0.399296514,-0.121654557
161017,-0.363025273,0.242244036
161018,-0.304159216,0.349996001
161019,-0.296829658,0.236777385
161020,-0.328830153,-0.06969142
161021,-0.196480575,0.63634207
161024,-0.03195349,1.201033074
161025,-0.028583979,0.287901341
161026,0.125693715,0.813626792
161027,0.22250727,0.579457557
161028,0.227686366,-0.005585838
161031,0.474675801,0.940311199
161101,0.389208898,0.101989026
161102,0.229372736,-0.914799554
161103,0.183991719,-0.578954258
161104,0.259120651,0.684233432
161107,0.311756956,-0.183900426
161108,0.354158092,0.549314809
161109,0.329997518,-0.177988077
161110,0.624322013,1.498634562
161111,0.7358526,0.941461354
161114,0.942405486,1.002936374
161115,1.022079993,1.329003572
161116,1.183049056,0.031346387
161117,1.469960374,1.919093171
161118,1.376985797,-0.148786088
161121,1.331507193,-0.374588052
161122,1.179067085,-0.822064338
161123,1.148984751,0.014890995
161124,1.298348266,0.652666918
161125,1.440781238,1.116334335
161128,1.437888994,-0.342417166
161129,1.985908661,2.275139661
161130,2.060150908,2.089108948
161201,2.535531606,1.169086293
161202,2.409717497,0.044870492
161205,2.369462969,-0.464193554
161206,2.29139583,-0.082591401
161207,2.192845512,-0.857500496
161208,2.060935879,-0.920569302
161209,2.16483907,0.277390403
161212,2.524447665,1.807490234
161213,2.619058842,0.756185774
161214,2.686363933,0.059833122
161215,3.313101243,3.524043277
161216,3.077272944,-0.561200138
161219,3.442412996,1.039607197
161220,3.449714357,0.677530335
161221,2.982746168,-2.099311105
161222,2.654072268,-1.765068791
161223,2.731528636,-0.086025294
161226,2.828190245,0.52982443
161227,2.939278175,0.461788975
161228,2.941899351,0.124567415
161229,2.78455641,-1.068167211
161230,2.770687611,-0.413992277
170103,2.950048048,0.704832895
170104,2.944784341,-0.114779064
170105,2.942916097,0.298878466
170106,2.721895344,-1.441601712
170109,2.251969641,-1.156122754
170110,2.097933039,-2.230145371
170111,2.233495311,0.613289401
170112,2.087043369,-0.63387774
170113,2.010586816,-0.629577961
170116,2.40986573,1.450067887
170117,2.304610022,0.809189317
170118,2.308279648,-0.680861194
170119,2.201094464,-0.290535243
170120,1.975909844,-1.500849132
170122,1.983054212,0.152736978
170123,1.938721278,-0.37358226
170124,2.148714322,0.6064726
170125,2.544120348,2.2464331
170126,2.60612936,0.809418312
170203,3.105539318,4.073158306
170206,3.013426093,-0.499137981
170207,2.910940209,-0.258091374
170208,2.864782504,-0.70232955
170209,2.837570113,0.177634515
170210,2.889321199,0.082841106
170213,2.846949304,-0.128481042
170214,2.85103155,-0.099589666
170215,2.955610376,0.595845843
170216,2.779045216,-0.848385366
170217,2.82168827,-0.084924559
170220,2.748053901,-0.363732447
170221,2.919342811,0.678922372
170222,2.917302777,0.358435599
170223,2.905577731,-0.324729863
170224,2.990492481,0.437783808
170227,2.882819418,-0.513046727
170228,2.894699565,-0.019092141
170301,3.004034614,0.439619347
170302,3.126551142,0.684040508
170303,3.114842832,-0.066663929
170306,3.119785573,0.039242701
170307,3.174524472,0.272630035
170308,3.501802584,0.962430252
170309,3.567288929,0.843716521
170310,3.513917925,-0.038617745
170313,3.325606375,-0.787968575
170314,3.26951211,-0.630016402
170315,3.161629333,-0.35628032
170316,3.489098961,1.026157549
170317,3.594010695,1.064735059
170320,3.794418591,0.643602623
170321,4.138638975,1.72876064
170323,3.877339246,-0.725468963
170324,3.714850292,-0.968438529
170327,3.685994643,-0.198244331
170328,3.567041458,-0.899389757
170329,3.754110666,0.878641437
170330,3.777447865,0.365611796
170331,3.810436519,0.016048659
170401,3.728737174,-0.075885821
170405,3.638045952,-0.826273724
170406,3.700315578,0.231410096
170407,3.6014574,-0.535140614
170410,3.622936692,0.034705525
170411,3.633312901,0.122828837
170412,3.661054315,-0.17549572
170413,3.703012428,0.263120303
170414,3.772765865,0.100817235
170417,3.919026182,0.603502498
170418,3.913719417,0.360225075
170419,3.92391531,-0.20851248
170420,3.97376127,0.290758812
170421,3.980081643,-0.137903264
170424,3.985560257,0.18210603
170426,3.859230712,-0.244861769
170427,3.943090138,0.31164279
170428,4.086796002,0.59632155
170502,4.211912466,1.308263484
170503,4.411132784,1.306788091
170504,4.590222739,0.297077511
170505,4.469135,0.39149629
170509,4.597853904,0.336118333
170510,4.722724777,0.682742626
170511,4.556019183,-0.311404362
170512,4.576799564,-0.378614261
170515,4.338608585,-0.74142966
170516,4.328132116,-0.462272456
170517,4.263964675,0.03123689
170518,4.174009465,-0.813289643
170519,4.254870326,0.22257228
170522,4.25168526,0.106954086
170523,3.985728151,-0.934733552
170524,3.976621725,-0.420052283
170525,3.990166702,-0.2256017
170526,3.994033793,0.181710106
170601,3.64299166,-2.849497538
170602,3.7744581,-0.047554122
170605,3.732480506,-0.101496653
170606,3.813277798,0.111580585
170607,3.798585573,0.317374256
170608,3.836043199,-0.243377417
170609,3.760918125,0.039907661
170612,3.675252235,-0.694620131
170613,3.671003744,-0.247582282
170614,3.600918019,-0.016118824
170615,3.638460458,-0.271240434
170616,3.682284582,0.324794127
170619,3.398705719,-0.807220926
170620,3.415839528,-0.549332767
170621,3.51711485,0.237908612
170622,3.487781696,0.027043518
170623,3.31941409,-0.650350301
170626,3.003337799,-1.223446894
170627,2.951061101,-0.938681965
170628,3.110006078,0.418916699
170629,3.143699981,0.536368661
170630,3.392269784,1.744345632
170703,3.403380748,-0.682417831
170704,3.314728969,-0.216064887
170705,3.070850559,-1.040402671
170706,3.076154279,-0.447965031
170707,3.176622644,0.390117336
170710,3.236272303,0.041602976
170711,3.231366999,0.394563618
170712,3.113588997,-0.62260917
170713,3.016823436,-0.587847663
170714,2.994223656,-0.11256611
170717,2.945926203,-0.553122723
170718,3.045044598,0.621745557
170719,3.049979953,-0.019007922
170720,2.970731595,-0.29638184
170721,2.983113326,-0.127056044
170724,2.89765025,-0.307147503
170725,2.941438646,0.056710128
170726,3.030760888,0.395789447
170727,2.969360714,-0.243465764
170728,2.960183549,-0.163840621
170731,3.057485012,0.55141079
170801,3.168087013,0.343049156
170802,3.143760454,-0.064881327
170803,3.096704231,-0.271573208
170804,3.030107056,-0.328666891
170807,3.152681265,0.456746281
170808,3.176732393,0.225389829
170809,3.194875335,0.003470238
170810,3.138304537,-0.277183066
170811,3.072401716,-0.334103733
170814,3.08174364,0.013225781
170815,3.154509675,0.118269856
170816,3.255080288,0.395300106
170817,3.294420118,0.40839665
170818,3.21757607,-0.462917972
170821,3.272488157,0.17012481
170822,3.329712257,0.334011072
170823,3.345900686,-0.070824835
170824,3.37922722,0.259479087
170825,3.371870549,-0.122855726
170828,3.581122937,0.493836389
170829,3.621431498,0.761048926
170830,3.599035172,-0.080795882
170831,3.559721568,-0.327470787
170901,3.599684893,0.013474961
170904,3.73764575,0.594184633
170905,3.783599461,0.264276764
170906,3.609550019,-0.585142321
170907,3.393788079,-0.911586246
170908,3.244050139,-1.039797404
170911,3.370003984,0.264392628
170912,3.375799808,0.05093518
170913,3.47839108,0.323356977
170914,3.398535987,-0.069120297
170915,3.358121928,-0.46643435
170918,3.379773445,0.052883259
170919,3.362683837,0.0609931
170920,3.374635786,0.114605464
170921,3.392571552,-0.248322332
170922,3.346725779,-0.180510954
170925,3.29855453,-0.312298645
170926,3.335862009,0.134084865
170927,3.430953775,0.336894788
170928,3.369692114,-0.202412114
170929,3.372088667,-0.051033113
170930,3.412433057,0.378038114
171009,3.465755384,-0.061974755
171010,3.46877768,0.057174605
171011,3.437332551,-0.228216567
171012,3.46954483,0.081133702
171013,3.458916183,-0.125418693
171016,3.548687658,0.481656657
171017,3.588322395,0.116289222
171018,3.509997418,-0.262997534
171019,3.501353486,-0.224149632
171020,3.531776033,0.022450848
171023,3.560979786,0.17831802
171025,3.809188062,0.906198879
171026,3.738693958,0.178578005
171027,3.794396948,-0.109804216
171030,3.957573885,0.695573452
171031,3.795205139,-0.581499151
171101,3.743048187,-0.44384007
171102,3.759363897,-0.020128085
171103,3.739036021,-0.03738973
171106,3.719195216,-0.124695483
171107,3.722913907,-0.11901272
171108,3.747965328,0.106774022
171109,3.794095914,0.082554416
171110,3.901895323,0.422821134
171113,4.005778437,0.592137107
171114,3.970856572,-0.089807215
171116,3.798050561,-0.328852349
171117,3.796920765,-0.17535722
171120,3.751587305,-0.202183646
171121,3.758748848,-0.084219343
171123,3.840880743,0.011632296
171124,3.788682567,-0.310020193
171127,3.814962814,-0.028609949
171128,3.888889494,0.162186708
171129,3.883438646,0.231205347
171130,3.868358915,-0.179279865
171201,3.841295678,-0.206203268
171204,3.834801603,-0.108037375
171205,3.833311901,-0.152549859
171206,3.903882859,0.301319271
171207,3.945481673,0.198991984
171208,4.040506131,0.448461145
171211,4.170143272,0.510164533
171212,4.27450325,0.387314619
171213,4.320732589,0.54760214
171214,4.144983323,-1.023832832
171215,4.025993287,-0.630160626
171218,4.031294586,-0.185630338
171219,4.092279042,0.189376703
171220,4.13543476,0.207110385
171221,4.154414673,0.200316629
171222,4.031079575,-0.520477922
171225,3.980471517,-0.507973805
171226,4.009481149,-0.027209522
171227,4.068106434,0.35670418
171228,4.119589789,0.123605094
171229,4.184425835,0.517190071
180102,3.94331545,-0.466033441
180103,3.91030908,-0.294020841
180104,3.816777115,-0.278409285
180105,3.656509978,-0.886465212
180108,3.731245805,0.060250882
180109,3.78133283,0.123788948
180110,3.952924293,0.667477291
180111,3.988747159,0.411764432
180112,3.889494196,-0.440498186
180115,3.838914138,-0.338396092
180116,3.78001225,-0.396878908
180118,3.856434895,0.20933539
180119,3.83410421,-0.001794871
180122,3.737891602,-0.436884497
180123,3.678546666,-0.384094448
180124,3.661943644,-0.061804685
180126,3.72324598,-0.123341347
180129,3.71252211,0.203804041
180130,3.745784649,0.09716781
180131,3.724783947,0.32898783
180201,3.628076081,-0.876818926
180202,3.616115181,-0.081026671
180205,3.598870819,-0.21817498
180206,3.579839661,-0.084674457
180208,3.529769088,-0.312706448
180209,3.517235703,0.002807471
180212,3.523839875,-0.129732895
180213,3.532996561,0.052102882
180214,3.549502485,0.002384882
180222,3.589794231,0.274434505
180224,3.442869262,-0.251667315
180226,3.197816498,-0.716018654
180227,3.264406035,-0.258374295
180228,3.465676163,0.98373119
180301,3.426763193,-0.368757772
180302,3.484515346,0.306216604
180305,3.524865154,0.189099304
180306,3.373258349,-0.481426131
180307,3.374767955,-0.215950273
180308,3.345169145,-0.275862024
180312,3.358197658,0.013160372
180313,3.479321024,0.475912683
180314,3.410258903,-0.106976911
180315,3.413696126,-0.178684442
180319,3.337656394,-0.048638439
180320,3.2700333,-0.301890297
180321,3.256250717,-0.254574282
180322,3.109987902,-0.52943844
180323,2.974838986,-1.273895991
180326,3.072399643,0.577606439
180327,2.94607597,0.092867562
180328,2.870623814,-0.813743793
180329,2.822487254,-0.239328296
180330,2.832432691,-0.34581117
180402,2.802390059,-1.946619056
180403,2.758405274,-0.414411601
180404,2.667443214,-0.463488141
180408,2.555736509,-0.332359951
180409,2.498791605,-0.778696959
180410,2.566197109,0.358594997
180411,2.515327208,-0.001615357
180412,2.516541576,-0.377251377
180413,2.584042254,0.603243259
180416,2.543915686,-0.532503688
180417,2.609289946,0.380388285
180418,2.148703563,-2.417942238
180419,2.309681927,0.586415466
180420,2.345529618,0.376567563
180423,2.356212932,-0.025317716
180424,2.285366059,-0.097827196
180425,2.336765549,-0.042373854
180426,2.469185293,0.362378995
180427,2.528484798,0.499261557
180428,2.471686795,-0.158886014
180502,2.522246027,0.392739622
180503,2.331035726,-0.832152411
180504,2.196295559,-0.732241402
180507,2.217533556,-0.241361728
180509,2.292833935,0.370289664
180510,2.295356307,0.129432754
180511,2.260105403,-0.309874701
180514,2.301019063,0.097007324
180515,2.368451445,0.378001205
180516,2.38363622,0.192205784
180517,2.285777724,-0.581245394
180518,2.233401201,-0.340230729
180521,2.197931211,-0.193226959
180522,2.176915048,-0.112655011
180523,2.153603207,-0.060046497
180524,2.132471081,-0.271831535
180525,2.164099012,0.222579804
180528,2.190588448,-0.07365385
180529,2.204839158,0.166709949
180530,2.240926261,-0.047979676
180531,2.209790364,0.238199674
180601,2.144609312,-0.579110357
180604,2.142953176,-0.024998258
180605,2.128983845,-0.248265867
180607,2.138935165,0.109124392
180608,2.108648234,-0.143104176
180611,2.078485775,-0.19130771
180612,2.1381782,0.208537517
180613,2.108425733,-0.11024876
180614,2.036252202,-0.399682973
180615,1.96511782,-0.438463552
180619,1.769255029,-0.909965233
180620,1.827659737,0.059651323
180621,1.705143683,-0.667741859
180622,1.664832231,-0.248815546
180625,1.608812057,-0.34002066
180626,1.561314675,-0.279172169
180627,1.586065833,0.068619339
180628,1.588012514,-0.170067161
180702,1.249305181,-3.192275712
180704,1.294262731,0.038724813
180705,0.913019629,-1.770197798
180706,0.705982462,-1.78685163
180709,0.984864258,1.01531897
180710,1.133711134,1.06442126
180711,1.070604756,-0.113402084
180712,0.998222428,-0.297449773
180713,0.865547173,-0.487363595
180717,0.910979439,0.240449487
180718,0.797047873,-0.522647
180719,0.554118404,-1.165340663
180720,0.644314304,-0.301820855
180723,0.602840577,0.012622413
180726,0.681921223,0.267450764
180730,0.575687342,-0.786333017
180731,0.640772677,1.938840421
180801,0.503519989,-2.276965897
180802,0.451593334,-0.274756057
180803,0.094565646,-2.039251089
180806,-0.085467201,-1.279056756
180808,0.157261625,1.442453644
180809,0.418057636,1.428517029
180810,0.502945139,1.507297606
180813,0.695511494,1.599401946
180815,0.451254881,-0.910908863
180816,0.516201378,-0.044329277
180817,0.678112172,1.086299567
180821,0.912095539,0.69035482
180822,0.777010738,-0.591608442
180823,0.549052733,-1.362769727
180824,0.53126312,-0.407398332
180827,0.762553261,1.237880793
180828,0.698746704,0.016289843
180829,0.706483517,-0.112499134
180831,0.641972611,0.024563011
180903,0.696823815,0.327766646
180904,0.66732038,-0.127081587
180905,0.607212572,-0.494050739
180906,0.738773534,0.651024837
180910,0.840453304,0.317126741
180911,0.89561272,0.427622776
180914,0.842821967,-0.19255784
180917,0.754300523,-0.882339299
180918,0.82219723,0.42230789
180920,1.023282778,1.10354565
180921,0.943317637,-0.088478489
180926,0.92636666,0.248566697
180928,0.789641516,-0.44352367
180929,0.7695985,-0.109858771
180930,0.781736409,0.248604753
181008,0.695279218,-0.625241749
181009,0.615034918,-0.711329238
181010,0.655751289,-0.005531319
181011,0.60467528,-0.069749693
181012,0.600411159,-0.12469693
181017,0.639821908,-0.052660849
181018,0.557324506,-0.35584136
181022,0.617378444,0.576160379
181023,0.521118479,-0.475474617
181024,0.465767482,-0.314720074
181025,0.481993874,-0.162418508
181026,0.464506366,0.345739609
181030,0.460554489,-0.005745773
181031,0.495665846,0.692872523
181101,0.475468118,-0.610155301
181105,0.572066549,0.103116107
181106,0.476124941,-0.692940811
181107,0.453749486,-0.154504308
181108,0.499556859,0.046882641
181109,0.584352769,0.439957696
181112,0.602694689,0.288819054
181113,0.551928925,-0.326733014
181114,0.438391376,-0.703520456
181116,0.431913665,-0.296003778
181119,0.504872946,0.26521305
181120,0.45098894,0.022206407
181121,0.445309968,-0.33400975
181122,0.480736006,0.181826371
181126,0.493976654,0.059642469
181127,0.51021519,0.476595271
181128,0.486726952,-0.365057167
181129,0.457975773,-0.217686271
181130,0.499957283,0.231725788
181203,0.449502996,-0.409220876
181204,0.332138344,-0.537007486
181205,0.254198264,-0.777981268
181206,0.266820338,0.22913267
181210,0.206872584,-0.728489189
181211,0.23869119,0.230003446
181212,0.267138842,0.099764496
181213,0.385498128,0.624212482
181214,0.410094531,0.467587056
181217,0.433706154,-0.391282273
181218,0.363544839,-0.002065468
181219,0.292616961,-0.435055065
181220,0.158343081,-0.829003081
181221,0.174160451,-0.090800349
181224,0.188587925,0.18209036
181225,0.134817857,-0.375598477
181226,0.086497841,-0.168344197
190103,-0.244080717,-0.27524943
190104,-0.266465977,0.086545349
190107,-0.453169045,-1.070783182
190108,-0.725734657,-2.039612528
190110,-0.451665725,0.729720754
190114,-0.491506694,0.453092427
190116,-0.631791057,-0.958600998
190117,-0.61831597,0.142063199
190121,-0.44147698,0.58121771
190128,-0.417004081,-0.261217824
190129,-0.444335218,-0.198695908
190131,-0.462406665,-0.022750415
190202,-0.555842678,-0.787332403
190213,-0.644575418,-0.09402768
190215,-0.677741762,0.04694332
190219,-0.5601791,0.351114679
190220,-0.621228402,-0.291988094
190221,-0.552240351,0.328339695
190222,-0.466215939,0.401170032
190226,-0.145580018,1.599603328
190227,-0.143855677,-0.354051942
190228,-0.044507348,0.244261655
190301,-0.009603161,0.408890526
190304,0.01219436,0.326483307
190305,0.108890468,0.479976141
190308,-0.29262656,-0.527032421
190311,-0.247933108,-0.284997639
190314,-0.02754525,0.646941483
190318,-0.030987843,-0.185700504
190319,-0.036528074,0.023873176
190320,-0.082708999,-0.166887494
190321,-0.161585544,-0.446007404
190325,-0.263701962,-0.422173223
190326,-0.130660041,0.266057642
190327,-0.113713984,0.429268969
190328,-0.143442557,-0.132712411
190329,-0.106476749,0.274441403
190401,0.051605183,0.661211608
190402,0.042608957,0.300637741
190403,0.116127937,0.129844271
190404,0.216684362,0.493829451
190408,0.241850903,0.510956552
190409,0.447540068,1.056666884
190411,0.364258743,-0.806541418
190412,0.563661664,0.463456656
190415,0.840813584,2.068732927
190416,0.981236484,1.158325193
190417,1.000701982,0.036311926
190418,0.805830474,-0.706277233
190419,0.769685734,-0.883422216
190422,1.053151577,1.318778908
190423,1.126663455,1.157640619
190424,1.250879525,0.306361605
190425,1.069896052,-0.799053407
190426,0.9051926,-0.686260037
190428,0.925346823,0.15831508
190429,0.918075831,-0.541803457
190430,0.769211587,-0.855309843
190505,0.777076817,0.0275357
190506,0.575059151,-1.130997666
190507,0.480495447,-0.505841736
190508,0.399492028,-0.843385128
190509,0.283476912,-0.457210346
190510,0.355921542,0.321174249
190513,0.238090996,-0.735752072
190514,0.325814229,0.382721494
190515,0.317327591,0.006164663
190517,0.265707129,0.112633611
190520,0.385357175,0.628888647
190521,0.451583509,0.451351952
190522,0.491667555,0.214547168
190523,0.381228899,-0.386574895
190524,0.38805352,-0.193034636
190527,0.687523622,1.360316541
190528,0.576012487,0.578032638
190530,0.484577257,0.049603339
190531,0.461144797,0.01196323
190603,0.336999899,-0.956478682
190604,0.224809755,-0.353744621
190606,0.153246823,-0.633365624
190610,0.225644032,0.474576444
190612,0.302587607,-0.014191269
190613,0.173471435,-0.757206412
190614,0.104958835,-0.440226035
190617,0.003696773,-0.823128709
190619,-0.083543254,-0.46052842
190620,-0.160890442,-0.780110956
190621,-0.123976545,0.421711319
190624,-0.020624532,0.568091587
190625,-0.005945505,0.188388038
190626,0.033649717,0.373068466
190627,0.068869328,0.133248488
190628,-0.018389625,-0.302957601
190701,-0.099576884,-0.831337511
190702,-0.278297492,-1.131479484
190703,-0.341582457,-0.736351163
190704,-0.337330405,0.036200218
190705,-0.195527802,0.599100071
190708,-0.101763719,0.798491787
190709,-0.126071736,0.086586034
190710,-0.133652339,-0.23657995
190711,-0.183106336,-0.314510647
190712,-0.170421266,0.189927919
190716,-0.117823145,-0.084503359
190717,-0.143205077,-0.164484316
190718,-0.196173595,-0.370519763
190719,-0.233506972,-0.108141215
190722,-0.286261383,-0.3477403
190723,-0.237805113,0.089017804
190724,-0.148179132,0.577851371
190726,-0.09774203,0.199104361
190729,-0.018251347,0.54258563
190730,-0.033027917,0.124655544
190731,-0.107209556,-0.510380987
190801,-0.085954444,0.02721177
190802,-0.213151404,-0.571334101
190805,-0.307028166,-0.701363349
190806,-0.276006146,-0.059758074
190808,-0.306344069,0.052095652
190809,-0.30627885,-0.222756923
190813,-0.170686281,0.17444913
190815,-0.124728155,-0.162551175
190816,-0.085797324,0.462579813
190820,-0.088941065,0.078125842
190821,-0.037302192,0.411450712
190822,-0.027972999,0.055635889
190823,-0.025159337,0.068836081
190826,-0.031261607,-0.14858754
190827,0.064282892,0.673629923
190828,0.032356905,-0.092916674
190902,0.1383854,1.617389209
190904,-0.008121286,-0.223254867
190906,-0.162103003,-0.255470084
190911,0.01783274,0.213798317
190912,0.106846156,0.349312127
190916,0.093338599,0.184932404
190920,0.23645417,0.154676758
190923,0.243692554,-0.062629415
190924,0.221083842,-0.282041113
190925,0.188066539,0.012964754
190927,0.200162738,0.018012253
190930,0.261812235,0.424843516
191008,0.16592647,-0.497682592
191010,0.220166032,0.233781217
191012,0.298291824,0.316109541
191014,0.325441544,0.165340131
191015,0.377299771,0.184799766
191016,0.352870879,-0.1603976
191017,0.320366172,-0.101448254
191018,0.40424365,0.246161755
191023,0.491380619,-0.451488634
191024,0.470630276,-0.136781786
191025,0.54957178,0.104201707
191028,0.764290963,1.129216683
191030,1.024368443,0.910365855
191031,0.899607451,-0.269167027
191101,0.830322262,-0.618443548
191105,0.685618761,-0.842919496
191107,0.71159182,0.200639966
191108,0.741303659,0.428275891
191113,0.693954162,0.177981603
191114,0.725923966,0.070502524
191119,0.12860397,-1.883917093
191120,-0.003533612,-1.062181913
191121,-0.00428912,-0.322018478
191122,0.013699625,0.319839798
191125,0.161210916,0.635561322
191126,0.153174328,0.360892745
191127,0.181986036,-0.062319518
191128,0.185636697,0.104039466
191129,0.139248041,-0.253899052
191203,0.170769807,-0.13700714
191204,0.116509485,-0.458299928
191205,0.135529613,-0.022905526
191206,0.216081488,0.273833934
191209,0.264244298,0.508914286
191210,0.18886475,-0.214324615
191211,0.119434884,-0.408389149
191216,0.190780486,0.271393945
191217,0.290284542,0.708542703
191220,0.047839917,-0.585663359
191223,-0.051571303,-0.707366722
191224,-0.092476548,-0.613570055
191225,-0.062664564,0.395548217
191226,-0.067311971,-0.11385682
191227,-0.027593307,0.212644844
191230,-0.003619944,0.158684241
191231,0.051514174,0.864106891
200102,0.03232373,-0.648859993
200103,-0.002167389,0.094567589
200106,-0.111352571,-0.957831174
200107,-0.02807994,0.336295829
200108,-0.02574112,0.201806799
200109,-0.036783653,0.045037911
200110,-0.080229252,-0.428465765
200113,-0.017167436,0.314084331
200115,0.019344257,0.023084738
200116,-0.02520544,-0.171666034
200117,-0.072569483,-0.282629331
200120,-0.140630374,-0.593758011
200121,-0.160951634,-0.223614645
200122,-0.119866385,0.180944899
200123,-0.238294591,-0.520304195
200203,-0.790625218,-4.869593846
200204,-0.700573251,0.369978806
200205,-0.774973641,-0.073777285
200206,-0.823994018,-0.51663297
200207,-1.000897699,-0.873518879
200210,-1.083967803,-0.947719397
200212,-0.929239141,0.316412102
200213,-1.009124664,-0.456154686
200214,-0.975201487,-0.012604838
200217,-0.975796386,0.154037351
200219,-0.933356436,0.161752611
200220,-0.872435236,0.433874985
200221,-1.018664519,-0.777184628
200225,-1.151028427,-0.265648344
200226,-1.25105311,-0.458873251
200228,-1.45209345,-0.933825115
200303,-1.421727346,0.368691478
200306,-1.775454308,-0.891703609
200310,-1.602913045,2.016704004
200311,-1.550952073,1.283298267
200313,-1.459389351,1.005797777
200316,-1.650398759,-0.719168518
200317,-1.724795047,-1.013253102
200318,-1.873964439,-0.792583315
200319,-1.976429752,-1.185466533
200320,-2.093956852,-0.504307557
200323,-2.432574418,-2.255121457
200324,-2.672590838,-2.166362821
200325,-2.754748838,-0.518784518
200326,-2.872073933,-1.846887904
200327,-2.649641612,1.30107125
200330,-2.844139143,-1.02293645
200331,-2.632340063,6.905841567
200401,-3.184818547,-8.440345159
200402,-3.112199667,-0.136827748
200403,-3.357767144,-2.033129923
200407,-4.713962563,-10.12011252
200408,-5.033361809,-5.496818414
200409,-4.804164292,-0.229893019
200410,-4.43619579,4.681387203
200413,-4.29353555,2.118593524
200414,-4.6216156,-2.775449576
200415,-4.83578883,-2.953153892
200416,-4.834934241,-0.640408554
200417,-4.642473026,1.327287841
200420,-4.685231865,0.774586757
200421,-4.85342686,-0.791089388
200422,-4.91973244,-1.551389722
200423,-4.846716545,0.585256278
200424,-4.70794255,1.441105897
200426,-4.733299464,0.322044713
200427,-4.722571131,0.132264494
200428,-4.745887137,-0.070406767
200429,-4.905890137,-1.171864816
200430,-4.655435336,4.757517188
200506,-4.706568005,-3.068955697
200507,-4.477204163,2.089971817
200508,-4.597179712,-0.209384169
200509,-4.582139589,0.086181143
200511,-4.413801061,1.557459493
200512,-4.595015881,-0.771354362
200513,-4.743692883,-2.112799992
200514,-4.830807739,-0.588470892
200515,-4.789256002,-0.502723315
200518,-4.593718016,1.790871664
200519,-4.446542601,2.305554318
200520,-4.426198697,0.305724216
200521,-4.401042558,-0.073458703
200522,-4.647027444,-1.330986966
200525,-4.333114659,1.952884303
200526,-3.744878321,5.85624514
200527,-3.398479124,4.254084551
200528,-3.49861796,0.471302882
200529,-3.623032017,-0.58089409
200601,-3.644231741,6.114669182
200602,-3.127481075,3.794352336
200603,-2.900387961,5.922995707
200604,-2.531141649,0.63621246
200605,-2.523645837,1.539667489
200608,-2.609860775,-0.39217566
200609,-2.711344221,-1.004069331
200610,-2.505977241,0.968720799
200611,-2.569784765,0.440495508
200612,-2.695352013,-1.216236411
200615,-2.825753312,-1.28355928
200616,-2.611399596,1.559358092
200617,-2.313928731,2.250049703
200618,-2.341611456,0.775991406
200619,-2.24462959,0.433565975
200622,-1.897165319,1.856970935
200623,-1.874568548,2.119467032
200624,-2.146647725,-2.33541006
200629,-2.055135202,0.251654089
200630,-1.95776215,1.03479662
200701,-1.962662689,-0.296378428
200702,-2.046890296,-0.208606523
200703,-1.966645065,0.025525363
200706,-1.486501719,2.981513874
200707,-1.300540588,3.022114213
200708,-1.058727469,0.900431704
200709,-0.816693592,2.430441107
200710,-0.922269503,-0.300269497
200713,-0.761939775,0.715805791
200714,-0.902221759,-0.844788162
200715,-1.015312123,-0.390931836
200716,-1.031729299,-0.692937441
200717,-1.025507859,0.176023064
200721,-1.31929146,-1.706059387
200722,-1.290798043,-0.015636751
200723,-1.194166993,0.392794789
200724,-1.350978443,-0.362198703
200727,-1.305743258,-0.343774256
200728,-1.167495122,0.999808564
200729,-1.140069633,0.436542716
200730,-1.127989589,0.009590747
200731,-1.019224195,0.64612463
200803,-1.028426006,0.337750104
200804,-1.01560973,-0.120413472
200805,-1.0094221,-0.035731992
200806,-0.918285471,0.631951789
200807,-0.88055322,0.41379404
200810,-1.045566811,-0.702245259
200811,-0.994290695,-0.015257427
200812,-0.841111996,0.698558283
200814,-0.945070468,-0.458135823
200817,-0.972727691,-0.064936881
200818,-0.929536272,0.053957648
200819,-0.823202606,0.641082938
200820,-0.681747304,1.156257783
200821,-0.737074522,0.346057818
200824,-0.698760705,-0.311759744
200825,-0.565166159,1.03089692
200826,-0.553387527,0.103839291
200827,-0.525615275,0.150866222
200828,-0.478987621,0.618418873
200831,-0.561055012,-0.41950084
200901,-0.448081923,0.232661839
200902,-0.2995768,0.934036727
200903,-0.308337701,0.525444104
200904,-0.297669084,-0.317313364
200907,-0.219980857,0.716442006
200908,-0.317987426,-0.657994769
200909,-0.45903845,-0.785231865
200910,-0.559519687,-0.817901556
200911,-0.481444025,0.267175649
200914,-0.426113281,0.60447734
200915,-0.707374711,-1.4628792
200916,-0.804719076,-1.665085092
200917,-0.676728827,0.776790128
200918,-0.77431091,0.108284714
200921,-0.849550943,-0.665246113
200922,-0.827019852,0.011948773
200923,-0.797204414,0.152412349
200924,-0.847730317,-0.231574442
200925,-0.740946495,0.422413427
200928,-0.798798663,0.054542769
200929,-0.720288721,0.205051136
200930,-0.630972292,0.824866893
201009,-0.498679924,0.93779471
201012,-0.493938281,0.174828811
201013,-0.533222329,-0.32431975
201014,-0.454299297,0.503510907
201015,-0.410326233,0.269831479
201016,-0.419453011,0.029180573
201019,-0.517808959,-0.26989
201020,-0.506041666,-0.207547713
201021,-0.576290841,-0.35991691
201022,-0.631543768,-0.550833975
201023,-0.554658162,0.244812725
201026,-0.490440808,0.327256992
201027,-0.556634422,0.254155928
201028,-0.611741558,-0.774038643
201029,-0.571810618,0.169058887
201030,-0.584165867,0.177266903
201102,-0.65642929,-0.541389231
201103,-0.686744075,-0.604362108
201104,-0.705469395,0.013361251
201105,-0.656076288,0.032553747
201106,-0.54945938,0.636851925
201109,-0.426165941,1.05603069
201110,-0.431815101,0.211728723
201111,-0.3133969,0.443798079
201112,-0.15011968,0.844148537
201113,-0.07081293,1.276755482
201116,-0.15298662,-0.726306925
201117,-0.102013427,0.065074244
201118,0.056449594,1.170378311
201119,0.310829451,1.28774602
201120,0.229605715,0.31793152
201123,-0.041850754,-1.808684037
201124,0.223239333,0.962297578
201125,0.081290789,-0.113517723
201126,0.114176389,-0.385922451
201127,0.110138523,0.0980825
201130,-0.148031361,-1.365521864
201201,-0.105865071,-0.092919581
201202,0.07132091,1.07033223
201203,0.10439808,0.438967875
201204,0.074034864,-0.142891331
201207,0.028129824,-0.003359464
201208,-0.094599171,-0.889941403
201209,-0.096969488,-0.188264856
201210,-0.187397745,-0.740049154
201211,-0.071143629,0.755400532
201214,-0.155905225,-0.019928544
201215,-0.311398262,-1.194940868
201216,-0.375587786,-0.661265502
201217,-0.267799393,0.520627585
201218,-0.265317556,0.522290207
201221,-0.406010573,-1.02188376
201222,-0.555110313,-1.128619972
201223,-0.572717817,-0.456305942
201224,-0.505384678,0.54374986
201225,-0.5757665,-0.024366681
201228,-0.543140875,-0.336619591
201229,-0.527994512,0.246190174
201230,-0.62998696,-0.455900147
201231,-0.518497303,2.53128946
210104,-0.525229372,-1.946903608
210105,-0.696121389,-0.585714272
210106,-0.700775012,-0.666680664
210107,-0.785230405,-0.467976802
210108,-0.729433785,0.190730501
210111,-0.680708322,0.634113886
210112,-0.782684275,-0.364012762
210113,-0.906087408,-0.994674534
210114,-0.84885684,-0.428423411
210115,-0.660131748,1.418201153
210118,-0.47594065,1.098353082
210119,-0.48983289,0.407816252
210120,-0.566246153,-0.205181223
210121,-0.655952269,-0.57004611
210122,-0.605936956,0.25958653
210125,-0.51803749,0.296813825
210126,-0.252259321,1.971808252
210127,-0.213732839,0.666716244
210128,-0.023790205,0.690382416
210129,-0.055055503,0.167828824
210201,-0.164307707,2.575315154
210202,-0.21311544,-0.489651683
210203,0.049744983,1.162169861
210204,0.175635661,1.365232952
210205,0.177634671,0.208885749
210208,0.241389454,0.215277972
210209,0.175321271,-0.207370015
210210,0.259055435,0.32947404
210218,0.355752516,1.051678607
210219,0.172641529,-1.208583481
210220,0.156876285,-0.22280282
210222,0.208445093,0.31470571
210223,0.145049418,-0.300061108
210224,0.09567904,-0.563602231
210225,0.136014789,0.38882045
210226,0.161112301,-0.08319805
210301,0.05093173,-0.126798929
210302,0.028659328,-0.439212333
210303,0.031374615,0.065213055
210304,0.096372549,0.436510969
210305,-0.044912014,-0.519136688
210308,-0.058803139,-0.367008706
210309,0.014367021,0.379175684
210310,-0.048138333,-0.200618549
210311,0.014404169,0.171555134
210312,0.034619562,0.07311616
210315,0.118305377,0.665971719
210316,0.073522345,-0.233968241
210317,0.008733291,-0.472693517
210318,0.050561873,0.27889156
210330,-0.250579157,-2.072749951
210331,-0.217882848,1.360230616
210401,-0.283158519,-1.414297627
210402,-0.278517101,-0.16008446
210406,-0.213932797,0.464392297
210407,-0.191822349,0.182780478
210408,-0.195378456,0.007185023
210409,-0.271795904,-0.3960988
210412,-0.326712092,-0.468214065
210413,-0.535710504,-1.238322879
210414,-0.531455533,-0.044301043
210415,-0.47077385,0.180063622
210416,-0.458128647,0.312585436
210419,-0.521044515,-0.355995271
210420,-0.568407856,-0.423917857
210421,-0.572627501,-0.105506119
210422,-0.554124871,0.134547242
210423,-0.524285736,-0.039095098
210425,-0.405140514,0.959154492
210426,-0.387348104,0.13621186
210427,-0.409253801,-0.196450877
210428,-0.461695825,-0.13572378
210429,-0.458198073,-0.149883801
210430,-0.472009801,0.395405857
210506,-0.543521078,-0.756741217
210507,-0.586896445,-0.408386625
210508,-0.63256514,-0.281524416
210510,-0.707825147,-0.239624775
210511,-0.743418264,-0.525061804
210512,-0.694288787,0.058687708
210513,-0.596618646,1.026190805
210514,-0.651753733,-0.460458101
210517,-0.530568325,0.718671811
210518,-0.58704123,-0.158259239
210519,-0.663851564,-0.54362727
210520,-0.74084456,-0.44562188
210521,-0.786590005,-0.431039276
210524,-0.721185965,0.344685095
210525,-0.71569742,0.289058949
210526,-0.76398834,-0.571615666
210527,-0.683157208,0.495220679
210528,-0.617221759,0.590222663
210531,-0.606689794,0.175111302
210601,-0.661891519,-0.466415313
210602,-0.614614476,0.110990602
210603,-0.684056982,-0.268632135
210604,-0.526767084,0.670154614
210607,-0.414777862,1.164069607
210608,-0.420307087,-0.072777986
210609,-0.422535198,0.203041305
210610,-0.470173164,-0.520386525
210611,-0.389074491,0.500054435
210615,-0.388686485,0.166371804
210617,-0.342561073,0.176381474
210618,-0.377184485,-0.039895067
210621,-0.497136437,-0.679501696
210622,-0.501020908,-0.085937454
210623,-0.541058632,-0.318258908
210624,-0.589683366,-0.480608526
210625,-0.607491189,-0.018651171
210628,-0.528916548,0.013980459
210629,-0.509989038,0.652805839
210630,-0.531464007,0.016817911
210701,-0.572039094,-0.624043974
210702,-0.645424268,-0.292725833
210705,-0.670776187,-0.150235934
210706,-0.638468973,0.018173244
210707,-0.690227294,-0.000905031
210708,-0.927219759,-1.802406603
210709,-0.857511029,0.452247527
210712,-1.089418408,-1.405559318
210714,-1.156653718,-0.852979209
210715,-1.016727163,0.938499211
210716,-1.097760725,-0.269302396
210719,-1.075738456,-0.076379444
210720,-1.068789483,0.014818888
210721,-1.069603588,0.073797187
210722,-1.036913299,0.258911071
210723,-1.073205941,-0.23751288
210726,-1.120578218,-0.358599178
210727,-0.972247741,0.898942879
210728,-0.943279366,0.393388527
210729,-1.084310144,-0.662390937
210730,-1.2041426,-0.914144799
210802,-1.260994873,-2.281729178
210803,-1.260665822,0.134316735
210804,-1.286702075,-0.240536019
210805,-1.395643009,-0.770007869
210806,-1.335989489,0.170223485
210809,-1.140116633,1.300583778
210810,-1.165921543,0.350047528
210811,-1.178437736,-0.227252179
210812,-1.242644343,-0.36132756
210813,-1.211713577,0.106355041
210816,-1.152625905,0.302858157
210818,-1.29643855,-0.754277179
210819,-1.311921351,-0.244418179
210820,-1.280720718,0.150399262
210823,-1.22592086,0.475445836
210824,-1.286882255,-0.045505898
210825,-1.28903075,-0.447662005
210826,-1.207020463,0.584305981
210827,-1.281860359,-0.363110927
210830,-1.323484315,-0.271288291
210831,-1.309425709,0.495570724
210901,-1.419375282,-1.08025213
210902,-1.370108982,0.094683955
210903,-1.369440016,0.048874519
210906,-1.320329273,0.298039528
210907,-1.228383022,0.590048156
210908,-1.182654682,0.512594545
210910,-1.187261726,-0.037369927
210913,-1.081195682,0.315951153
210914,-1.070878501,0.724071262
210915,-1.048634621,-0.352606968
210916,-1.052427199,0.37189804
210917,-1.088384617,-0.287476862
210922,-1.198834913,-0.653215954
210923,-1.248546498,-0.420804773
210924,-1.209096566,0.040456545
210926,-1.229083392,-0.016216511
210927,-1.217678522,-0.073315985
210928,-1.158035977,0.585905865
210929,-1.122870322,0.280292305
210930,-1.20822216,-0.469613725
211008,-1.101110668,0.546453972
211011,-1.002891678,0.816688605
211012,-1.032823889,-0.061718946
211013,-1.065237531,-0.134673374
211014,-1.064258813,-0.231936438
211015,-1.04310398,0.235551936
211018,-0.870214489,0.946566562
211019,-0.891687808,0.662043715
211020,-0.94011853,-0.807978277
211021,-1.01777781,-0.47971063
211022,-0.996558601,-0.094311116
211025,-0.96703532,0.309564561
211026,-1.002212479,-0.1230919
211027,-0.951643474,0.142032835
211028,-0.995145137,0.057731766
211029,-0.98938129,-0.123144312
211117,-1.219302702,0.353372165
211118,-1.241201439,-0.180596321
211119,-1.200818984,0.205400809
211122,-1.254331168,-0.312077887
211123,-1.244997333,0.140163175
211124,-1.311960495,-0.300283798
211125,-1.29018028,-0.075967036
211126,-1.37204533,-0.524705571
211129,-1.335847761,0.279526284
211130,-1.304695605,0.705326335
211201,-1.301926649,-0.435316915
211202,-1.280391408,0.065637011
211203,-1.240815181,0.336611839
211206,-1.3980294,-1.035102585
211207,-1.320443275,0.331764965
211209,-1.336595141,-0.111788989
211210,-1.347361227,0.072613603
211213,-1.36787993,-0.356306301
211214,-1.461467008,-0.69741446
211215,-1.454587724,0.142202004
211216,-1.41264754,0.175157109
211217,-1.403726806,-0.085113546
211220,-1.350110554,0.458887765
211221,-1.397412901,-0.023816008
211223,-1.523486183,-0.452715669
211224,-1.524285527,-0.041581081
211227,-1.571727061,-0.449526263
211228,-1.586359967,-0.003921293
211229,-1.675145875,-0.566828643
211230,-1.701026036,-0.279268309
211231,-1.60375549,2.154409168
220104,-1.709527676,-1.823684658
220105,-1.643457391,-0.050663618
220106,-1.57269981,0.788816966
220107,-1.611113639,-0.15924957
220110,-1.673116309,-0.439825155
220111,-1.687624637,-0.097145791
220112,-1.669636663,-0.113310332
220113,-1.669954897,0.148085063
220114,-1.674394608,-0.053460521
220117,-1.880303494,-1.373765469
220118,-2.067504242,-1.435291426
220119,-2.078411032,-0.73777504
220120,-2.067196337,0.355217495
220121,-2.141213435,-0.24638225
220124,-2.210541339,-0.660937995
220125,-2.134342076,0.302042692
220126,-2.108112198,0.52735297
220127,-2.071378252,0.132723987
220128,-2.17033335,-0.553589896
220129,-2.181618928,-0.231754573
220130,-2.182557551,0.021479957
220207,-2.147058357,-1.722609859
220208,-2.125055899,-0.145095427
220209,-2.100837547,0.296586213
220210,-2.139868444,-0.224148781
220211,-1.915175975,1.607481717
220214,-1.88023254,0.430850101
220215,-1.920436161,-0.210912965
220216,-1.939361157,0.090088142
220217,-1.935250667,-0.185361332
220218,-1.886940061,0.502129396
220221,-1.698550409,0.93205833
220222,-1.637910326,0.84634161
220223,-1.749878439,-0.584397494
220224,-1.744833049,-0.100910611
220225,-1.786074558,0.191940453
220228,-1.832313475,-0.829234283
220301,-1.729534873,0.661588209
220302,-1.715245811,0.378828388
220303,-1.603025284,0.796544402
220304,-1.683017775,-0.143692241
220307,-1.720850076,-0.338109752
220308,-1.730932878,-0.541655758
220309,-1.63436325,0.889229742
220310,-1.588113512,0.243865415
220311,-1.817340499,-0.620673703
220314,-2.022550677,-2.345106739
220315,-1.717230703,1.702390984
220316,-1.884356121,0.091651217
220317,-1.935630445,-1.017227843
220318,-1.875062079,0.118280764
220321,-1.820127424,0.6571132
220322,-1.71975808,0.829468823
220323,-1.721473213,-0.069176681
220324,-1.761709807,-0.021250547
220325,-1.726553191,-0.047089984
220328,-1.684125768,0.336330565
220329,-1.708310499,-0.031246288
220330,-1.761852109,-0.384688696
220331,-1.770719195,0.134502019
220401,-1.852852173,-0.750278739
220402,-1.873852253,0.01805553
220406,-1.879797352,-0.363827016
220407,-1.913674929,-0.07510738
220408,-1.902055336,-0.043080914
220411,-1.868478856,0.273406074
220412,-1.858955591,0.137046164
220413,-1.879827493,-0.094509025
220414,-1.947476794,-0.622322008
220415,-2.034939178,-0.41912339
220418,-1.833256664,1.192227973
220419,-1.865601188,-0.085090782
220420,-1.818274627,0.462121396
220421,-1.880721279,-0.340581465
220422,-1.843694077,0.098114507
220424,-1.848100704,0.110958082
220425,-1.978943546,-0.513748731
220426,-1.953890147,-0.411462303
220427,-1.844824741,0.743663347
220428,-1.753176581,0.719041736
220429,-1.822065282,-0.199509146
220505,-1.8576579,0.182189284
220506,-1.858833047,0.033910803
220509,-1.935628357,-0.305933023
220510,-2.048311177,-1.045811364
220511,-1.97018364,0.33391446
220512,-2.105494336,-0.651939839
220513,-2.11750036,-0.526551058
220516,-2.168307235,0.047947452
220517,-2.212228371,-0.679045055
220518,-2.280154843,-0.477348778
220519,-2.259463077,-0.068941134
220520,-2.247340027,0.394432995
220523,-2.330128786,-0.636566054
220524,-2.249478983,0.300811037
220525,-2.230242725,0.448447155
220526,-2.384982978,-1.113234868
220527,-2.424257379,-0.156999239
220530,-2.290675391,0.746084023
220531,-2.164660183,1.117309289
220601,-2.193151503,-0.282464399
220602,-2.155968952,0.363414048
220606,-2.055058856,0.714536131
220607,-2.085948524,0.268390062
220608,-2.117522273,-0.466867994
220609,-2.162949271,-0.204336294
220610,-2.161293076,-0.145203434
220613,-2.116041621,0.35769003
220614,-2.076121844,0.544920473
220615,-2.023489505,0.273433598
220616,-2.085770595,-0.268567036
220617,-2.096894441,-0.388401212
220620,-1.983233447,0.858333722
220621,-1.979487956,0.340373624
220622,-2.037359335,-0.309645901
220623,-2.01972497,-0.137727858
220624,-1.906506796,0.70163855
220627,-1.767789516,1.350692349
220628,-1.777704529,-0.056549706
220629,-1.831976913,-0.167828139
220630,-1.88754088,-0.446478706
220701,-1.972726648,-0.75187338
220704,-1.703710431,2.097104868
220705,-1.719239073,0.155639701
220706,-1.753014359,-0.520791879
220707,-1.760447372,0.134588069
220708,-1.792119651,-0.170551048
220711,-1.956169336,-1.052482208
220712,-2.050367244,-0.815515832
220713,-2.060033976,-0.35029917
220714,-2.182127365,-0.601271949
220715,-2.214409559,-0.390417812
220718,-2.226511241,-0.228868007
220719,-2.203491726,0.246623571
220720,-2.266076316,-0.251889923
220721,-2.303245187,-0.712821347
220722,-2.227404167,0.595686159
220725,-2.243778445,-0.078871408
220726,-2.32009206,-0.297288793
220727,-2.324620539,-0.173398111
220728,-2.238173077,0.480681667
220729,-2.417488325,-1.01196353
220801,-2.519906505,-3.489003303
220802,-2.558924707,-0.542509553
220803,-2.796499322,-1.096287094
220804,-2.889204417,-2.132865885
220805,-2.77371859,0.988037435
220808,-2.750631853,0.241067543
220809,-2.607918037,1.481962845
220810,-2.494201259,0.321344314
220811,-2.484889538,0.815681792
220812,-2.461689194,0.087129257
220815,-2.957815806,-3.271854185
220816,-2.968427723,-0.942806359
220817,-2.926405867,0.58058549
220818,-3.015061044,-0.673226821
220819,-2.979542575,0.123057841
220822,-2.921081531,0.492228765
220823,-2.853787942,0.602355925
220824,-2.869180832,-0.010904548
220825,-2.729850528,0.946737787
220826,-2.70940144,0.63222394
220829,-2.814503378,-0.538856025
220830,-2.87111284,-0.506886201
220831,-2.858099173,0.500605529
220901,-2.941340133,-1.219831503
220902,-2.949237568,-0.351336616
220905,-2.997752526,-0.319680726
220906,-3.002398538,0.030712901
220907,-2.957934224,0.226614628
220908,-2.915204287,0.628469815
220909,-2.867315407,0.304002625
220913,-2.843281873,0.342820564
220914,-2.773326227,0.496857763
220915,-2.718018564,0.348696102
220916,-2.645149603,1.165701352
220919,-2.670420816,-0.220503016
220920,-2.736657386,-0.412204726
220921,-2.73949007,-0.075776401
220922,-2.678471268,0.327405816
220923,-2.641927579,0.275849367
220926,-2.462888718,1.472083102
220927,-2.576611676,-0.394620115
220928,-2.511678632,0.084582328
220929,-2.392880263,0.876270385
220930,-2.450746734,0.024499898
221008,-2.429020858,-0.269200777
221010,-2.645593553,-0.935581115
221011,-2.618147943,-0.093862279
221012,-2.663079711,0.002111363
221013,-2.683534053,-0.359042822
221014,-2.73822989,-0.157478035
221017,-2.758596031,-0.264909736
221018,-2.749561059,0.002748933
221019,-2.741877567,0.00981571
221020,-2.69717539,0.411273992
221021,-2.609443301,0.67943823
221024,-2.628589521,0.17149452
221025,-2.508073636,0.755594767
221026,-2.582729384,-0.166075087
221027,-2.627521825,-0.540852908
221028,-2.702938566,-0.548165267
221031,-2.699061165,0.340640733
221101,-2.622039388,0.288689022
221102,-2.58192828,0.273114151
221103,-2.560421335,0.078460821
221104,-2.53618976,0.468443251
221107,-2.445322819,0.576386166
221108,-2.408407646,0.935697862
221109,-2.321937453,0.170122083
221110,-2.213203746,0.725103538
221111,-2.17329089,0.552033612
221114,-1.611163937,3.336101267
221115,-1.565580867,1.429967268
221116,-1.270046554,1.966608126
221117,-1.559000063,-0.379297642
221118,-1.606899413,-1.18877015
221121,-1.651786704,-0.7032429
221122,-1.6463637,0.217456406
221123,-1.805964481,-0.838999903
221124,-1.951790703,-1.593849707
221125,-1.709006187,1.26548932
221128,-1.601630756,1.296878682
221129,-1.478995999,1.562049637
221130,-1.533971889,-0.558552689
221201,-1.62877028,-0.341735509
221202,-1.673192974,-0.595876063
221205,-1.600138689,0.420983638
221206,-1.469443051,0.752007547
221207,-1.536323242,0.751458884
221208,-1.561786657,-1.048999703
221209,-1.496189641,0.43696605
221212,-1.539604413,-0.341540184
221213,-1.477191637,0.607379717
221214,-1.653396624,-0.977162225
221215,-1.605541415,0.046243253
221216,-1.605131732,0.161915554
221219,-1.786038457,-1.446028192
221220,-1.698874396,0.385585271
221221,-1.750460026,-0.06578727
221222,-1.842450252,-0.632837894
221223,-1.885688968,-0.359803803
221226,-1.829596033,0.017442898
221227,-1.570929366,2.033755817
221228,-1.613026506,-0.003731147
221229,-1.771726861,-0.928624159
221230,-1.818395025,-0.636438457
230103,-1.907739974,-1.898966133
230104,-1.983756105,-0.889442179
230105,-1.958799343,-0.075405259
230106,-1.882163843,0.575136898
230109,-1.817636577,0.615262663
230110,-1.554322,1.728734267
230111,-1.548340702,0.689951711
230112,-1.592478604,-0.573767155
230113,-1.546783119,0.301701936
230116,-1.359017086,1.343785389
230117,-1.392532317,0.296561189
230118,-1.326599283,-0.100740597
230119,-1.348340496,0.459835034
230120,-1.339974032,-0.420815993
230130,-1.35027903,0.225264163
230131,-1.425343973,-0.409004505
230201,-1.426302093,-0.151971126
230202,-1.513861683,-0.457491899
230203,-1.547987003,-0.4017748
230206,-1.435177133,0.40988664
230207,-1.392886975,0.755655821
230208,-1.325349958,0.316865592
230209,-1.365306116,-0.127464295
230210,-1.424314713,-0.422309291
230213,-1.446150543,-0.090945103
230214,-1.398841994,0.393004769
230215,-1.333951232,0.579369976
230216,-1.295917794,0.265699917
230217,-1.300130766,0.092982433
230220,-1.138747995,0.605942926
230221,-1.10077263,0.717005135
230222,-1.013885999,0.392567573
230223,-0.855977811,1.061925058
230224,-0.88547523,0.125604613
230227,-0.854850753,0.206010535
230228,-0.785118735,0.937044619
230301,-0.889257716,-0.903504059
230302,-0.753673531,0.238776975
230303,-0.731321471,0.795255088
230306,-0.914828615,-1.052429
230307,-0.89832349,-0.033342653
230308,-0.833814248,0.118819714
230309,-0.837129173,0.043761966
230310,-0.94849526,-0.473384493
230313,-0.916293813,-0.007296256
230314,-0.954519494,-0.15768886
230315,-0.857398751,0.611343897
230316,-0.944476064,-0.352764408
230317,-0.965293515,-0.316763128
