time,normval,normbuy,normsell,normavg,normper,y1,y2,y3,y4,y5
150302,1.442887358,1.445733259,1.51386123,1.480091848,-0.100215716,2.9359869401678975,-0.02357822066640415,0.049783964997966494,-0.029451545926609847,-7.165614822462317e-05
150309,2.003883933,1.992764683,2.052004664,2.022999634,0.747598689,4.015873588370804,0.9383119156441181,0.043441968567615,-0.01124455794798921,8.558605084169769e-05
150316,2.107157853,2.157704743,2.210490861,2.184548767,2.411675601,4.284164907203648,2.80124938917347,0.041413507004219356,-0.05668063655765957,-6.486376537866833e-05
150325,1.458092122,1.481134063,1.54421804,1.51307315,-1.036681492,3.007146258140964,-1.0687973830701576,0.04639677963187066,-0.04780031411637834,5.1471301045285055e-06
150401,1.529969191,1.414287851,1.499865559,1.457577666,-3.671642751,2.9999837101512585,-4.013029234215041,0.057244913761022635,0.05468212507342248,6.845356351476585e-05
150409,0.898872727,0.858950093,0.942207034,0.900845382,-1.142718111,1.8128311142741265,-1.2036979352337096,0.05878956381798766,-0.0018623666172522888,8.058964752373673e-06
150417,0.719772448,0.686692548,0.754941004,0.721126908,0.138865669,1.4346860154571013,0.22295008348153034,0.04865473106382855,0.0023222144106019504,8.92331183332611e-05
150427,-0.133274086,-0.208809364,-0.093669794,-0.151198916,-3.627733839,-0.23989192328897216,-4.008072638970103,0.07937566205798446,0.008311281489637425,1.072964280495626e-05
150505,-0.22785957,-0.245199018,-0.16897045,-0.207089386,0.968966786,-0.4408519014745936,1.124797712608808,0.05497888150795758,-0.011802970698004421,2.0673793759633417e-05
150512,-0.553083561,-0.637969954,-0.543305388,-0.590620459,-2.411354936,-1.1260823516764642,-2.66125050333277,0.06470182690208959,0.028542797275536845,8.860497897773146e-05
150519,-0.65537016,-0.705805015,-0.600865052,-0.653423179,2.020983129,-1.338668615073783,2.2878185048408315,0.07496898474095798,0.008436875276542653,3.449595960636921e-05
150526,-0.477652132,-0.521681278,-0.422272396,-0.472124762,1.820315608,-0.975312289356664,2.0685994694447376,0.07114483519676029,0.004535108285242665,-4.902685128995564e-05
150602,-0.534521901,-0.57409029,-0.488308312,-0.531372611,-0.705343222,-1.0539038379041379,-0.7541808925029125,0.06040697962830321,-0.0016347463517354742,-6.410642970263568e-05
150609,-0.546172305,-0.567959425,-0.487716945,-0.528015233,0.251645595,-1.069278310429765,0.31481032778460305,0.05735359433655717,-0.011762675058930062,-6.0423083789028044e-05
150616,-0.254122345,-0.29839911,-0.20307258,-0.250735301,0.877220085,-0.517933374447283,1.0211967551480445,0.06786933351623078,0.0034175576153572173,2.510258778056652e-05
150624,0.018971024,-0.100035943,-0.0037821,-0.051860023,1.69030087,-0.09620588165141652,1.9351612927276898,0.06662001261667456,0.07012619097838767,1.9588514388442678e-05
150701,-0.448229925,-0.440595637,-0.352096915,-0.396287516,-1.77499149,-0.7924401699356357,-1.9455245500529332,0.06342329525490475,-0.04693604091222484,9.844185132252426e-05
150708,-0.448822318,-0.413303396,-0.344606274,-0.37910564,0.112758813,-0.7955763638116277,0.1635069987518152,0.05078024742847092,-0.0570318758589534,-5.9727471312102755e-05
150715,-0.149071244,-0.212566992,-0.123040992,-0.167788313,0.512041384,-0.3357150674782965,0.61564919357869,0.06296726354831338,0.021239009093861415,1.8784466189143877e-05
150723,-0.18066556,-0.234321676,-0.154580534,-0.194449845,0.169789213,-0.3861849432871788,0.2326058025676775,0.056067939527069906,0.015656983343938287,1.4663579686540093e-05
150731,-0.195277932,-0.22878412,-0.169758939,-0.199189673,0.996447893,-0.4132633988404908,1.1558228900966847,0.0420899032339121,0.009227880845895896,9.251461045031041e-05
150807,-0.337452354,-0.355356828,-0.29532574,-0.325387591,0.226498347,-0.6613698222950701,0.2922747505507544,0.042945875087947664,-0.007019399284081248,1.1511696447815031e-05
150814,-0.157364752,-0.250143264,-0.179615046,-0.214989099,0.720857961,-0.41360569552858883,0.8477923799841689,0.048436913529919155,0.054962821624414036,-7.163831142039511e-05
150825,-0.147491529,-0.182308204,-0.100766191,-0.141521767,-0.184762563,-0.2849651650649878,-0.1620767913505689,0.05781702304892664,-0.0024670268379526983,1.586489622110877e-05
150902,-0.402418167,-0.402228284,-0.351308427,-0.376933219,0.559701218,-0.7759601269887239,0.6630056822065972,0.037055431073571,-0.01787252357500419,-6.905243309334573e-05
150914,-0.391360156,-0.40835915,-0.339678221,-0.374168319,-0.860728069,-0.7446570680127903,-0.9235191658206958,0.04875167714945549,-0.014677551705810594,-6.96715408846844e-05
150923,-0.315138868,-0.36722302,-0.302816381,-0.335064739,0.236773905,-0.6648818571948611,0.3036286328776629,0.045048186377835496,0.020767677287207513,9.48712924154372e-06
150930,-0.353644441,-0.391153172,-0.317600541,-0.354419036,0.150320274,-0.7117734293728236,0.20644417479377847,0.052051940445270194,0.004181731391666297,1.4534186291610859e-05
151013,-0.421572221,-0.465316869,-0.387381778,-0.426306426,-0.123576445,-0.8492536387551711,-0.10144516111266151,0.05488888985746248,0.0069125683663427894,9.525369261621109e-05
151020,-0.474097771,-0.485093854,-0.413007655,-0.449018101,-0.444890094,-0.9045795941330804,-0.46110357928624435,0.05154393403458512,-0.020003384016853677,9.537628484105488e-05
151027,-0.740872278,-0.761971654,-0.685430448,-0.723928119,-1.106205863,-1.4391293998028243,-1.207252749834914,0.054096750421441624,-0.015058054110326825,-6.663618256174518e-05
151103,-0.58388802,-0.616808579,-0.52694425,-0.572056133,-1.127067072,-1.133040461564004,-1.2263981583678056,0.06337198193707971,-0.010350815113832547,-6.328134875038093e-05
151110,-0.473307913,-0.511595015,-0.431537136,-0.471532284,0.160034106,-0.9471269695383108,0.21408815755151944,0.056691550764009106,0.0022214464179870974,9.80574011964568e-05
151117,-0.485155782,-0.522472357,-0.443955831,-0.483381853,-0.040910472,-0.9675232136923639,-0.010687903897860715,0.05552257964616369,0.0014424361985451919,-6.424050742067488e-05
151124,-0.530177682,-0.557279852,-0.484562991,-0.520905491,-0.225858161,-1.0435593794797444,-0.21833263300601224,0.051571812495992735,-0.00565140827762304,9.498065008046331e-05
151201,-0.558810031,-0.576463528,-0.509006136,-0.542827195,-0.674154983,-1.0837411542568507,-0.7197074549947465,0.04788041352233784,-0.013040752941019342,1.1677992428828396e-05
151208,-0.661689023,-0.663086726,-0.605201739,-0.634266374,-0.262311883,-1.2782917889682943,-0.26221451649413474,0.04162299158988208,-0.021895977174188376,1.1701880353327984e-05
151215,-0.616469658,-0.648253986,-0.571296731,-0.609974756,0.162108508,-1.2257301819603168,0.2126157912828735,0.05461729440154372,-0.0020555122039490415,-6.292607797808002e-05
151223,-0.641942575,-0.675348457,-0.608355693,-0.641968595,0.226655628,-1.287429519215056,0.2838742315883541,0.047400914744691706,0.0035793750971167193,1.3775159181391058e-05
151231,-0.610150795,-0.676139536,-0.603427639,-0.639993666,0.433477701,-1.2716610165011493,0.5150811126296339,0.050603878465310385,0.030079078815534975,-6.727575847886146e-05
160111,-0.755484649,-0.787879505,-0.717167112,-0.752762072,-0.639785091,-1.4967070256113566,-0.6869780589368294,0.04972833215855615,-0.0014671953106357514,-6.823952861084014e-05
160118,-0.736528059,-0.771069068,-0.696272166,-0.73380276,0.711719685,-1.4795606071731102,0.8231772396001111,0.05316649579025206,0.0029052437894697336,1.9122501077002872e-05
160126,-0.639770466,-0.658142479,-0.593571533,-0.625971676,-0.416160659,-1.2525890041540215,-0.4337809154667535,0.04585973245441321,-0.010430753353083001,1.1810084680326413e-05
160202,-0.634438925,-0.64330974,-0.576224784,-0.609974756,0.793966615,-1.2443262639375396,0.9183303418381813,0.04846404686954053,-0.01586697960002268,-6.172204914994105e-05
160215,-0.686767011,-0.717473436,-0.651919685,-0.684824538,0.186082645,-1.3733590058819358,0.23737781374397676,0.04641822696452757,0.00171128374292858,1.3500429802145061e-05
160222,-0.671364782,-0.700069689,-0.637924013,-0.669222605,0.325956553,-1.3443392333192066,0.39404502811672676,0.044083011507382246,0.0018318079184818294,-6.763818269882992e-05
160229,-0.650828477,-0.672975219,-0.6182118,-0.645720958,-0.180705041,-1.2912645850212519,-0.17127162089426728,0.03876238038311063,-0.002439604832500033,8.478283520803495e-06
160307,-0.658332127,-0.695125443,-0.63299596,-0.664285284,0.254886193,-1.3293567212591488,0.3148291584005523,0.04379411723375714,0.008605721897057904,-6.88682130646141e-05
160314,-0.705921066,-0.737250422,-0.672420387,-0.704968807,-0.170706819,-1.407644766526612,-0.16170318165207043,0.04572567189087439,0.0014347924993166263,1.1756585913465408e-05
160321,-0.706710923,-0.73962366,-0.679713906,-0.709906128,0.193066553,-1.420876218332628,0.24452149038160081,0.042275466155633316,0.005968991265698573,-6.940104798452261e-05
160328,-0.651025941,-0.691961125,-0.620577265,-0.656385571,0.477170107,-1.317374621085566,0.5633300587926083,0.050433476827345274,0.009080123856048027,1.5770237985386802e-05
160405,-0.638980608,-0.680292703,-0.610721158,-0.645720958,0.314503763,-1.2928124607349378,0.381929301271474,0.04905040555634698,0.009663970637476559,-6.621358141028332e-05
160412,-0.557822709,-0.605535697,-0.539362945,-0.572451119,0.317906112,-1.1428303117463186,0.3877594065359269,0.046425709801305774,0.016524013876413578,9.24402115836458e-05
160419,-0.442305991,-0.4775786,-0.401377449,-0.439538445,0.412204783,-0.8874862131838921,0.4966351067102642,0.05411450822491886,0.0019973027760450046,1.725032393513227e-05
160426,-0.042242963,-0.109331126,-0.033547542,-0.071411813,-0.035013073,-0.12972132601416184,0.007262209050227786,0.052749865343567424,0.028222428024852635,1.0242970944159166e-05
160504,-0.263403176,-0.277435505,-0.218250984,-0.247970402,-1.020370041,-0.4893705346465581,-1.0983904794731616,0.04196491225934245,-0.013887062964694864,-7.429361160558156e-05
160512,-0.249185734,-0.272491258,-0.225150259,-0.248957866,-0.12216895,-0.49743732431658055,-0.09504851850880995,0.0335061738396439,0.0017474614374819654,-7.642834791219532e-05
160519,-0.076009388,-0.119219619,-0.05641371,-0.087803718,0.298530759,-0.17619835785687663,0.37931433366263617,0.04426065049511595,0.013914296039493262,9.149720583905182e-06
160526,-0.096150765,-0.138996605,-0.083419443,-0.111305364,0.709372975,-0.22760434982889008,0.8376066874956872,0.039220150026910594,0.017854181102438714,-7.245136282184993e-05
160602,-0.072257563,-0.129305882,-0.054639611,-0.091951067,0.211938355,-0.17922429371505372,0.2825077476699047,0.0523493127097231,0.02077369749342802,1.201798751359496e-05
160612,-0.123005934,-0.134052358,-0.083419443,-0.108737958,-0.280667495,-0.2221664361184918,-0.26833608516471846,0.0362325538333937,-0.01072527905910891,5.601166887102447e-06
160617,-0.252740094,-0.26992025,-0.196764671,-0.233355932,-0.312666372,-0.4730620279921763,-0.3075053075074893,0.05223640591890898,-0.014680186499518182,1.4314706554170894e-05
160624,-0.32975124,-0.40835915,-0.347168862,-0.377920683,-0.808742874,-0.7203087264400336,-0.8652625037121703,0.041470330636726664,0.04177247250042595,-7.942315000721688e-05
160701,-0.425916439,-0.465316869,-0.401377449,-0.433416168,-2.734316191,-0.8221565143882085,-3.0178374163894217,0.043859983515917626,0.0007506530516592704,-1.0415681451421047e-06
160708,-0.445465422,-0.470261115,-0.41616161,-0.443290809,-0.167332337,-0.885830511475392,-0.15080457386944301,0.03826284690123987,0.00013731849980019102,7.1891446879262055e-06
160715,-0.392150014,-0.431498223,-0.379102648,-0.405372186,-0.045888771,-0.8042863522498281,-0.01404928279497207,0.03664539570411356,0.01378019285472034,5.209470516250212e-06
160722,-0.42552151,-0.460372622,-0.401377449,-0.430848761,0.227833767,-0.8633706222099223,0.2909680995622865,0.04164887295534191,0.008034651123891172,9.009536686072784e-05
160729,-0.399456199,-0.43565139,-0.386593289,-0.411099478,-0.077373413,-0.8161257772730154,-0.04938129099029945,0.03432268958159539,0.012288623222912569,8.462268070717084e-05
160805,-0.433815018,-0.460372622,-0.390732854,-0.425713947,-0.184138189,-0.85335138713511,-0.16912779038172088,0.04941093143505431,-0.004693578173356313,-6.74016027601627e-05
160812,-0.421177292,-0.442968875,-0.388958755,-0.416036799,-0.074841347,-0.8343055441953379,-0.04676176240910544,0.038336363129541855,-0.002137226508323744,7.766300023783098e-06
160819,-0.398271413,-0.433871462,-0.376737182,-0.405372186,0.393921386,-0.8140508482397497,0.4771935161104446,0.04035786322068707,0.00998247031204682,9.338211524857928e-06
160826,-0.234968291,-0.286532918,-0.236189099,-0.261399914,-0.052828469,-0.5101290697880573,-0.017818564250852528,0.03482570913723076,0.025133316926438352,2.4222084164320456e-06
160902,-0.296774672,-0.328657898,-0.275613526,-0.30228093,-0.409695037,-0.5966606706897473,-0.41764717960181996,0.037221840968610385,0.005947810997010409,-7.607543478257272e-05
160909,-0.289468487,-0.308880912,-0.239540175,-0.274236948,-0.309417394,-0.5526591604127907,-0.3049706033032621,0.04940694367878778,-0.011182992044641994,1.269790873720967e-05
160919,-0.238917581,-0.293059323,-0.238751687,-0.265942249,0.107869841,-0.5213551759651297,0.1615602072581409,0.037668884821417774,0.026247672197605022,4.399887187485527e-06
160926,-0.230426608,-0.271700179,-0.201692725,-0.236713311,0.02735663,-0.4721325332542346,0.07232596473430467,0.04936143375457868,0.008481277833583066,1.1727673525023693e-05
161010,-0.213247199,-0.244605708,-0.189471152,-0.216964028,0.265171459,-0.4376972521813577,0.3384974115209704,0.039046695950250114,0.006679401592436385,8.82689741209879e-05
161017,-0.170002479,-0.216324619,-0.157340244,-0.186945118,0.238106531,-0.3705522095742422,0.30914379914375123,0.04135620880315093,0.018011269436632553,-7.311180315693732e-05
161024,0.002186544,-0.064239599,0.002722931,-0.03072829,1.20052733,-0.06545293789765609,1.3884988308665092,0.046926406608370996,0.03508735102818775,1.1667504522857621e-05
161031,0.202415522,0.203936327,0.280468021,0.242206799,0.945674361,0.4471742874050102,1.1109411819474748,0.055891685021639013,-0.028321596888876886,-5.939714240755355e-05
161107,0.135080136,0.129772631,0.199056579,0.164592117,-0.180322944,0.3143146305786706,-0.14887698892624535,0.04997506150376899,-0.023026612320544697,9.361952240707922e-05
161114,0.437003319,0.447588791,0.503018914,0.475445829,1.013563068,0.9124159983957104,1.1931410646404494,0.041048380090682506,-0.02740749963640169,1.3027930445754129e-05
161121,0.668629149,0.640414401,0.695212997,0.668001337,-0.359581987,1.3373123425183022,-0.33525280605403807,0.03888709794065858,0.002075823673548103,2.032516200185972e-06
161128,0.727078634,0.680166142,0.757897836,0.71915198,-0.326238052,1.4426570155713796,-0.29658752573782593,0.054873199772054564,0.009021792660527238,-7.142253448826751e-05
161205,1.184603824,1.157582577,1.219163636,1.188789926,-0.437492662,2.375803631685818,-0.40811260252865467,0.04392623422885782,-0.002050240541695927,8.308436557536592e-05
161212,1.215013353,1.218297923,1.31082543,1.264824665,1.835886191,2.470354374189605,2.1331327217773373,0.06812431377847722,-0.03370612074485616,-5.3047750513561355e-05
161219,1.682806695,1.67811284,1.774456695,1.726760391,1.078366712,3.4070301617494354,1.299588810157466,0.07044760510415732,-0.030809657254683355,2.3220550603726862e-05
161226,1.428472451,1.366625316,1.444277116,1.405834544,0.561566448,2.8074017891456755,0.7138734969887485,0.0549072047493288,0.02461617672044577,8.357674211208374e-06
170103,1.456709871,1.449886426,1.502033902,1.476339484,0.738033129,2.9244012740163177,0.9127316232484615,0.03830571861051928,-0.012005212893059482,4.771473993643758e-06
170110,1.036308002,1.045842608,1.094385324,1.070294229,-2.206326506,2.151512698814344,-2.3872672589522046,0.03489415704111614,-0.033771490956349716,-8.581889030439393e-05
170117,1.192304938,1.107744573,1.158450018,1.133294441,0.834953122,2.2773532427660403,1.0119927454116604,0.03481279064690839,0.056127471868584876,-8.339020913921534e-05
170123,0.959691786,0.943002282,1.008045828,0.975892657,-0.351710058,1.9434235392574408,-0.31814866408958176,0.04671839915795211,-0.012095269946006106,8.681311712156071e-05
170206,1.48139293,1.500119969,1.537910131,1.519392921,-0.465108631,3.01954532928712,-0.4300902002338638,0.028260832600087875,-0.03199267450266078,-3.200186668043772e-06
170213,1.418796692,1.386797841,1.465369185,1.426571291,-0.096424147,2.843555879012785,-0.020678161928528033,0.0562284212789707,-0.0036321757383498765,8.983738734608827e-05
170220,1.358767491,1.351792576,1.412146208,1.382332898,-0.332735241,2.751061289037379,-0.2859070777071232,0.043754360969439014,-0.018541136441994212,4.0369449369541765e-06
170227,1.435383708,1.41606778,1.47877349,1.447703024,-0.480548263,2.889544011297429,-0.44918363794804494,0.045026096761224314,-0.009274627608139276,-7.777399731394973e-05
170306,1.556429431,1.537102932,1.584628078,1.561261401,0.074363317,3.1114653694622647,0.17378829531311657,0.034338775806863335,-0.0013972753288545102,-1.5409639069692197e-06
170313,1.697813996,1.631043614,1.683189146,1.657637901,-0.750578754,3.3388338293997255,-0.7448565713593187,0.03589681445504549,0.03510822779821917,7.171548904855874e-05
170320,1.89211904,1.870938451,1.917370244,1.894629295,0.686274707,3.7689005544932974,0.8663934507280983,0.033834850654899044,0.0025172560694543744,-9.673991083132186e-07
170328,1.76593924,1.766318197,1.826102695,1.796672852,-0.859127814,3.582782741538931,-0.862631946210263,0.04346889203684661,-0.026353735379563904,8.958027310561697e-07
170405,1.823401402,1.785501873,1.862176046,1.824321848,-0.785285416,3.651731112807141,-0.7792700830746434,0.05450447627439197,7.361870702601099e-05,3.5574312380952743e-06
170412,1.812935785,1.849579306,1.826102695,1.838146346,-0.134205815,3.657453195806139,-0.05170395124768877,-0.015142090384110024,-0.021507692818459025,-0.00010619347662981625
170419,1.949778666,1.986040508,1.94930403,1.968096627,-0.164273045,3.92072300776927,-0.08171456104770024,-0.024690769060644664,-0.015916578954143147,-3.168600477370508e-05
170427,1.960046819,1.987029357,1.959160137,1.973626427,0.356053814,3.9260912573237143,0.49966175242168875,-0.01836771917185704,-0.009916122014691976,5.344508913202751e-05
170505,2.269868581,2.229297432,2.210490861,2.220492462,0.44168647,4.449100107941839,0.6023162972159446,-0.013814078277774094,0.045006116325438016,4.885501194957388e-05
170515,2.20628502,2.178866118,2.146426167,2.163022049,-0.692622828,4.348803382240769,-0.6663016510075178,-0.02372078883466073,0.03572081510047572,-0.00012057227448963158
170522,2.135790202,2.130412503,2.113112526,2.122338526,0.154789925,4.239565228153115,0.27901669518220906,-0.01178642497453059,0.013098854747906251,5.2643045041441026e-05
170601,1.872372592,1.833757718,1.818217809,1.826494269,-2.80840324,3.710242920040963,-3.0388131126660416,-0.012835914589878266,0.03190438987942775,3.860931332195384e-05
170608,1.899227761,1.942531139,1.909879603,1.926623133,-0.200106793,3.8339287729071834,-0.12291279794178271,-0.02155408452658831,-0.02377128867496795,-2.9234188504582805e-05
170615,1.800890452,1.843646211,1.811318535,1.827876719,-0.23019274,3.637433687987985,-0.159208299211606,-0.021376800038925232,-0.023511945988828366,-2.891003461762808e-05
170622,1.744613076,1.754649775,1.73246968,1.743942267,0.066315739,3.479127664985177,0.1698253344091816,-0.014970657408954152,0.001563649129779763,-2.6992409541563668e-05
170629,1.578150523,1.576656904,1.555059757,1.566198721,0.571713709,3.122169318560938,0.7295647441071755,-0.014747859937990498,0.01288600909791645,-2.5312687402072144e-05
170706,1.531746372,1.556879918,1.53041949,1.544079524,-0.413268006,3.080805236989898,-0.37137744869919415,-0.017841305293071326,-0.011238253517344345,5.23038578652062e-05
170713,1.512592318,1.52721444,1.495923116,1.511888193,-0.553835988,3.0252850116208543,-0.5292095589267986,-0.02171626218230622,-0.0005939310709044763,-3.1785153298539805e-05
170720,1.495215444,1.497548961,1.471282849,1.484831676,-0.262928644,2.971558343853786,-0.2049615600281759,-0.018359183014877774,0.00886020756943081,5.064695778284768e-05
170727,1.490871225,1.502493207,1.46674904,1.484831676,-0.210018832,2.968787145908813,-0.14587382766362766,-0.02488733782932024,0.004914643243612979,-0.00011291062973699927
170803,1.546753672,1.566768411,1.535347543,1.551386759,-0.236670234,3.096648454937856,-0.17388003129366286,-0.02150275030967392,-0.004217403570707692,-3.008141974063915e-05
170810,1.572818983,1.585161008,1.555059757,1.570543563,-0.241826765,3.1383247822561895,-0.17908933035948538,-0.020783739810862407,0.0018286972531889802,4.999270426193237e-05
170817,1.650225057,1.661302403,1.625235238,1.64361591,0.445461347,3.2760094133998825,0.5906309011648933,-0.024824357206452437,0.007512107860460713,-3.052512123940375e-05
170824,1.692482455,1.700263064,1.673333039,1.687261825,0.297507247,3.3646104880895953,0.42654366448763176,-0.018385158787284146,0.006145938188486042,5.251104538157182e-05
170831,1.785290758,1.794203746,1.766966054,1.781070919,-0.287373716,3.5603280666047663,-0.22422090817512003,-0.018785694203230792,0.003458893890067558,4.976348964986378e-05
170907,1.743625754,1.703031842,1.673530161,1.688644275,-0.873428279,3.4101630757609613,-0.8811409016018793,-0.022211350106099932,0.045373889634739394,-3.929270336882461e-05
170914,1.716375656,1.710151557,1.678261092,1.69456906,-0.030888575,3.392588529586341,0.05999845931543648,-0.02252731172859563,0.019271614309910944,-3.294428710470098e-05
170921,1.688335701,1.715095804,1.686737344,1.701283816,-0.210074285,3.391375471607979,-0.14012501709166875,-0.019034570766867605,-0.011228075394652128,-2.8553540441671012e-05
170928,1.686163592,1.703427382,1.668602108,1.686471854,-0.164449323,3.3673220055046205,-0.0895087311886852,-0.023974843104237538,-0.00027355015629741057,4.852121811611144e-05
171011,1.715980727,1.739817036,1.70290136,1.72182307,-0.18947861,3.435525066777401,-0.11652699721448877,-0.02527998306582619,-0.005184092843406076,4.818498434484165e-05
171018,1.76593924,1.769482514,1.737397733,1.753816908,-0.223479116,3.5089853015618013,-0.1535548061006337,-0.022428720877565596,0.010303307999663357,-3.293365339934028e-05
171026,1.894093684,1.876278237,1.843449443,1.860265543,0.220597805,3.7255867703162795,0.34547954230629196,-0.02341318356298789,0.03043399396016252,-3.423991025435623e-05
171102,1.870003018,1.895857453,1.870455176,1.883569697,0.0222346,3.7514759888476057,0.12432961691580888,-0.016785951274981344,-0.010946863674035336,-2.7216262109157165e-05
171109,1.883628067,1.917809907,1.884253725,1.901344051,0.125313196,3.7834260870005854,0.23993955719131055,-0.02236254440792102,-0.014475296599471256,-0.00010970724000518971
171117,1.900807476,1.917809907,1.880311283,1.899566616,-0.132590405,3.7930779771629326,-0.048107238424616464,-0.025839176623171208,0.0011146993607009305,4.672877502549123e-05
171127,1.903966908,1.9276984,1.890167389,1.909441257,0.014365325,3.8072011579718894,0.116282942205251,-0.025592137458087257,-0.004230075583693074,4.80396118010611e-05
171204,1.917394492,1.936598043,1.900023496,1.91872342,-0.064842985,3.8291087927619363,0.028079058357065742,-0.025073016811901834,-0.000926322045908403,-3.295296234567101e-05
171211,2.07655086,2.100747025,2.067577312,2.084617396,0.55710895,4.147485776015746,0.7272942051872343,-0.022164022238203858,-0.0047084488472961894,-2.9112089778453133e-05
171218,2.007043364,2.036471821,2.003512618,2.020432227,-0.140195404,4.027307314975845,-0.053372965958643895,-0.02215371337406242,-0.011480842467511278,-3.1041253847611906e-05
171225,1.987296917,2.011355049,1.978872351,1.99554813,-0.463102463,3.9851108790923773,-0.4147183140541673,-0.02211470426752344,-0.008037531959573609,-3.2682405923738046e-05
180102,1.985519736,1.98208511,1.959160137,1.97105902,-0.421633847,3.946914033415308,-0.3689678987800352,-0.016060749048080476,0.011960217894760171,-3.1681987880109554e-05
180109,1.877704133,1.912865661,1.875383229,1.894629295,0.166400833,3.7695934481787545,0.28565360614393187,-0.02514639344141629,-0.013651270559784913,5.002999170129075e-05
180116,1.890934253,1.910887962,1.874594741,1.893246845,-0.354281863,3.7820650638892332,-0.2959266682420297,-0.024971406003077075,-0.0026164538645252833,4.666443928209186e-05
180124,1.850454035,1.843646211,1.806390481,1.825506805,-0.020614134,3.6553361851383195,0.07505748119028134,-0.02637293940727054,0.021948554870185176,4.487663372038809e-05
180201,1.815897752,1.828813471,1.811318535,1.820569484,-0.835903553,3.643108372516101,-0.835899255834181,-0.011850699387554958,-0.005680872339691314,5.1739015534520326e-05
180209,1.759620376,1.774426761,1.742325787,1.758754229,0.042415213,3.509170460917494,0.14353613492139564,-0.021982837797230044,0.0014051919504644774,-3.059845016278161e-05
180224,1.72624888,1.725973146,1.71768552,1.722218056,-0.212895072,3.4416769319004143,-0.14263725391364662,-0.005391588865370228,0.003950902946601462,-2.3629165014464428e-05
180302,1.740071393,1.757616323,1.723993428,1.741177367,0.345442462,3.468473096722318,0.4815327943821109,-0.022876596771958253,0.0006048171221619471,-2.9594174044293532e-05
180312,1.67372333,1.698285366,1.663476932,1.68133704,0.050996302,3.350138339042,0.15097355732022877,-0.02365083856322287,-0.005914996439234801,5.0253697478637625e-05
180320,1.649632664,1.649040671,1.615970497,1.632951297,-0.265079661,3.2704764098750077,-0.20329771981619205,-0.023315904298187924,0.014134219193629637,4.700218753889863e-05
180327,1.531153978,1.466301324,1.439940429,1.453430316,0.125877158,2.9366482272604406,0.22878064338072507,-0.020350460158881596,0.06819970578209107,-3.578269064512928e-05
180403,1.381278441,1.390753238,1.372721781,1.382135405,-0.383319505,2.76273252628649,-0.342290113503664,-0.012278576222439946,-0.0010265047283240312,5.466805909321738e-05
180411,1.281361417,1.260225133,1.239664338,1.250210196,0.026649216,2.5091578450382745,0.1121967217855141,-0.014916007140279913,0.027776773885206794,-2.813262289563089e-05
180418,1.076393291,1.106953494,1.077038576,1.092215933,-2.393555673,2.20716187830097,-2.5957009953988854,-0.02109979535205426,-0.02060990213116435,-3.5343093666976956e-05
180425,1.161697944,1.185270357,1.156873041,1.171410557,-0.016027501,2.3319851011933337,0.06219989912540738,-0.019225588591872463,-0.007818372430303845,5.440351801417488e-05
180503,1.18223425,1.1817105,1.150959377,1.166670729,-0.805875853,2.3471827251822797,-0.8200837652577059,-0.021990555158177112,0.011501254022829165,4.751988073809655e-05
180511,1.127734055,1.151056172,1.115674514,1.133491934,-0.284380982,2.2625441902931085,-0.23856355503781845,-0.024391674088639244,-0.005533236510889141,-0.00011039790488741995
180518,1.117465902,1.136618972,1.101678843,1.119469943,-0.315044091,2.236691695448749,-0.2731831943768946,-0.024216251545779617,-0.002261176315912641,5.0248460153897066e-05
180525,1.092190449,1.092120754,1.062254415,1.077403971,0.246915579,2.1526113357323005,0.35345775127986767,-0.020933276044527167,0.014068456604733513,-2.7929450175927063e-05
180601,1.077775542,1.087769818,1.062254415,1.075231549,-0.554920959,2.154384172062485,-0.5423147290685749,-0.017814211722286317,0.0011019554911417464,-2.8313830978725187e-05
180611,1.041244614,1.057511029,1.022829988,1.040472812,-0.167879467,2.0781072982822377,-0.11093974429178206,-0.024079891408728633,0.0005957610629400902,5.0931948412554116e-05
180619,0.90558652,0.899295144,0.870060332,0.884848463,-0.890017695,1.788457818457397,-0.9217270292152088,-0.021187714251792174,0.01566756713857078,-3.22903874013165e-05
180626,0.786515441,0.795465969,0.76657121,0.781164728,-0.261570317,1.5641795017863571,-0.22263986811620157,-0.020243630824218047,0.0043289665450265335,-2.7461983898073407e-05
180705,0.51203982,0.459257212,0.443882273,0.451549197,-1.75992306,0.956524486960426,-1.9050538691436114,-0.01310349778406617,0.04756768072454195,-0.00011437312614081384
180712,0.504931099,0.508699676,0.490600219,0.499737447,-0.286186917,1.0025689190520246,-0.25781039173704423,-0.012706505512519011,0.0043681766092216944,-2.2726612859756513e-05
180720,0.294828897,0.339804219,0.327777334,0.333843471,-0.294448765,0.6493972890744202,-0.27175694175813575,-0.007105554927577562,-0.033718037960348425,-1.50227455613312e-05
180801,0.263432045,0.281462111,0.24892848,0.26531346,-2.271132036,0.5611589655537719,-2.4814259661270044,-0.02354986061101131,-0.008264610933057838,4.636716485369886e-05
180809,0.120467765,0.239337131,0.216797571,0.228184808,1.433387257,0.37770978497710117,1.6550690801159675,-0.011727526053321146,-0.08792273913974955,7.708205662951984e-05
180817,0.322276459,0.350483791,0.323046403,0.336805864,1.093921093,0.646378901555736,1.2792572267553781,-0.018165860390943624,-0.008627738105130768,-1.7449427355535442e-05
180827,0.352685988,0.392411001,0.371144204,0.381834228,1.246472651,0.7266550264210998,1.4508189778898042,-0.013286459182417392,-0.020622817773316517,-1.321490767915833e-05
180904,0.335901508,0.349099402,0.31910396,0.334238457,-0.119542111,0.6677395483158874,-0.0761899098406763,-0.020969525935998885,0.0015742251221156558,5.537741164299993e-05
180914,0.435226139,0.43453598,0.402486624,0.418567895,-0.183070328,0.8446662714780275,-0.14478496622856174,-0.022882832048131525,0.014231905527339044,-2.810815798461718e-05
180926,0.486764367,0.464201459,0.443290906,0.453721618,0.258929886,0.9163850732645783,0.34996079109991696,-0.015336276667212717,0.029999010308082073,-0.00010493437584421072
181009,0.309441268,0.328926877,0.29604067,0.312514246,-0.704331932,0.6310170275709021,-0.7300152001048574,-0.023106232934214134,-0.004473473099848115,-2.7888884935343795e-05
181018,0.285745531,0.294712691,0.26371264,0.27933545,-0.349535784,0.563996689710945,-0.33456954126527993,-0.02193354647948032,0.004928952094138204,5.376447409447694e-05
181026,0.263037116,0.234590655,0.204773121,0.219692616,0.350879752,0.4527697498267669,0.4463389487916298,-0.021965696192148033,0.038995649599298694,-2.740220308346929e-05
181106,0.247042494,0.256543109,0.224485335,0.240626856,-0.687528455,0.49186741353422736,-0.7131645023584186,-0.022828664747096446,0.003849979536311935,5.216559247176612e-05
181113,0.273502733,0.29609708,0.262924151,0.279532943,-0.320462734,0.5578378859395593,-0.3021420004485537,-0.0230690581009731,-0.005842906521889437,-2.59563373397954e-05
181121,0.214460855,0.24171037,0.214629228,0.228184808,-0.328924465,0.45159980800191213,-0.313029147826026,-0.01855042494169413,-0.01236613345893798,-2.2817451056929107e-05
181129,0.22966562,0.246654616,0.214629228,0.230752215,-0.212490905,0.46116420686416437,-0.1828460174018221,-0.022382672020082907,-0.0011525791685292267,5.500652599110135e-05
181206,0.134092814,0.147374148,0.116068159,0.131808308,0.232142435,0.25851555852427455,0.31113124228177025,-0.02182347590333323,0.003155750202620564,5.707524780586299e-05
181214,0.214855784,0.212044891,0.185060907,0.198560884,0.472164013,0.39522404784875076,0.5811182071177429,-0.019087946308668814,0.01607012055819964,-2.278621090922427e-05
181221,0.082357121,0.10327147,0.076052366,0.089544842,-0.088794984,0.17449077186559156,-0.048550317125652304,-0.018786045772092134,-0.0060423697491735285,-0.00010258125226174346
190104,-0.116094677,-0.124163866,-0.154383412,-0.139349346,0.083517307,-0.27004793240910424,0.13782012678477001,-0.021834723694266124,0.020760415767646416,-2.4975233539108012e-05
190116,-0.330343633,-0.292268244,-0.314840831,-0.303663379,-0.965573908,-0.6070564428662691,-1.0387238263872223,-0.015371650852050505,-0.025477395245259417,-2.0342572706020902e-05
190131,-0.230624073,-0.223048794,-0.238751687,-0.230986018,-0.027932856,-0.46274948331805454,0.01072622510272147,-0.010955427087399777,0.0009946708482172697,-1.7471351747906473e-05
190220,-0.300131568,-0.29721249,-0.325879671,-0.311760585,-0.298961577,-0.614160057137577,-0.29416056337929714,-0.02058114638397613,0.009490181289493436,-0.00010451720753320414
190228,-0.063569126,0.004386541,-0.024479924,-0.009991543,0.243884503,-0.05266935321911947,0.32013561386378286,-0.018411985198455477,-0.0450294186940786,6.483002436809744e-05
190311,-0.152230676,-0.098651554,-0.12560358,-0.112095336,-0.287661389,-0.24171777063554917,-0.27632912367391443,-0.017720444622129204,-0.035030075475044685,6.21917196086121e-05
190321,-0.073837279,-0.067997226,-0.090910084,-0.079509019,-0.447787915,-0.15125256070869772,-0.45410138742070105,-0.01633809858547556,0.004103327874967553,-2.286674259846157e-05
190329,-0.058632515,-0.040111676,-0.066269817,-0.053242473,0.273262128,-0.11532120859731684,0.35198529295863684,-0.017984798305950175,-0.0032892375388816975,-1.9890293303532165e-05
190408,0.10348582,0.135903496,0.11054874,0.123118623,0.513713295,0.22612482892454674,0.6253155624193721,-0.016831198244566907,-0.014868176654845237,-9.819515734512517e-05
190416,0.497822378,0.491691469,0.467931173,0.479790671,1.169283778,0.9470642890670454,1.3674784221177418,-0.016504659470830137,0.019793828708070137,-0.000100599736075478
190423,0.577005632,0.563284157,0.537318165,0.550493104,1.170218313,1.092252989116845,1.3704842056512936,-0.018307465696632892,0.02718872998331858,5.8399799203530565e-05
190429,0.4537878,0.479034198,0.451175792,0.465176202,-0.53138975,0.92903164246382,-0.5327156075410098,-0.01919061625518826,-0.01097785684635278,-2.509421554832535e-05
190508,0.193529621,0.221933384,0.194917014,0.208435525,-0.838782308,0.4193514615206082,-0.883087826739631,-0.018682131658680885,-0.014976413417673147,-2.467028464173803e-05
190515,0.15818348,0.17249092,0.14563648,0.159062318,0.009761791,0.3148377208362605,0.06345903339608659,-0.018666517992565503,-0.00021123377188297303,-2.2538896125377618e-05
190523,0.205969883,0.202156398,0.1752048,0.188686242,-0.382273434,0.38902852229233403,-0.37355993072701466,-0.01944781464921414,0.014261830883086503,-2.6343626320278303e-05
190531,0.241513488,0.239534901,0.214629228,0.227197344,0.017145605,0.4582491400535481,0.07362847496720974,-0.017740991616143266,0.013054916266423348,5.6678619958138064e-05
190612,0.152851939,0.166557824,0.135780373,0.151162605,-0.010763066,0.30066287791151947,0.04032999804442569,-0.021524372975755608,0.0018428549134242086,-2.4238154472035024e-05
190620,-0.105826524,-0.050593479,-0.081053977,-0.065882014,-0.781764479,-0.14171848994905706,-0.8269832829365966,-0.020389783126879557,-0.036547583063930085,-2.1736544012169835e-05
190627,0.019760882,0.053829006,0.023420755,0.038591692,0.134080899,0.06345111196338997,0.19896346508427565,-0.020601631778744137,-0.015438185058226146,-2.0763832443180215e-05
190704,-0.162893758,-0.156598122,-0.184543099,-0.170553213,0.032409938,-0.3394557364586839,0.07981133653947843,-0.01977996164520999,0.007237348837594671,5.798017107360599e-05
190711,-0.094965978,-0.074721401,-0.100766191,-0.087803718,-0.316513115,-0.17621949026291747,-0.30774801996618983,-0.0181006639585974,-0.00665868648518396,-2.192931685190604e-05
190719,-0.10562906,-0.10438688,-0.134276954,-0.11940257,-0.110766586,-0.23199312498272992,-0.07869490818477735,-0.02138396816515998,0.011972287333223489,-2.466104051542638e-05
190729,-0.021509193,0.004386541,-0.021917336,-0.008806586,0.542398661,-0.03435368279959952,0.6537916346364279,-0.01774011653330329,-0.008769308355343768,-1.818417805554721e-05
190805,-0.141567594,-0.138996605,-0.164830885,-0.151988887,-0.704774511,-0.28967530930460794,-0.7431106551650144,-0.0186704560319099,0.007325477027468877,-2.5184211109925515e-05
190815,-0.085290219,-0.045055923,-0.061341764,-0.053242473,-0.163855958,-0.12197128298937505,-0.13640009074931664,-0.010375327605828743,-0.02743411082629464,-1.5251947373347111e-05
190823,-0.017362439,0.004386541,-0.02684539,-0.0111765,0.06858744,-0.028703705583873654,0.12450510053577898,-0.021614954868652884,-0.004684156111187045,5.794220715988627e-05
190904,0.021932991,-0.000557705,-0.020931726,-0.010781515,-0.223379802,-0.0039545577741016,-0.20144434142955042,-0.015270680653654183,0.028242006309543884,-2.4394513840181854e-05
190920,0.123429732,0.127399392,0.103846587,0.115613896,0.15733533,0.23017626043449846,0.22715307995563966,-0.0165562225034526,0.007842635185697132,-2.160887736699767e-05
190930,0.126589163,0.142825441,0.116068159,0.129438394,0.427794782,0.24833342061337813,0.5295891782604684,-0.01837403877134563,-0.0006113255545621081,-2.045768075598069e-05
191015,0.178127392,0.206902875,0.1752048,0.191056156,0.18908809,0.3699712126800199,0.2645882583669502,-0.02163067855644355,-0.010186253728996932,-2.2240641782820915e-05
191024,0.247239958,0.246654616,0.218571671,0.232727143,-0.131483155,0.471656453664165,-0.09223838563280536,-0.020048327185293514,0.012680815468823596,5.492872550971074e-05
191101,0.420613768,0.429591734,0.406823311,0.418370402,-0.609043412,0.843465283403685,-0.6206739402551786,-0.016065796754362156,0.0007427919751573011,5.548210515499853e-05
191114,0.351303737,0.382324738,0.350840624,0.366627281,0.078726251,0.7210046804001503,0.1460870866620937,-0.021404215926034427,-0.012578581772898063,-2.3025583279954844e-05
191125,0.060833493,0.098327223,0.06718187,0.082632593,0.637409356,0.14232712271103665,0.7623741565217551,-0.020810486419460525,-0.01650652946429988,-9.92891505442529e-05
191203,0.09775935,0.093382977,0.071715679,0.082632593,-0.135086434,0.1723333889631924,-0.1003530003303524,-0.015581748420531573,0.01335117274808674,5.76416829149164e-05
191210,0.106052858,0.108215716,0.076643732,0.092507235,-0.212189264,0.19244261492457174,-0.186211989214004,-0.022550789476534612,0.011491813010244156,5.4044623770441345e-05
191223,-0.00946386,-0.010446198,-0.040841061,-0.025593477,-0.707913421,-0.03451124363299298,-0.7431471765250327,-0.022034188005645598,0.012199626492249656,5.2587535401890306e-05
191230,-0.0059095,0.009330788,-0.012061229,-0.001301859,0.15866628,-0.00958057957230109,0.2253965960377638,-0.014680959856940802,-0.002786726825346561,6.149380402564846e-05
200107,-0.029210308,-0.000557705,-0.021917336,-0.0111765,0.336020355,-0.03870246444494203,0.4231741341198796,-0.014174036524549098,-0.0138359506015625,6.378696618630735e-05
200115,0.007123156,0.024163527,-0.002796489,0.010547711,0.023332842,0.016933401729413135,0.07456111004602241,-0.018694475425400855,-0.002441447143589466,-0.0001021526902578623
200122,-0.07344235,-0.041693835,-0.07119787,-0.056599851,0.179646008,-0.12621321018253956,0.247275943646677,-0.020029623165697764,-0.01362017177254668,-0.00010061660774600394
200206,-0.402220702,-0.401041665,-0.421089663,-0.411099478,-0.525871934,-0.8106175893106653,-0.5503464065424519,-0.014537849047592593,0.006732267141967638,5.921786832913823e-05
200214,-0.501150404,-0.470261115,-0.495010464,-0.482789375,-0.023516564,-0.9749087445476877,0.008717754009912891,-0.016826499039380223,-0.015424427427331334,-1.7490598125606373e-05
200225,-0.582110839,-0.557279852,-0.584701036,-0.571068669,-0.278538478,-1.1437228691606094,-0.27851774898386716,-0.01906742934196865,-0.009914078276483641,6.0551718384184615e-05
200310,-0.861128143,-0.785110727,-0.807449051,-0.796605479,1.998702902,-1.6552531902992265,2.258797987015064,-0.012955550285555123,-0.049034847639713254,-8.244895084063407e-05
200318,-0.914641016,-0.925131786,-0.950953966,-0.93840533,-0.813651821,-1.851420551027302,-0.886097851222261,-0.01932552183897602,0.01839023660045732,-0.00010458927577421794
200325,-1.316086295,-1.380200227,-1.406700346,-1.393823793,-0.549896496,-2.7378887382635155,-0.6036547936846757,-0.021484162879230446,0.06585097798502355,-2.759225059061742e-05
200401,-1.542380584,-1.536042874,-1.554541949,-1.545695778,-8.475664459,-2.957437932080792,-9.461270282388472,-0.016826178553752298,-0.02296623083938091,-4.824219741311041e-05
200409,-2.431168189,-2.388628727,-2.391522541,-2.390767591,-0.28384342,-4.7913412315441155,-0.3341672602801967,-0.0013378740508883157,-0.03494607920932217,-8.163072877758592e-05
200416,-2.435907336,-2.394957363,-2.416951297,-2.406567018,-0.694698347,-4.811186094329479,-0.7934722137442819,-0.015330706299434843,-0.027102639808308994,-1.0606892054502818e-05
200423,-2.433932691,-2.413349959,-2.4339038,-2.424341372,0.530717843,-4.855401185879673,0.5749311878916327,-0.014425054887816485,-0.006239937157541267,-8.775630145812351e-05
200429,-2.418925391,-2.444004287,-2.465837586,-2.455545239,-1.227061094,-4.867933691195533,-1.3891692456391453,-0.017482803244738117,0.02823588424625064,-1.9997024655097996e-05
200509,-2.289388695,-2.304576538,-2.278965801,-2.29221867,0.034609843,-4.578070727756962,0.024411251281014713,0.017594389115070656,0.004255321619262418,8.524380015190892e-05
200515,-2.401548517,-2.378740234,-2.397239083,-2.38859517,-0.556543144,-4.769232090877578,-0.6385908612412273,-0.01330867327124669,-0.012420654947066713,-1.0756033265883583e-05
200522,-2.290968411,-2.314465031,-2.333174388,-2.324410001,-1.383254553,-4.605315692416362,-1.5600800772196406,-0.015209437367378625,0.025094317154551425,-1.9703722527623747e-05
200529,-1.772821627,-1.81845823,-1.820656833,-1.820013317,-0.621716733,-3.602992417614151,-0.6956358181519907,-0.003537369809932639,0.039816598435645854,-1.4386770293687948e-05
200605,-1.264942996,-1.260747233,-1.283104767,-1.272168211,1.51118053,-2.5617137826644307,1.7015856802076035,-0.015512431624550021,0.011516225095245157,7.026572520691544e-05
200612,-1.341361748,-1.327988985,-1.352491759,-1.340500729,-1.246471925,-2.660138894835982,-1.3806310568269795,-0.017923213504624842,-0.004125784288267522,5.9424616602639545e-05
200619,-1.139553054,-1.108068904,-1.130729355,-1.119703747,0.408343443,-2.253904848020758,0.47374485768459246,-0.015299621915656208,-0.015367400990391501,-1.2372242261852843e-05
200630,-0.97703979,-0.975958639,-0.997671913,-0.987186059,1.012702564,-1.9834619223130292,1.1525636241892716,-0.015271905625140641,0.012414874275508879,-9.397141009530995e-05
200707,-0.641547646,-0.661109027,-0.689767135,-0.675739868,3.007248023,-1.380026621770836,3.3890824702558224,-0.020014959395506467,0.039258663881791465,-9.213594723000273e-05
200714,-0.453561466,-0.429718295,-0.457557258,-0.443685795,-0.854845616,-0.8800204092775109,-0.9187807626128918,-0.019600060308844376,-0.010701456634867025,5.7426063358907885e-05
200722,-0.640165395,-0.639156573,-0.654088028,-0.646905915,-0.030156158,-1.2898619676917746,-0.003062131294309149,-0.010717527668095755,0.006425790764000037,-9.682281596783814e-05
200729,-0.570262971,-0.56064194,-0.585095281,-0.573043598,0.423703527,-1.1513758270856764,0.5058998204868682,-0.01711082375035739,0.004237834598969001,-1.760051867543532e-05
200805,-0.517342491,-0.485093854,-0.514722678,-0.499971251,-0.047028218,-1.0084566504759929,-0.018008652351349033,-0.0203162864186548,-0.014711995842420923,6.117631293745697e-05
200812,-0.450994428,-0.401832745,-0.428777426,-0.41544432,0.689149899,-0.859891375972328,0.8065319446692524,-0.017535823682374503,-0.02810734235605892,-1.3650843284355832e-05
200820,-0.362727807,-0.331822215,-0.352096915,-0.341976988,1.148581805,-0.7129263074434132,1.3217846457197082,-0.013080356706310614,-0.013653041137283668,6.907069250156762e-05
200827,-0.272091613,-0.252714273,-0.268320007,-0.260609943,0.144987047,-0.5304453769522753,0.20301952996599576,-0.010458689361180861,-0.008700935601519584,-1.527761546992589e-05
200903,-0.137815769,-0.155015963,-0.171533038,-0.163245978,0.521909493,-0.3234663701432266,0.6268599014194505,-0.012062185867550498,0.024412193409484077,6.189454486069824e-05
200910,-0.273078935,-0.264976004,-0.286060999,-0.275619398,-0.824132012,-0.5386345680922023,-0.8798394051622852,-0.015157971544065263,0.0002542443171779853,-2.266246146006411e-05
200917,-0.381092003,-0.316989476,-0.342240808,-0.329732433,0.76926006,-0.6978728954314858,0.8982810217987228,-0.015797707216476477,-0.04146809105988059,-1.128246489481132e-05
200924,-0.426508833,-0.405985912,-0.435873823,-0.42097412,-0.241064177,-0.8418633651809183,-0.23254325733504627,-0.020922550259592394,-0.005088108223157258,5.86494683368426e-05
201009,-0.258269099,-0.237881533,-0.268320007,-0.253105215,0.932162185,-0.5243966101095839,1.0825363298970225,-0.020797728586663823,-0.0011108859139556469,6.256740399259598e-05
201016,-0.212654806,-0.193383316,-0.223967526,-0.208669329,0.024491984,-0.4212489765955407,0.0698777076682744,-0.02129644390541475,-0.0029209368016940513,5.849958373197618e-05
201023,-0.295392421,-0.257658519,-0.288032221,-0.272854498,0.238628798,-0.5619275126166731,0.30723914338407765,-0.02050513137458771,-0.018285503430411555,6.179399870994574e-05
201030,-0.28611159,-0.287323998,-0.302816381,-0.295171188,0.17068359,-0.5895885293948548,0.2308715660132561,-0.011011008470275562,0.009129180343783454,-1.7322099827208994e-05
201106,-0.301118891,-0.257658519,-0.283104167,-0.270484584,0.630718709,-0.5671201431182,0.7452353542750786,-0.01661500188720786,-0.023990388990935953,-1.448802555208805e-05
201113,-0.025655947,-0.03457412,-0.061341764,-0.047910166,1.275858587,-0.10625871118903538,1.472159512471838,-0.01885797344829033,0.02376489512491216,6.13491450177502e-05
201120,0.13350042,0.121466297,0.091427892,0.106529225,0.320464368,0.21901894545895287,0.40920718998303396,-0.021661122707971804,0.02479355593923454,5.5180296838763974e-05
201127,0.037927614,0.07499038,0.045695557,0.060315904,0.099388693,0.10557807865382891,0.1607879257499764,-0.019714654236966625,-0.018589962539496657,-2.020192308633383e-05
201204,0.030423964,0.043940513,0.037219305,0.040566621,-0.14200972,0.07592325895427972,-0.10934782561726537,-0.004268122783237864,-0.008184103597521501,-1.4696254557234298e-05
201211,-0.049351684,-0.02112577,-0.051485657,-0.036455582,0.75460725,-0.09278824631389719,0.8900788695248724,-0.020514643284224907,-0.008438416030859357,-9.90841080871321e-05
201218,-0.111947923,-0.129503652,-0.156748878,-0.143299203,0.519230901,-0.280439003112236,0.6244442541485038,-0.019806495991541655,0.029133620710286023,-0.00010356045252486023
201225,-0.264785427,-0.282379751,-0.307744434,-0.295171188,-0.030885572,-0.5758624931157984,0.005814702418717087,-0.018717342284776763,0.02667663573002959,-2.3969897907809114e-05
210104,-0.268537252,-0.237881533,-0.253535847,-0.245797981,-1.952628139,-0.4745111826601982,-2.139679275927639,-0.011000009815762218,-0.024965522315283935,-2.2658433033138738e-05
210111,-0.334095458,-0.331822215,-0.361953022,-0.346914309,0.626412834,-0.6980585362859019,0.7385347446153268,-0.021285410762564773,0.013475222110818579,5.9752320133450897e-05
210118,-0.286901448,-0.217906778,-0.241314274,-0.229603569,1.093075255,-0.5059560260207384,1.2626854472361089,-0.014156362187686766,-0.045477492285504885,7.145845233891991e-05
210125,-0.27505358,-0.241441391,-0.269699862,-0.255672622,0.291031709,-0.526748063560034,0.36625655545614383,-0.019081924635397464,-0.015395390412645933,-1.8178878867090677e-05
210201,-0.085487683,-0.084609894,-0.115550351,-0.100048273,2.573305373,-0.23397632196732152,2.919964482800205,-0.021048101468748366,0.02104835261885333,6.628454511728461e-05
210208,0.098351743,0.140452203,0.113111327,0.126870987,0.218066507,0.23349257811305796,0.29513645918255005,-0.018082547016907417,-0.023405234893337575,6.188948994890354e-05
210220,0.079395154,0.093382977,0.066787625,0.080065186,-0.220998173,0.16073371232771844,-0.19645360513161042,-0.018605603169158456,-0.0007502410020947612,-2.311170795854505e-05
210226,0.062413209,0.098327223,0.076643732,0.087569914,-0.081303825,0.16126238095800796,-0.040320653957297975,-0.014327287135759334,-0.02129107878927766,6.239195948934424e-05
210305,0.000804293,-0.010446198,-0.04162955,-0.025988462,-0.519642164,-0.03284678360321644,-0.5328101211727093,-0.02284254293227379,0.02198036358085187,5.1881747120281765e-05
210312,0.005938369,0.03405202,0.007650984,0.020817338,0.073557148,0.03085523892133521,0.13088966492951665,-0.01792547559590644,-0.012110855505454259,-2.0003964301958628e-05
210330,-0.131101977,-0.094498387,-0.120478405,-0.107553001,-2.075371087,-0.19701565171403645,-2.2730168473508456,-0.01827439672435644,-0.026299954121434814,-2.7171525438199164e-05
210407,-0.101482306,-0.079665648,-0.110622298,-0.095110952,0.180649616,-0.19808905078205025,0.24739121420534893,-0.02139150442254481,-0.004495519786470317,5.884102550119553e-05
210414,-0.257281777,-0.252714273,-0.283104167,-0.267917177,-0.050276778,-0.5311053143888264,-0.015189696141151093,-0.02165669699151538,0.009480052502653456,5.6837321948021056e-05
210421,-0.286309055,-0.272491258,-0.297888328,-0.285296546,-0.111918185,-0.5705848516462358,-0.08456885027633153,-0.017802220683074278,-0.0007078125307628045,-2.080007609855227e-05
210427,-0.21680156,-0.183494823,-0.214111419,-0.198794687,-0.200981335,-0.405094906718237,-0.18177055782510665,-0.02097641904041126,-0.01573973932225347,5.911362305174185e-05
210507,-0.293220312,-0.277435505,-0.302816381,-0.290233867,-0.414936844,-0.5768083062249788,-0.42318635834361895,-0.017855201584241427,-0.0033578396126996224,-2.17917415987685e-05
210513,-0.292825383,-0.292466014,-0.322528595,-0.307613236,1.019408436,-0.6244999296926885,1.178595116297927,-0.021124712661033836,0.016349688128826333,-1.948562735886571e-05
210520,-0.357198802,-0.356543448,-0.3858048,-0.371205927,-0.453937438,-0.7294958452588831,-0.46888209130871783,-0.021157057926069485,0.011155518477381714,5.5593775997405014e-05
210527,-0.350682474,-0.326877969,-0.357024969,-0.341976988,0.487546096,-0.6968281295858899,0.5834590454896313,-0.020688407738772875,-0.005557178529080311,6.159377296530867e-05
210603,-0.34258643,-0.326877969,-0.352096915,-0.339607074,-0.276284307,-0.6774976534623774,-0.2696558780655326,-0.017697584252703714,-0.0029198472675105247,-2.0978724991397958e-05
210610,-0.242471941,-0.218104548,-0.238751687,-0.228418612,-0.525594458,-0.45732691800251024,-0.5451592116581152,-0.014204475720080911,-0.013082256302029145,6.0898704445595984e-05
210621,-0.23358604,-0.232937287,-0.263391954,-0.248167895,-0.68506127,-0.480025810163113,-0.723693368767711,-0.022078591832590956,0.010912211295372364,5.369560916618933e-05
210628,-0.297959459,-0.237881533,-0.268320007,-0.253105215,0.008147498,-0.5301220027238996,0.0502294170813876,-0.019951515014450284,-0.0382877074270463,6.327553633399975e-05
210705,-0.32757913,-0.321933723,-0.351111304,-0.336644682,-0.157770129,-0.6673742453115147,-0.13713936352761213,-0.02081311015957777,0.007756634805700011,-2.323564416741707e-05
210712,-0.520501923,-0.529592072,-0.554147105,-0.542037223,-1.417757212,-1.0520313305194533,-1.5500986333865425,-0.01850624748649788,0.014705860074045916,-2.740711725095889e-05
210720,-0.540840764,-0.519703579,-0.544290998,-0.532162582,0.002831661,-1.069055903044737,0.03684613615240861,-0.017013285198641433,-0.006975356802576473,-1.8230837677983382e-05
210727,-0.501545333,-0.473623203,-0.50112125,-0.487529203,0.888001079,-0.9960983500885672,1.0267811267074376,-0.018528360016032704,-0.00890019589585659,-1.518536509142309e-05
210803,-0.621208805,-0.620170667,-0.64778012,-0.634266374,0.120117833,-1.2637542150372012,0.16517174079520136,-0.019793316310290583,0.01202921455930974,-0.00010135251357917107
210810,-0.57243508,-0.57409029,-0.603427639,-0.588843024,0.336895037,-1.1748900229168802,0.40856380270815656,-0.021019151078850058,0.015673403855952804,5.937154907832022e-05
210818,-0.641745111,-0.633421247,-0.655270761,-0.644536001,-0.768805231,-1.2759338916918985,-0.8280909985560151,-0.015780799688754073,0.0005909240024186337,-2.130250305498026e-05
210825,-0.653000586,-0.623532754,-0.652313929,-0.638216231,-0.462085656,-1.2766617256568,-0.48538429891743795,-0.020000560347646197,-0.013874286880236376,-0.00010097626613674703
210901,-0.699009809,-0.692752204,-0.716772868,-0.704968807,-1.096150163,-1.390020697396717,-1.1953700235706932,-0.01756055073272817,0.0022475333441710687,-2.351657826859376e-05
210908,-0.602054751,-0.579034537,-0.603427639,-0.591410431,0.499299968,-1.1959012988374902,0.5897818491846806,-0.016628180900310492,-0.007127473706024381,-1.5681836325852173e-05
210916,-0.523661355,-0.514759333,-0.544290998,-0.529595175,0.3600438,-1.0621766872159277,0.43598956216513524,-0.02080792725036152,0.006694859614245061,6.0354672482117354e-05
210926,-0.616469658,-0.598811522,-0.628067906,-0.613529627,-0.030016756,-1.2282438410610832,-0.002037742500304307,-0.02052191943333915,-0.0021891234114833425,6.0182114735137136e-05
211008,-0.562561856,-0.535525168,-0.564988823,-0.550529415,0.534079684,-1.1153989073930288,0.6297422229289482,-0.02013607299038373,-0.00840173404075071,-9.778737535211922e-05
211015,-0.524056284,-0.509815087,-0.534434892,-0.522287941,0.223825832,-1.0492600755955566,0.2839979813415288,-0.01715622522072697,-0.0003156893578974216,-1.815721062253094e-05
211022,-0.512405879,-0.480149608,-0.504866571,-0.492664016,-0.105455358,-0.9940646020913472,-0.08308372929721049,-0.016797210196613573,-0.016873021494059927,-1.761977710284367e-05
211029,-0.497398579,-0.480149608,-0.504866571,-0.492664016,-0.134237872,-0.9861343511567137,-0.11516778468625867,-0.01727189543741487,-0.003994559337931949,-1.9434207915801184e-05
211123,-0.622196128,-0.608700015,-0.637924013,-0.623404269,0.126165599,-1.2482700798086424,0.1721683880071015,-0.020565749197438483,0.00188206942260035,6.0400932204947476e-05
211130,-0.621011341,-0.653198233,-0.682276494,-0.667840155,0.690526036,-1.3228221849482729,0.8015538512389893,-0.021651042639911362,0.04306245073127598,5.777396570322991e-05
211207,-0.673734356,-0.64330974,-0.672420387,-0.657965514,0.316942732,-1.328658628398558,0.384251148752064,-0.019893253550542285,-0.012193772177958952,6.327340340040611e-05
211215,-0.716979076,-0.717473436,-0.745355578,-0.731630339,0.125816746,-1.4575414625475613,0.168889812831999,-0.020060523689476813,0.0134654290157867,-2.0733046894198627e-05
211223,-0.758446616,-0.747138915,-0.770981456,-0.759279335,-0.469812386,-1.510565674496788,-0.49724847922304716,-0.017034945574245293,-0.0002306077183767206,-2.0103637987593616e-05
211230,-0.848292952,-0.833762112,-0.863825982,-0.848941079,-0.298371425,-1.6923848673674309,-0.30819115976274014,-0.02137488608231481,3.377387700600272e-05,5.930952848971095e-05
220107,-0.799716691,-0.791637133,-0.82026199,-0.806085135,-0.17736059,-1.60580887295436,-0.1718284639823479,-0.020475014538498267,0.005394568403480646,5.948988637728015e-05
220114,-0.83980198,-0.821302611,-0.84983031,-0.835709059,-0.072267935,-1.6717806745313109,-0.055292631195017594,-0.02004866521926047,-0.0033179702568791125,6.125034121313312e-05
220121,-1.05819769,-1.062581837,-1.082434431,-1.072700454,-0.270473789,-2.1326610792004552,-0.28306930291378296,-0.014645207777014451,0.0123345956719327,6.225081154882118e-05
220128,-1.079918782,-1.068514932,-1.096232981,-1.082575095,-0.577963146,-2.1535967334289396,-0.6268560614238239,-0.019958220529633537,0.0009372783802807573,5.9652632384561875e-05
220209,-1.056223045,-1.038849454,-1.061736607,-1.050581257,0.272960138,-2.1067380106207962,0.32446709048301187,-0.015934802163457502,-0.003511949723001986,-1.4877831871089145e-05
220216,-0.961045168,-0.958752662,-0.986830195,-0.973164068,0.068255838,-1.9400771831990509,0.09800213694902751,-0.020206152875759616,0.011014582071341726,-0.00010031072813648078
220223,-0.874160799,-0.856505646,-0.884326684,-0.87066529,-0.604023768,-1.733071133909079,-0.6502168063044622,-0.019793313537071984,-0.0045006865231704074,-2.1107644481536782e-05
220302,-0.861128143,-0.846023843,-0.871710867,-0.859210706,0.359529983,-1.7240063676877784,0.4264002594698836,-0.01793688162647928,-0.0001355813601580456,-9.71470895043609e-05
220309,-0.825387073,-0.806469872,-0.83504615,-0.820897097,0.870816902,-1.656783402537562,0.9985425082917166,-0.01968088852940026,-0.0007221227000060247,6.507851163207335e-05
220316,-0.892722459,-0.944908772,-0.973031646,-0.959142077,0.070322417,-1.88520321954657,0.10092932408586579,-0.02191255864792014,0.05805737246755773,5.447868940289969e-05
220323,-0.866854613,-0.846023843,-0.869542524,-0.858025749,-0.088504308,-1.7183599978993924,-0.07405804732688494,-0.01637870379139978,-0.0073915728592902985,-1.69583006234748e-05
220330,-0.88126952,-0.865800829,-0.889254737,-0.877775032,-0.404463078,-1.7503116597841288,-0.4275011636023155,-0.016632076286412896,-0.003766705737299516,-1.8755224418458107e-05
220407,-0.95097448,-0.944908772,-0.97066618,-0.958154613,-0.096630875,-1.9100624054822075,-0.08579118983045193,-0.018480162773948657,0.00629379503594659,-9.96828143904822e-05
220414,-0.978027113,-0.954797265,-0.979733798,-0.967436776,-0.644155777,-1.9293161900233384,-0.6977155146613464,-0.017583348323363675,-0.010634335543484731,6.139603141597939e-05
220421,-0.934979857,-0.925131786,-0.953319432,-0.939392794,-0.361711772,-1.8701377172724067,-0.3813917647690187,-0.020217134915841158,0.0031297192583114785,5.962322812220356e-05
220427,-0.939324076,-0.910299047,-0.933607218,-0.922210918,0.72291602,-1.8630189694788257,0.8305191265975391,-0.0156597396391634,-0.012021906002859274,-1.2381903716322632e-05
220509,-0.949197299,-0.959741511,-0.982887752,-0.971584126,-0.32772286,-1.9258621413971988,-0.34422400745926107,-0.01720689993300701,0.018836681801154907,-2.0898931496530872e-05
220516,-1.067281056,-1.076821266,-1.102540889,-1.090079823,0.023517709,-2.167500372755294,0.04488953925252163,-0.0189212550302394,0.020153957952716205,-0.00010043515200602159
220523,-1.160681753,-1.147622875,-1.175081836,-1.161572227,-0.662729012,-2.3109122755245877,-0.7237008520958556,-0.019776663434800397,-0.0008531110989929223,5.990018780117224e-05
220530,-1.155152747,-1.134174525,-1.160297675,-1.147550236,0.720299516,-2.308143446773621,0.8214986453335378,-0.018000496754865987,-0.0039036666794118125,-1.3570431378277617e-05
220607,-1.033317166,-1.033905207,-1.061736607,-1.04801385,0.244891463,-2.0911262493208405,0.29327407190184007,-0.020063718096432655,0.013906010085169306,6.148404342976744e-05
220614,-1.034699417,-1.028960961,-1.056808554,-1.043076529,0.521529212,-2.0886405964348547,0.6023872878477105,-0.019765712098801576,0.00930721549490817,6.330587408726763e-05
220621,-0.992047091,-0.97477202,-1.007528019,-0.991333408,0.318102992,-1.9867629230521766,0.37653019220442424,-0.023018193129153493,0.0006965797209734427,6.160485143597728e-05
220628,-0.903977934,-0.870151766,-0.895759768,-0.883304831,-0.076485042,-1.7748280221945665,-0.06137138240574691,-0.01748740671351274,-0.017701621190217377,-9.668907937370585e-05
220705,-0.85658646,-0.848397082,-0.874470577,-0.86158062,0.136294981,-1.722081393438297,0.17700804270500797,-0.018518797483791656,0.005244892138737154,6.202398214583838e-05
220712,-1.011793538,-1.014128222,-1.032168287,-1.023327247,-0.83854492,-2.026904850716662,-0.9162774985566317,-0.013493949155519552,0.008049491008130537,6.0698884774397675e-05
220719,-1.097493121,-1.093236164,-1.115945195,-1.104891785,0.221817499,-2.207885578047619,0.2659178306374997,-0.01624675088464595,0.007597003112135923,-1.6290106289999597e-05
220726,-1.148241491,-1.147622875,-1.175081836,-1.161572227,-0.323385627,-2.3098758823628667,-0.3445966933912448,-0.02002154891401748,0.010954286736247841,5.988161866438847e-05
220802,-1.271459324,-1.26569148,-1.289609797,-1.277895503,-0.571265934,-2.541792799451302,-0.6246825407670868,-0.017442960081591692,0.004304496951161383,6.132050520041999e-05
220809,-1.312137005,-1.298719046,-1.325091782,-1.312259255,1.452547361,-2.644310124817807,1.634970954329976,-0.018159166092964814,0.005032420859456064,-1.0898255458017917e-05
220816,-1.488077853,-1.461681408,-1.489097399,-1.475783317,-0.976106339,-2.9399737679766216,-1.0823651383095216,-0.019549543347565486,-0.013306653956840754,-1.9156483717468022e-05
220823,-1.436144696,-1.414612182,-1.44119672,-1.428187545,0.570243428,-2.8664533025874177,0.646234197952952,-0.018453308802143527,-0.004657428327647075,6.727625690045747e-05
220830,-1.416200784,-1.424500675,-1.451052827,-1.438062187,-0.539190092,-2.8543697319253263,-0.5931493211189328,-0.019806780694560384,0.01765215971631414,5.9416437722954916e-05
220906,-1.498346006,-1.488775878,-1.515117521,-1.502247356,-0.003062875,-2.9996616020892093,0.0038805596820198213,-0.0189019984264654,0.003802896258803776,6.396041008455856e-05
220914,-1.398626446,-1.375058211,-1.396844239,-1.386319065,0.465665078,-2.783340529458629,0.5305409892167937,-0.014962827730656441,-0.008672750401612007,-1.1657571201299613e-05
220921,-1.362490447,-1.360225471,-1.382060079,-1.371507103,-0.106598995,-2.734397461012026,-0.1081847306156394,-0.015885053479842544,0.00797058822595794,-1.6483350123101638e-05
220928,-1.272051717,-1.2380037,-1.263195431,-1.251036478,0.056378767,-2.511240239964532,0.0770157732000266,-0.01722673379692325,-0.017605019072939466,-9.454196479890386e-05
221011,-1.324972196,-1.291006021,-1.314250064,-1.302977092,-0.123251966,-2.6127956961112453,-0.12505511149850873,-0.01591155251578042,-0.01890933690101696,-1.3797693954202376e-05
221018,-1.375720567,-1.361016551,-1.386988133,-1.374469496,-0.028168568,-2.7465318680103077,-0.02070046237617483,-0.01845412231713945,-0.0008206783113516101,-9.691481506806498e-05
221025,-1.270472001,-1.238992549,-1.268517728,-1.254196363,0.727382597,-2.5254102737518926,0.8264686479905548,-0.02015697798894129,-0.01152966497062139,-9.381902658194673e-05
221101,-1.313519257,-1.299707895,-1.324106171,-1.312259255,0.259188855,-2.626807683768483,0.30197327956244296,-0.017211581112026204,0.00016974723729031656,-1.4940688754565104e-05
221108,-1.188721708,-1.202602895,-1.229290423,-1.21627774,0.908502539,-2.4306835146289107,1.0300053853774456,-0.019424523226412145,0.02704361451161249,-1.6704963416040543e-05
221115,-0.825782002,-0.766915901,-0.790693669,-0.779028618,1.412384273,-1.6024474625601952,1.6044318424361825,-0.014756584091479124,-0.03548554877276914,-6.926969642766059e-06
221122,-0.838419729,-0.804689943,-0.834060539,-0.819514648,0.198979805,-1.6509756403914984,0.24806946651361084,-0.02007124147582768,-0.015292383634290897,6.367969820021014e-05
221129,-0.740279884,-0.7400192,-0.761125349,-0.750787143,1.545310869,-1.5195051719856552,1.7539333510389352,-0.014575776735470341,0.014479846539610784,-1.2042528646276188e-05
221206,-0.766345195,-0.717473436,-0.741413135,-0.729655411,0.735526066,-1.4885255120956462,0.8497658171912383,-0.015445044175333161,-0.02889840965555638,-1.1080236826214832e-05
221213,-0.746006354,-0.725582,-0.755014562,-0.740517516,0.590755224,-1.4924266137414992,0.6878992196133649,-0.02034542933271028,-0.0025297254755291343,-1.705601293055369e-05
221220,-0.8680394,-0.831784414,-0.859686417,-0.845978687,0.36651396,-1.7078458939706764,0.4344723440735289,-0.018874118690977944,-0.017518765868161458,-1.5162953959694906e-05
221227,-0.813144276,-0.776804393,-0.805477829,-0.791273173,2.016024805,-1.6237721997716639,2.2784794072384384,-0.018736861929634148,-0.012172676782931525,7.157881501885389e-05
230104,-0.980199222,-0.97477202,-1.002599966,-0.988963494,-0.911708189,-1.958455270161829,-0.9970723907751731,-0.02033375269553623,0.0051238371036157115,-2.3297277480953217e-05
230111,-0.767332517,-0.766915901,-0.795621723,-0.781398532,0.672479677,-1.5656334759117787,0.7781565877710618,-0.020415293449513046,0.014694637939735876,6.19716812048159e-05
230118,-0.69111123,-0.64330974,-0.66256428,-0.653028193,-0.115561693,-1.3233529229365095,-0.09882701395900385,-0.012425983904487186,-0.032570920580397435,6.741462883087125e-05
230201,-0.714609502,-0.697696451,-0.724657753,-0.711288578,-0.167982622,-1.421518412296369,-0.15881321508836088,-0.018973218697726786,-0.0028980460960191046,6.08314180929952e-05
230208,-0.679065897,-0.644891899,-0.67360312,-0.659347964,0.301997291,-1.3331626022649485,0.36750173276021825,-0.019496083702635954,-0.015642739422914755,6.380211025919947e-05
230215,-0.661886487,-0.658142479,-0.687204547,-0.672777476,0.564324238,-1.3486956779642083,0.66029226413049,-0.020584043980277973,0.01161444552591636,6.134499713262454e-05
230222,-0.528400502,-0.490038101,-0.514722678,-0.502538658,0.381211957,-1.0242551156902562,0.46023139638081995,-0.01638909552441254,-0.020644903524100512,-1.4888369036673669e-05
230301,-0.435197269,-0.425762897,-0.455586037,-0.440723402,-0.913444144,-0.8655224733153818,-0.9840863974424705,-0.021498389517460477,0.0023744369396103615,5.47481686838729e-05
230308,-0.433617554,-0.397679578,-0.426017716,-0.412086942,0.109499219,-0.8372527741134826,0.15921289450260823,-0.019185747886655176,-0.017891381819538733,-9.859612776432613e-05
230315,-0.435197269,-0.415874405,-0.44572993,-0.430848761,0.601692032,-0.8738356446976842,0.7085582319441291,-0.02059410612284413,-0.0014368826761972451,6.201206505960389e-05
