val,buy,sell,avg,per
3.374,3.3638,3.4191,3.3914,-0.001391068
3.4501,3.4008,3.4591,3.43,0.022554831
3.4403,3.4138,3.47,3.4419,-0.002840497
3.5196,3.5217,3.5779,3.5498,0.023050315
3.6192,3.5696,3.62,3.5948,0.02829867
3.6581,3.6404,3.6921,3.6663,0.010748232
3.6973,3.6071,3.6634,3.6353,0.010715945
3.5413,3.4983,3.5612,3.5298,-0.042192952
3.5299,3.4955,3.5615,3.5285,-0.003219157
3.5864,3.5655,3.6258,3.5957,0.016006119
3.7104,3.7238,3.7725,3.7481,0.034575061
3.6305,3.6345,3.6838,3.6591,-0.021534066
3.5749,3.5,3.5605,3.5302,-0.015314695
3.4371,3.3913,3.4463,3.4188,-0.038546533
3.4325,3.4142,3.4754,3.4448,-0.001338338
3.3817,3.3817,3.4345,3.4081,-0.014799709
3.4574,3.485,3.545,3.515,0.022385191
3.555,3.503,3.5616,3.5323,0.028229305
3.5741,3.5383,3.5975,3.5679,0.005372714
3.6076,3.5356,3.5963,3.5659,0.009372989
3.4181,3.3479,3.412,3.38,-0.052527996
3.3304,3.2987,3.3605,3.3296,-0.025657529
3.2685,3.2475,3.3066,3.2771,-0.018586356
3.1923,3.1523,3.2083,3.1803,-0.023313447
3.1499,3.1371,3.1942,3.1656,-0.01328196
3.0985,3.0671,3.1291,3.0981,-0.016317978
3.0816,3.0541,3.1129,3.0835,-0.005454252
3.0718,3.0489,3.1081,3.0785,-0.003180166
3.0145,2.983,3.0427,3.0128,-0.018653558
3.0017,2.9811,3.0397,3.0104,-0.004246144
3.0078,2.98,3.0341,3.0071,0.002032182
2.8205,2.72,2.7871,2.7536,-0.062271428
2.645,2.6198,2.6721,2.6459,-0.06222301
2.6742,2.6508,2.7088,2.6798,0.011039698
2.7168,2.6746,2.7262,2.7004,0.015929998
2.5758,2.5272,2.6036,2.5654,-0.051899293
2.5477,2.5141,2.5767,2.5454,-0.010909232
2.5886,2.5416,2.6163,2.5789,0.016053695
2.9514,2.5058,2.5617,2.5338,0.140152978
2.4932,2.4748,2.5374,2.5061,-0.155248357
2.5279,2.5088,2.5654,2.5371,0.013917857
2.5886,2.5614,2.6307,2.596,0.024012026
2.5666,2.5267,2.5914,2.5591,-0.008498802
2.5227,2.4617,2.5338,2.4977,-0.01710434
2.4476,2.4113,2.4706,2.4409,-0.029769691
2.3632,2.3102,2.3755,2.3429,-0.034482759
2.2815,2.2233,2.2932,2.2583,-0.034571767
2.2037,2.178,2.2433,2.2107,-0.034100373
2.1962,2.1771,2.2325,2.2048,-0.003403367
2.2463,2.233,2.3003,2.2667,0.02281213
2.3114,2.2759,2.3463,2.3111,0.028980991
2.2903,2.2589,2.323,2.2909,-0.009128667
2.3142,2.2908,2.3538,2.3223,0.010435314
2.3198,2.2696,2.3408,2.3052,0.002419843
2.3403,2.3288,2.3869,2.3578,0.008836969
2.4014,2.369,2.4369,2.4029,0.026107764
2.39,2.3594,2.416,2.3877,-0.004747231
2.4235,2.4075,2.4596,2.4336,0.014016736
2.4364,2.4042,2.4588,2.4315,0.00532288
2.3967,2.3719,2.441,2.4064,0.011265823
2.3726,2.3425,2.4034,2.3729,-0.010055493
2.4093,2.3782,2.4375,2.4078,0.015468263
2.4644,2.4229,2.4821,2.4525,0.022869713
2.391,2.35,2.407,2.3785,-0.029784126
2.3581,2.3413,2.3859,2.3636,-0.013759933
2.3667,2.3456,2.4037,2.3746,0.003647004
2.4053,2.3824,2.4489,2.4157,0.016309629
2.436,2.395,2.455,2.425,0.012763481
2.4419,2.3942,2.4592,2.4267,0.002422003
2.4833,2.48,2.5447,2.5124,0.016954011
2.5146,2.4819,2.5481,2.515,0.012604196
2.5533,2.5259,2.5875,2.5567,0.015390122
2.5597,2.4963,2.5621,2.5292,0.00250656
2.5455,2.5091,2.5788,2.5439,-0.005547525
2.5901,2.5638,2.6288,2.5963,0.017521116
2.6529,2.5822,2.6492,2.6157,0.024246168
2.5234,2.4884,2.5554,2.5219,-0.048814505
2.5086,2.4828,2.5378,2.5103,-0.005865103
2.4329,2.4081,2.4752,2.4417,-0.030176194
2.4792,2.3516,2.4159,2.3838,0.019030786
2.4163,2.41,2.4725,2.4413,-0.025371087
2.4659,2.4475,2.5113,2.4794,0.020527252
2.5022,2.4463,2.5088,2.4775,0.014720792
2.4231,2.3875,2.4425,2.415,-0.031612181
2.412,2.3666,2.4316,2.3991,-0.004580909
2.416,2.4238,2.4763,2.45,0.001658375
2.4454,2.4241,2.4859,2.455,0.012168874
2.4661,2.4288,2.4875,2.4581,0.008464873
2.4745,2.4475,2.5097,2.4786,0.003406188
2.549,2.5413,2.6016,2.5714,0.030107092
2.5678,2.5253,2.5887,2.557,0.007375441
2.4929,2.473,2.5307,2.5019,-0.029168938
2.4666,2.4433,2.497,2.4702,-0.010549962
2.5142,2.4911,2.547,2.5191,0.019297819
2.5455,2.5225,2.5721,2.5473,0.012449288
2.5518,2.5143,2.5727,2.5435,0.002474956
2.541,2.513,2.57,2.5415,-0.004232307
2.5475,2.514,2.569,2.5415,0.002558048
2.491,2.4692,2.5297,2.4994,-0.022178606
2.5085,2.4829,2.54,2.5114,0.007025291
2.5444,2.5171,2.565,2.5411,0.014311341
2.5162,2.4938,2.55,2.5219,-0.011083163
2.5125,2.4896,2.5479,2.5188,-0.001470471
2.4979,2.4744,2.533,2.5037,-0.005810945
2.4643,2.4313,2.4719,2.4516,-0.013451299
2.4724,2.4531,2.5013,2.4772,0.003286937
2.4897,2.46,2.5179,2.4889,0.00699725
2.5521,2.5159,2.5775,2.5467,0.025063261
2.5554,2.5038,2.57,2.5369,0.001293053
2.5373,2.5125,2.5688,2.5406,-0.00708304
2.5636,2.5063,2.56,2.5331,0.010365349
2.577,2.5425,2.6025,2.5725,0.005227024
2.582,2.5429,2.6,2.5714,0.001940241
2.5947,2.563,2.6256,2.5943,0.004918668
2.5753,2.5463,2.605,2.5756,-0.00747678
2.5686,2.5406,2.6,2.5703,-0.002601639
2.4101,2.385,2.4416,2.4133,-0.061706766
2.4231,2.3966,2.4559,2.4263,0.005393967
2.5245,2.395,2.4438,2.4194,0.041847221
2.42,2.3959,2.4488,2.4223,-0.041394336
2.4395,2.4294,2.4729,2.4511,0.008057851
2.4445,2.405,2.4613,2.4331,0.0020496
2.4677,2.4397,2.4918,2.4658,0.009490693
2.466,2.4367,2.492,2.4644,-0.000688901
2.4755,2.445,2.4988,2.4719,0.003852393
2.4451,2.4263,2.4788,2.4525,-0.012280347
2.4572,2.4254,2.4813,2.4533,0.004948673
2.4876,2.4414,2.4956,2.4685,0.012371805
2.46,2.4425,2.49,2.4663,-0.011095031
2.4752,2.4475,2.4938,2.4706,0.006178862
2.4837,2.4471,2.4975,2.4723,0.003434066
2.4797,2.4497,2.4989,2.4743,-0.0016105
2.4742,2.4463,2.495,2.4706,-0.00221801
2.4708,2.4409,2.4988,2.4698,-0.001374182
2.4588,2.4321,2.4879,2.46,-0.004856727
2.4642,2.435,2.49,2.4625,0.002196193
2.4576,2.435,2.49,2.4625,-0.002678354
2.4642,2.4363,2.4941,2.4652,0.002685547
2.4576,2.435,2.4925,2.4638,-0.002678354
2.434,2.4225,2.4766,2.4496,-0.009602865
2.4298,2.3975,2.4546,2.4261,-0.001725555
2.4007,2.3841,2.4388,2.4114,-0.011976294
2.4302,2.3988,2.4516,2.4252,0.012288083
2.4231,2.4013,2.4575,2.4294,-0.00292157
2.4185,2.3963,2.45,2.4231,-0.001898395
2.4032,2.3875,2.4416,2.4146,-0.006326235
2.3982,2.3788,2.4338,2.4063,-0.002080559
2.3962,2.3775,2.4346,2.4061,-0.000833959
2.386,2.3775,2.43,2.4038,-0.00425674
2.3045,2.2825,2.3366,2.3096,-0.034157586
2.2681,2.2475,2.3034,2.2754,-0.015795183
2.2783,2.27,2.32,2.295,0.004497156
2.3116,2.2913,2.3463,2.3188,0.014616161
2.3199,2.2941,2.3475,2.3208,0.003590587
2.386,2.2989,2.3544,2.3267,0.008154815
2.3476,2.3209,2.3838,2.3523,-0.016093881
2.3752,2.3391,2.3975,2.3683,0.011756688
2.3667,2.3258,2.3887,2.3573,-0.003578646
2.356,2.3275,2.3838,2.3556,-0.004521063
2.398,2.3725,2.4325,2.4025,0.017826825
2.4036,2.3741,2.4322,2.4032,0.002335279
2.3895,2.3638,2.4188,2.3913,-0.005866201
2.4022,2.375,2.4263,2.4006,0.005314919
2.3937,2.3713,2.4288,2.4,-0.003538423
2.3989,2.3697,2.4313,2.4005,0.002172369
2.3976,2.3686,2.4259,2.3972,-0.000541915
2.4073,2.3725,2.435,2.4038,0.004045712
2.405,2.3746,2.4346,2.4046,-0.000955427
2.3764,2.3425,2.3913,2.3669,-0.011891892
2.3824,2.3539,2.4097,2.3818,0.002524827
2.3748,2.351,2.4053,2.3782,-0.00319006
2.3782,2.3529,2.4025,2.3777,0.0014317
2.3732,2.3463,2.4025,2.3744,-0.00210243
2.3743,2.3475,2.3988,2.3731,0.000463509
2.3832,2.3475,2.3988,2.3731,0.003748473
2.3603,2.3413,2.3929,2.3671,-0.009608929
2.3537,2.3284,2.3841,2.3563,-0.002796255
2.4044,2.2991,2.3584,2.3288,0.021540553
2.3088,2.2975,2.3479,2.3227,-0.039760439
2.3168,2.2938,2.3521,2.3229,0.003465003
2.3082,2.2975,2.3441,2.3208,-0.003712017
2.3086,2.2925,2.3429,2.3177,0.000173295
2.3083,2.2938,2.3441,2.3189,-0.000129949
2.3079,2.2913,2.3416,2.3164,-0.000173288
2.3256,2.305,2.3563,2.3306,0.00766931
2.3311,2.305,2.3613,2.3331,0.002364981
2.3323,2.3013,2.3571,2.3292,0.000514778
2.3278,2.305,2.3563,2.3306,-0.001929426
2.3195,2.2938,2.3413,2.3175,-0.003565598
2.3106,2.2888,2.3413,2.315,-0.003837034
2.3182,2.2913,2.3425,2.3169,0.003289189
2.2946,2.2694,2.3254,2.2974,-0.010180312
2.2915,2.2746,2.3354,2.305,-0.001350998
2.2964,2.285,2.3319,2.3084,0.002138337
2.3198,2.2925,2.3463,2.3194,0.010189862
2.3343,2.2909,2.345,2.3179,0.006250539
2.3439,2.3103,2.3683,2.3393,0.004112582
2.3442,2.3175,2.3663,2.3419,0.000127992
2.3374,2.3075,2.3588,2.3331,-0.002900776
2.2815,2.255,2.315,2.285,-0.023915462
2.2607,2.2344,2.2873,2.2608,-0.009116809
2.2412,2.2044,2.2608,2.2326,-0.008625647
2.2232,2.1978,2.253,2.2254,-0.008031412
2.2321,2.2159,2.265,2.2404,0.004003239
2.2473,2.2213,2.2725,2.2469,0.006809731
2.2703,2.2429,2.2979,2.2704,0.010234504
2.2758,2.2494,2.305,2.2772,0.002422587
2.3041,2.2694,2.3238,2.2966,0.012435188
2.3002,2.2738,2.33,2.3019,-0.001692635
2.3331,2.3096,2.3638,2.3367,0.014303104
2.3193,2.3,2.35,2.325,-0.005914877
2.3527,2.3291,2.3781,2.3536,0.014400897
2.3468,2.3238,2.3688,2.3463,-0.002507757
2.2994,2.2622,2.3216,2.2919,-0.020197716
2.2958,2.2678,2.3233,2.2956,-0.000696439
2.322,2.3075,2.3588,2.3331,0.011412144
2.3362,2.3025,2.3475,2.325,0.006115418
2.31,2.285,2.335,2.31,-0.011214793
2.2917,2.2781,2.3296,2.3039,-0.007922078
2.2893,2.2694,2.3163,2.2928,-0.001047257
2.2955,2.27,2.3204,2.2952,0.002708251
2.3084,2.2879,2.3375,2.3127,0.005619691
2.3263,2.3004,2.3513,2.3258,0.007754289
2.3093,2.275,2.33,2.3025,-0.007307742
2.2925,2.2775,2.325,2.3013,-0.007274932
2.3033,2.2788,2.3275,2.3031,0.004711014
2.3024,2.28,2.33,2.305,-0.000390744
2.3159,2.295,2.3413,2.3181,0.005863447
2.3228,2.2948,2.3467,2.3207,0.002979403
2.3196,2.2875,2.3388,2.3131,-0.001377648
2.3137,2.2925,2.3375,2.315,-0.002543542
2.2798,2.2663,2.3163,2.2913,-0.014651856
2.2972,2.2788,2.3291,2.3039,0.007632248
2.3034,2.2791,2.3316,2.3054,0.002698938
2.3014,2.2794,2.3303,2.3049,-0.000868282
2.3099,2.2813,2.33,2.3056,0.003693404
2.3101,2.284,2.3363,2.3101,8.66E-05
2.3033,2.2713,2.3275,2.2994,-0.002943596
2.2928,2.2688,2.3213,2.295,-0.004558677
2.2913,2.2589,2.3119,2.2854,-0.000654222
2.2858,2.26,2.31,2.285,-0.002400384
2.2883,2.2625,2.31,2.2863,0.001093709
2.2918,2.25,2.3004,2.2752,0.00152952
2.2762,2.2489,2.3033,2.2761,-0.006806877
2.279,2.25,2.3,2.275,0.00123012
2.2854,2.2588,2.3063,2.2825,0.002808249
2.2907,2.2625,2.3075,2.285,0.002319069
2.2888,2.2613,2.3116,2.2864,-0.000829441
2.2931,2.261,2.312,2.2865,0.001878714
2.2978,2.2619,2.3222,2.2921,0.002049627
2.3136,2.2829,2.3363,2.3096,0.006876142
2.3159,2.283,2.334,2.3085,0.000994122
2.3117,2.2834,2.3338,2.3086,-0.00181355
2.3098,2.2888,2.3325,2.3106,-0.000821906
2.3092,2.2859,2.3366,2.3113,-0.000259763
2.3197,2.2888,2.3413,2.315,0.004547029
2.3244,2.2971,2.3446,2.3209,0.002026124
2.3431,2.3159,2.3663,2.3411,0.008045087
2.365,2.315,2.3638,2.3394,0.009346592
2.35,2.3163,2.3633,2.3398,-0.006342495
2.3608,2.3266,2.3775,2.3521,0.004595745
2.3985,2.3766,2.4238,2.4002,0.015969163
2.4144,2.3996,2.4513,2.4254,0.006629143
2.4159,2.3775,2.4238,2.4006,0.000621272
2.405,2.3746,2.435,2.4048,-0.004511776
2.4193,2.3913,2.4475,2.4194,0.005945946
2.4786,2.4479,2.5075,2.4777,0.024511222
2.5124,2.4688,2.5213,2.495,0.01363673
2.5112,2.4913,2.5463,2.5188,-0.000477631
2.6231,2.5979,2.65,2.6239,0.04456037
2.6219,2.5775,2.6341,2.6058,-0.000457474
2.5955,2.5884,2.6425,2.6154,-0.010069034
2.6466,2.6196,2.6575,2.6386,0.019687921
2.6833,2.6425,2.6913,2.6669,0.013866848
2.547,2.5088,2.5616,2.5352,0.017050673
2.5099,2.4925,2.5404,2.5164,-0.014566156
2.5135,2.4963,2.5421,2.5192,0.00143432
2.4911,2.4638,2.5206,2.4922,-0.012369663
2.4937,2.4734,2.5231,2.4983,0.001043716
2.5214,2.4933,2.5461,2.5197,0.011107992
2.5171,2.495,2.5369,2.5159,-0.001705402
2.5363,2.5063,2.56,2.5331,0.007627826
2.5654,2.5438,2.5938,2.5688,0.011473406
2.5694,2.5371,2.59,2.5636,0.001559211
2.5936,2.5646,2.6175,2.5911,0.009418541
2.6048,2.5725,2.6225,2.5975,0.004318322
2.5857,2.5525,2.6038,2.5781,-0.007332617
2.5885,2.5526,2.6033,2.5779,0.001082879
2.5725,2.5488,2.5988,2.5738,-0.006181186
2.5684,2.5434,2.5945,2.569,-0.00159378
2.5946,2.5625,2.6088,2.5856,0.010200903
2.5924,2.5613,2.6088,2.585,-0.000847915
2.5983,2.5734,2.6188,2.5961,0.002275883
2.5994,2.5675,2.6163,2.5919,0.000423354
2.5987,2.5659,2.6225,2.5942,-0.000269293
2.6067,2.5674,2.6234,2.5954,0.003078462
2.6071,2.5643,2.6259,2.5951,0.000153451
2.5941,2.5665,2.615,2.5907,-0.004986383
2.586,2.5609,2.6138,2.5873,-0.00312247
2.5913,2.5644,2.6144,2.5894,0.002049497
2.581,2.565,2.6088,2.5869,-0.003974839
2.5791,2.5434,2.5975,2.5704,-0.000736149
2.5449,2.5019,2.5522,2.5271,-0.01326044
2.5278,2.5071,2.5513,2.5292,-0.006719321
2.5265,2.49,2.5379,2.5139,-0.000514281
2.5153,2.4963,2.5513,2.5238,-0.00443301
2.5272,2.5013,2.5488,2.525,0.004731046
2.5299,2.5025,2.5491,2.5258,0.001068376
2.5053,2.4934,2.5466,2.52,-0.009723704
2.5052,2.4846,2.5338,2.5092,-3.99E-05
2.4763,2.4263,2.475,2.4506,-0.011536005
2.4338,2.4079,2.4525,2.4302,-0.017162702
2.442,2.4213,2.47,2.4456,0.003369217
2.4508,2.4025,2.4613,2.4319,0.003603604
2.5264,2.4129,2.4563,2.4346,0.03084707
2.4276,2.3975,2.4475,2.4225,-0.03910703
2.4325,2.4066,2.4575,2.4321,0.002018454
2.4419,2.4088,2.4538,2.4313,0.003864337
2.4286,2.4009,2.4488,2.4248,-0.005446578
2.4234,2.4022,2.4474,2.4248,-0.002141151
2.4177,2.395,2.44,2.4175,-0.002352067
2.4254,2.4059,2.4438,2.4248,0.003184845
2.4362,2.4129,2.4538,2.4333,0.004452874
2.4457,2.4137,2.4656,2.4396,0.003899516
2.4462,2.4197,2.4705,2.4451,0.00020444
2.4447,2.4146,2.4588,2.4367,-0.000613196
2.4342,2.4063,2.4513,2.4288,-0.004295006
2.4293,2.4069,2.4538,2.4303,-0.002012982
2.422,2.4063,2.45,2.4281,-0.003004981
2.4198,2.3975,2.4488,2.4231,-0.00090834
2.4278,2.4,2.4475,2.4238,0.003306058
2.4407,2.4154,2.4575,2.4364,0.005313453
2.4427,2.4138,2.4588,2.4363,0.000819437
2.4462,2.4184,2.465,2.4417,0.001432841
2.4436,2.4013,2.4575,2.4294,-0.001062873
2.441,2.4125,2.455,2.4338,-0.001064004
2.438,2.4167,2.4611,2.4389,0.001355403
2.4373,2.4154,2.4588,2.4371,-0.000287121
2.4344,2.4125,2.4613,2.4369,-0.001189841
2.4299,2.3998,2.4596,2.4297,-0.001848505
2.4236,2.4,2.4529,2.4264,-0.002592699
2.43,2.4038,2.45,2.4269,0.0026407
2.4269,2.405,2.4488,2.4269,-0.00127572
2.428,2.4041,2.455,2.4296,0.000453253
2.4325,2.4096,2.4575,2.4336,0.001853377
2.43,2.4088,2.4538,2.4313,-0.001027749
2.4175,2.395,2.44,2.4175,-0.005144033
2.4209,2.4038,2.445,2.4244,0.001406412
2.47,2.4033,2.4467,2.425,0.020281713
2.4278,2.3975,2.45,2.4238,-0.01708502
2.4416,2.4134,2.46,2.4367,0.005684158
2.4445,2.4238,2.4625,2.4431,0.001187746
2.4684,2.4588,2.5013,2.48,0.009777051
2.5152,2.4725,2.53,2.5013,0.01895965
2.5261,2.4841,2.54,2.5121,0.004333651
2.5243,2.4879,2.5313,2.5096,-0.000712561
2.5256,2.4929,2.5363,2.5146,0.000514994
2.5307,2.5016,2.545,2.5233,0.002019322
2.5224,2.4916,2.5363,2.5139,-0.003279725
2.5076,2.4825,2.5275,2.505,-0.005867428
2.493,2.4666,2.5113,2.4889,-0.0058223
2.5016,2.4759,2.5238,2.4998,0.003449659
2.5035,2.4788,2.5225,2.5006,0.000759514
2.5078,2.4784,2.5313,2.5048,0.001717595
2.5077,2.4788,2.5388,2.5088,-3.99E-05
2.4967,2.4766,2.5296,2.5031,-0.00438649
2.5102,2.4809,2.5288,2.5048,0.005407137
2.5059,2.4825,2.5263,2.5044,-0.001713011
2.512,2.4891,2.5338,2.5114,0.002434255
2.5183,2.485,2.52,2.5025,0.002507962
2.5223,2.4846,2.53,2.5073,0.001588373
2.5235,2.4896,2.5363,2.5129,0.000475756
2.5516,2.505,2.5675,2.5363,0.011135328
2.5376,2.5046,2.54,2.5223,-0.005486753
2.5255,2.495,2.5438,2.5194,-0.004768285
2.5266,2.4954,2.5488,2.5221,0.000435557
2.5308,2.4996,2.55,2.5248,0.001662313
2.5409,2.5038,2.55,2.5269,0.003990833
2.5556,2.5041,2.5525,2.5283,0.005785352
2.5256,2.5084,2.5625,2.5354,-0.011738926
2.5353,2.5091,2.555,2.5321,0.003840672
2.5455,2.5104,2.5563,2.5333,0.004023193
2.5541,2.5125,2.5638,2.5381,0.003378511
2.5529,2.5221,2.5625,2.5423,-0.000469833
2.5484,2.5188,2.56,2.5394,-0.001762701
2.5572,2.5234,2.5713,2.5473,0.003453147
2.57,2.5363,2.5888,2.5625,0.005005475
2.5787,2.5413,2.5838,2.5625,0.003385214
2.5761,2.5275,2.58,2.5538,-0.00100826
2.5996,2.5609,2.615,2.5879,0.009122317
2.6444,2.6003,2.6525,2.6264,0.017233421
2.6554,2.6084,2.6463,2.6273,0.004159734
2.6865,2.6366,2.6975,2.6671,0.011711983
2.709,2.67,2.7163,2.6931,0.008375209
2.709,2.6779,2.7163,2.6971,0
2.7458,2.7359,2.7934,2.7646,0.013584348
2.7501,2.7088,2.7663,2.7375,0.001566028
2.7143,2.6716,2.7271,2.6994,-0.013017708
2.692,2.6641,2.7163,2.6902,-0.008215746
2.7186,2.6754,2.7284,2.7019,0.009881129
2.7117,2.6984,2.7521,2.7253,-0.002538071
2.7333,2.7004,2.7588,2.7296,0.007965483
2.7266,2.7029,2.75,2.7264,-0.002451249
2.7855,2.7721,2.8275,2.7998,0.021601995
2.8235,2.8038,2.85,2.8269,0.013642075
2.8646,2.8591,2.9063,2.8827,0.014556402
2.9197,2.8641,2.9159,2.89,0.019234797
2.9217,2.9259,2.9713,2.9486,0.000685002
3.0028,2.9825,3.04,3.0113,0.027757812
2.9972,2.9629,3.0163,2.9896,-0.001864926
2.9819,2.9566,3.0038,2.9802,-0.005104764
2.9475,2.92,2.9638,2.9419,-0.011536269
2.9488,2.905,2.9513,2.9281,0.000441052
2.9771,2.9459,2.9875,2.9667,0.009597124
3.0255,2.97,3.0238,2.9969,0.016257432
3.0115,2.9767,3.0356,3.0061,-0.004627334
3.1107,3.12,3.1763,3.1481,0.032940395
3.2049,3.0963,3.1888,3.1425,0.030282573
3.26,3.255,3.3213,3.2881,0.017192424
3.2635,3.2146,3.2829,3.2488,0.00107362
3.2432,3.2181,3.2696,3.2439,-0.006220316
3.2407,3.1875,3.2463,3.2169,-0.000770844
3.2022,3.1738,3.225,3.1994,-0.011880149
3.1612,3.1475,3.19,3.1688,-0.012803697
3.175,3.1669,3.2225,3.1947,0.004365431
3.2586,3.2488,3.3161,3.2824,0.026330709
3.2954,3.2759,3.3363,3.3061,0.011293193
3.2998,3.3,3.36,3.33,0.001335195
3.4682,3.4421,3.5025,3.4723,0.051033396
3.4422,3.3921,3.4416,3.4169,-0.007496684
3.4955,3.4813,3.5513,3.5163,0.015484283
3.5315,3.4834,3.5329,3.5081,0.010298956
3.4272,3.3691,3.4225,3.3958,-0.029534192
3.3422,3.285,3.3388,3.3119,-0.024801587
3.3397,3.3075,3.3575,3.3325,-0.00074801
3.3667,3.3238,3.3838,3.3538,0.008084558
3.3907,3.3496,3.4175,3.3836,0.007128642
3.3985,3.3494,3.4169,3.3831,0.00230041
3.3482,3.3263,3.3763,3.3513,-0.014800647
3.33,3.3229,3.3775,3.3502,-0.005435757
3.381,3.3659,3.4131,3.3895,0.010611269
3.3772,3.3713,3.4129,3.3921,-0.001123928
3.3934,3.3634,3.4056,3.3845,0.004796873
3.325,3.3108,3.3678,3.3393,-0.020156775
3.2713,3.1733,3.2216,3.1975,-0.016150376
3.1681,3.1616,3.2063,3.1839,-0.031547091
3.1972,3.1846,3.2338,3.2092,0.009185316
3.1694,3.145,3.2025,3.1738,-0.008695108
3.142,3.1316,3.1825,3.1571,-0.008645169
3.2086,3.2325,3.291,3.2618,0.02119669
3.2471,3.1929,3.2388,3.2158,0.011999003
3.2168,3.2063,3.2594,3.2328,-0.009331403
3.2047,3.1715,3.2269,3.1992,-0.003761502
3.137,3.1278,3.1729,3.1503,-0.021125222
3.145,3.1188,3.1688,3.1438,0.002550207
3.1293,3.1096,3.1625,3.1361,-0.004992051
3.1577,3.17,3.2175,3.1938,0.009075512
3.2607,3.2596,3.3138,3.2867,0.032618678
3.3,3.27,3.33,3.3,0.012052627
3.4161,3.3925,3.4425,3.4175,0.058861819
3.3935,3.3913,3.4313,3.4113,-0.006615731
3.3827,3.3463,3.4125,3.3794,-0.003182555
3.3504,3.345,3.4075,3.3763,-0.009548585
3.3606,3.3338,3.3869,3.3603,0.003044413
3.3663,3.3475,3.405,3.3763,0.001696126
3.3618,3.334,3.3945,3.3643,-0.001336779
3.3587,3.3375,3.3956,3.3666,-0.000922125
3.3891,3.3588,3.4194,3.3891,0.009051121
3.3496,3.3275,3.3688,3.3481,-0.011655012
3.3472,3.335,3.3859,3.3604,-0.000716503
3.3314,3.3163,3.3675,3.3419,-0.004720363
3.3655,3.3588,3.41,3.3844,0.010235937
3.3845,3.3509,3.4063,3.3786,0.005645521
3.3705,3.3563,3.4075,3.3819,-0.004136505
3.3934,3.3788,3.4213,3.4,0.006794244
3.3702,3.3488,3.4013,3.375,-0.006836801
3.371,3.3513,3.4025,3.3769,0.000237375
3.394,3.3813,3.4275,3.4044,0.006822901
3.4291,3.4113,3.455,3.4331,0.01034178
3.4277,3.41,3.455,3.4325,-0.00040827
3.4315,3.41,3.455,3.4325,0.001108615
3.4468,3.4169,3.4731,3.445,0.004458692
3.4964,3.5094,3.5633,3.5363,0.014390159
3.5408,3.5138,3.5744,3.5441,0.012698776
3.541,3.5006,3.5581,3.5294,5.65E-05
3.5031,3.4575,3.505,3.4813,-0.010703191
3.4735,3.4419,3.5013,3.4716,-0.008449659
3.4577,3.415,3.4638,3.4394,-0.004548726
3.5106,3.5041,3.55,3.5271,0.015299187
3.5663,3.5294,3.5581,3.5438,0.015866234
3.6015,3.5788,3.6238,3.6013,0.009870174
3.6932,3.6513,3.7144,3.6828,0.025461613
3.6375,3.5979,3.6471,3.6225,-0.009719046
3.5894,3.5579,3.6113,3.5846,-0.013223368
3.5815,3.5466,3.6025,3.5746,-0.002200925
3.5376,3.5259,3.5775,3.5517,-0.012257434
3.5844,3.5681,3.6169,3.5925,0.013229308
3.6055,3.5675,3.6231,3.5953,0.00588662
3.6087,3.5771,3.6363,3.6067,0.000887533
3.6071,3.5525,3.6075,3.58,-0.000443373
3.5667,3.5356,3.5958,3.5657,-0.011200133
3.5808,3.552,3.604,3.578,0.003953234
3.5556,3.533,3.5789,3.5559,-0.007037534
3.5596,3.555,3.5643,3.5597,0.001124986
3.5681,3.5575,3.5625,3.56,0.002387909
3.5614,3.568,3.5775,3.5727,-0.00187775
3.5771,3.575,3.585,3.58,0.004408379
3.5846,3.595,3.6083,3.6017,0.00209667
3.618,3.6333,3.6427,3.638,0.009317637
3.6391,3.6271,3.6331,3.6301,0.005831951
3.6307,3.637,3.64,3.6385,-0.002308263
3.6483,3.6451,3.65,3.6476,0.00484755
3.6436,3.6458,3.66,3.6529,-0.001288271
3.6556,3.6441,3.655,3.6495,0.003293446
3.6173,3.62,3.6225,3.6213,-0.002839343
3.6359,3.6375,3.645,3.6413,0.005141957
3.6695,3.675,3.68,3.6775,0.009241178
3.6783,3.7115,3.7167,3.7141,0.019456223
3.7499,3.755,3.76,3.7575,0.019465514
3.7688,3.8088,3.8222,3.8155,0.005040134
3.7928,3.76,3.7725,3.7663,0.006368075
3.7898,3.8014,3.8205,3.8109,0.005598748
3.8299,3.8366,3.8402,3.8384,0.010581033
3.8158,3.7875,3.7937,3.7906,-0.003681558
3.7981,3.8022,3.8053,3.8038,-0.004638608
3.7606,3.7345,3.74,3.7372,-0.009873358
3.7385,3.7375,3.7425,3.74,-0.005876722
3.7429,3.71,3.72,3.715,0.001176943
3.702,3.6994,3.7035,3.7015,-0.010927356
3.7165,3.715,3.725,3.72,0.003916802
3.7249,3.71,3.7231,3.7166,0.002260191
3.6776,3.643,3.65,3.6465,-0.012698327
3.658,3.646,3.65,3.648,-0.005329563
3.6487,3.6524,3.6575,3.6549,-0.002542373
3.6607,3.6415,3.6599,3.6507,0.003288843
3.5915,3.56,3.5735,3.5668,-0.040167834
3.5914,3.5961,3.605,3.6005,-2.78E-05
3.5885,3.5835,3.5916,3.5875,-0.000807485
3.5966,3.6076,3.615,3.6113,0.002257211
3.6153,3.59,3.6087,3.5993,0.005199355
3.6051,3.615,3.62,3.6175,-0.002821343
3.6095,3.5842,3.595,3.5896,0.001220493
3.5759,3.57,3.5793,3.5747,-0.009308769
3.5655,3.57,3.58,3.575,-0.002908359
3.5669,3.54,3.56,3.55,0.000392652
3.5553,3.565,3.57,3.5675,-0.003252124
3.5741,3.57,3.5775,3.5738,0.00528788
3.5349,3.4904,3.5004,3.4954,-0.010967796
3.5092,3.505,3.5125,3.5088,-0.007270361
3.5233,3.531,3.5395,3.5353,0.00401801
3.5268,3.52,3.53,3.525,0.000993387
3.496,3.475,3.487,3.481,-0.008733129
3.4366,3.3925,3.4,3.3963,-0.016990847
3.3922,3.3875,3.3972,3.3923,-0.012919746
3.4144,3.4302,3.4367,3.4334,0.006544425
3.4425,3.43,3.44,3.435,0.00822985
3.5305,3.48,3.49,3.485,0.025562818
3.4981,3.5036,3.5139,3.5088,-0.00917717
3.4893,3.475,3.485,3.48,-0.002515651
3.4392,3.41,3.425,3.4175,-0.014358181
3.419,3.42,3.4275,3.4238,-0.005873459
3.44,3.445,3.45,3.4475,0.006142147
3.444,3.46,3.4753,3.4676,0.001162791
3.4654,3.455,3.46,3.4575,0.006213705
3.4364,3.43,3.4325,3.4313,-0.008368442
3.4093,3.405,3.41,3.4075,-0.00788616
3.4056,3.395,3.4036,3.3993,-0.001085267
3.3804,3.3886,3.3975,3.3931,-0.007399577
3.4123,3.4077,3.4152,3.4114,0.009436753
3.4132,3.4119,3.4186,3.4152,0.000263752
3.4005,3.39,3.3975,3.3938,-0.003720848
3.3961,3.3975,3.4,3.3988,-0.001293927
3.3829,3.3725,3.3775,3.375,-0.003886811
3.3874,3.3847,3.3891,3.3869,0.00133022
3.4084,3.4075,3.41,3.4088,0.006199445
3.3983,3.3925,3.3952,3.3938,-0.002963267
3.3921,3.39,3.395,3.3925,-0.001824442
3.4207,3.4104,3.4158,3.4131,0.008431355
3.4394,3.44,3.45,3.445,0.005466717
3.4381,3.4375,3.44,3.4388,-0.000377973
3.4266,3.425,3.43,3.4275,-0.003344871
3.4123,3.4075,3.4125,3.41,-0.004173233
3.4365,3.4357,3.445,3.4403,0.007091991
3.4495,3.44,3.45,3.445,0.003782919
3.4516,3.4475,3.455,3.4513,0.000608784
3.4398,3.4343,3.44,3.4372,-0.003418704
3.4252,3.4175,3.4225,3.42,-0.004244433
3.4277,3.4195,3.4225,3.421,0.000729884
3.4354,3.4407,3.4445,3.4426,0.002246404
3.4568,3.4671,3.4696,3.4684,0.00622926
3.479,3.4728,3.4756,3.4742,0.006422125
3.4579,3.4572,3.46,3.4586,-0.006064961
3.4683,3.47,3.4725,3.4713,0.003007606
3.4869,3.48,3.4875,3.4838,0.005362858
3.4854,3.49,3.4925,3.4913,-0.000430182
3.5004,3.4925,3.5,3.4963,0.004303667
3.4963,3.4946,3.4986,3.4966,-0.001171295
3.5232,3.5538,3.5581,3.5559,0.007693848
3.5638,3.55,3.56,3.555,0.011523615
3.5619,3.55,3.5525,3.5513,-0.000533139
3.5474,3.54,3.5475,3.5438,-0.004070861
3.5503,3.5475,3.5625,3.555,0.0008175
3.5828,3.5846,3.5925,3.5885,0.009154156
3.5987,3.5975,3.6025,3.6,0.00443787
3.5708,3.5525,3.555,3.5538,-0.0077528
3.5263,3.4939,3.5001,3.497,-0.012462193
3.4758,3.46,3.4675,3.4638,-0.01432096
3.491,3.4925,3.5,3.4963,0.004373094
3.4956,3.495,3.5,3.4975,0.001317674
3.5139,3.5225,3.5275,3.525,0.005235153
3.5125,3.4975,3.5025,3.5,-0.000398418
3.4911,3.49,3.5,3.495,-0.006092527
3.4958,3.4969,3.5006,3.4988,0.001346281
3.5009,3.49,3.4925,3.4913,0.001458894
3.5087,3.49,3.495,3.4925,0.002227999
3.4983,3.5,3.5068,3.5034,-0.002964061
3.4913,3.485,3.495,3.49,-0.002000972
3.4777,3.4775,3.48,3.4788,-0.003895397
3.4864,3.485,3.4885,3.4868,0.002501653
3.5053,3.5096,3.514,3.5118,0.005421065
3.4972,3.4941,3.4976,3.4959,-0.002310787
3.4967,3.495,3.4975,3.4963,-0.000142972
3.5177,3.4925,3.51,3.5013,0.006005662
3.5167,3.5175,3.525,3.5213,-0.000284277
3.5217,3.5178,3.5225,3.5202,0.001421787
3.5123,3.5125,3.515,3.5138,-0.002669165
3.5185,3.5199,3.5229,3.5214,0.001765225
3.5143,3.515,3.525,3.52,-0.00119369
3.5407,3.5359,3.5425,3.5392,0.007512165
3.5488,3.55,3.5525,3.5513,0.002287683
3.5376,3.5275,3.5325,3.53,-0.003155996
3.5284,3.5275,3.5325,3.53,-0.002600633
3.5317,3.536,3.5405,3.5382,0.000935268
3.5429,3.5425,3.545,3.5438,0.003171277
3.591,3.605,3.6125,3.6088,0.013633669
3.6025,3.5815,3.5863,3.5839,0.003202451
3.5992,3.602,3.6078,3.6049,-0.000916031
3.6375,3.6383,3.65,3.6442,0.010641254
3.6096,3.6,3.607,3.6035,-0.007670103
3.589,3.5895,3.595,3.5922,-0.005707004
3.5903,3.5914,3.6,3.5957,0.000362218
3.5907,3.5875,3.59,3.5888,0.000111411
3.5866,3.5825,3.585,3.5838,-0.001141839
3.5828,3.585,3.5875,3.5863,-0.001059499
3.5906,3.59,3.5925,3.5913,0.002177068
3.5972,3.6025,3.607,3.6047,0.001838133
3.6214,3.6305,3.633,3.6318,0.006727455
3.6546,3.6504,3.6599,3.6551,0.009167725
3.6524,3.6433,3.65,3.6467,-0.000601981
3.6126,3.6,3.605,3.6025,-0.004052601
3.6059,3.6025,3.605,3.6038,-0.00185462
3.5978,3.5875,3.595,3.5913,-0.002246319
3.5958,3.5925,3.5953,3.5939,-0.000555895
3.6203,3.61,3.6162,3.6131,0.000829348
3.6066,3.5975,3.605,3.6013,-0.003784217
3.6075,3.6075,3.61,3.6088,0.000249543
3.6183,3.6275,3.6313,3.6294,0.002993763
3.6327,3.62,3.625,3.6225,0.00397977
3.6258,3.62,3.6225,3.6213,-0.001899414
3.6175,3.6125,3.6175,3.615,-0.00228915
3.6143,3.612,3.615,3.6135,-0.000884589
3.6088,3.6125,3.6175,3.615,-0.001521733
3.6268,3.6297,3.6325,3.6311,0.004987808
3.6396,3.6397,3.6428,3.6413,0.003529282
3.6655,3.6625,3.665,3.6638,0.007116167
3.6949,3.695,3.7,3.6975,0.008020734
3.7181,3.7223,3.7286,3.7255,0.006278925
3.75,3.7275,3.7322,3.7298,0.008579651
3.6977,3.6925,3.6953,3.6939,-0.013946667
3.6669,3.66,3.665,3.6625,-0.008329502
3.6597,3.6625,3.6675,3.665,-0.001963511
3.6722,3.675,3.685,3.68,0.003415581
3.6857,3.6875,3.6925,3.69,0.00367627
3.6989,3.6907,3.6934,3.692,0.003581409
3.6739,3.66,3.6629,3.6615,-0.006758766
3.6497,3.6498,3.655,3.6524,-0.006587006
3.6508,3.6575,3.6625,3.66,0.000301395
3.672,3.67,3.6725,3.6713,0.005806946
3.6811,3.685,3.688,3.6865,0.002478214
3.711,3.6914,3.7025,3.6969,0.008122572
3.6488,3.635,3.645,3.64,-0.005993244
3.6359,3.63,3.635,3.6325,-0.003535409
3.6238,3.6006,3.6092,3.6049,-0.003327924
3.5801,3.5651,3.5702,3.5677,-0.012059164
3.5855,3.585,3.59,3.5875,0.001508338
3.5942,3.6,3.6025,3.6013,0.00242644
3.631,3.6418,3.6479,3.6449,0.010238718
3.6549,3.6475,3.6524,3.65,0.006582209
3.6343,3.6206,3.6325,3.6266,-0.005636269
3.6191,3.6102,3.6181,3.6142,-0.004182373
3.6009,3.599,3.6021,3.6006,-0.005028875
3.6168,3.615,3.6225,3.6188,0.003663004
3.6191,3.605,3.6175,3.6113,0.000635921
3.5988,3.585,3.5894,3.5872,-0.005609129
3.5813,3.5679,3.5777,3.5728,-0.004862732
3.5804,3.565,3.5675,3.5663,-0.000251305
3.5667,3.5844,3.5991,3.5918,-0.001120229
3.5794,3.58,3.5853,3.5827,0.003560714
3.5867,3.5905,3.5932,3.5919,0.002039448
3.6059,3.575,3.58,3.5775,0.00535311
3.5629,3.5575,3.57,3.5638,-0.011924901
3.561,3.5561,3.5586,3.5573,-0.000533273
3.5521,3.5525,3.5575,3.555,-0.002499298
3.55,3.5475,3.55,3.5488,-0.0005912
3.5321,3.5326,3.5448,3.5387,-0.003863726
3.5344,3.53,3.535,3.5325,0.000651171
3.53,3.5334,3.54,3.5367,-0.001244907
3.5348,3.535,3.54,3.5375,0.001359773
3.5371,3.535,3.55,3.5425,0.000650673
3.5532,3.5453,3.5541,3.5497,0.004551751
3.5175,3.5055,3.5225,3.514,-0.00300445
3.4834,3.4375,3.4513,3.4444,-0.009694385
3.4725,3.4675,3.47,3.4688,-0.003129127
3.5235,3.5125,3.5175,3.515,0.014686825
3.507,3.51,3.515,3.5125,-0.004682844
3.5245,3.5215,3.5257,3.5236,0.00499002
3.5362,3.5325,3.535,3.5338,0.00331962
3.5139,3.49,3.4951,3.4926,-0.006306204
3.5051,3.4925,3.4975,3.495,-0.00250434
3.4933,3.4875,3.4908,3.4892,-0.003366523
3.4909,3.4915,3.495,3.4933,0.000774038
3.5168,3.5225,3.525,3.5238,0.00741929
3.5135,3.5025,3.505,3.5038,-0.000938353
3.5066,3.505,3.51,3.5075,-0.001963854
3.4918,3.485,3.4875,3.4863,-0.000114541
3.4787,3.4666,3.4709,3.4688,-0.003751647
3.468,3.465,3.47,3.4675,-0.003075862
3.4436,3.4241,3.4305,3.4273,-0.007035755
3.3826,3.3994,3.4103,3.4048,-0.01771402
3.4124,3.4191,3.4225,3.4208,0.008809791
3.4187,3.3742,3.3816,3.3779,0.001846208
3.3806,3.3667,3.3704,3.3686,-0.011144587
3.3707,3.3516,3.3553,3.3534,-0.002928474
3.3557,3.3544,3.37,3.3622,-0.004450114
3.3611,3.355,3.3577,3.3563,-0.027375061
3.3428,3.336,3.3475,3.3418,-0.005444646
3.3222,3.2913,3.345,3.3181,-0.006162499
3.3079,3.2488,3.3206,3.2847,-0.004304377
3.2725,3.275,3.2829,3.2789,-0.010701654
3.2908,3.29,3.2925,3.2913,0.005592055
3.2922,3.27,3.28,3.275,0.000425428
3.2759,3.2789,3.2856,3.2823,-0.004951097
3.3057,3.2869,3.2959,3.2914,0.009096737
3.282,3.285,3.2951,3.2901,-0.007169435
3.3014,3.3001,3.3043,3.3022,0.00591103
3.1884,3.1925,3.1975,3.195,-0.034227903
3.2165,3.2255,3.2316,3.2286,0.008813198
3.2352,3.233,3.2375,3.2352,0.005813773
3.2354,3.238,3.2426,3.2403,6.18E-05
3.2322,3.208,3.2275,3.2177,-0.000989059
3.2316,3.2321,3.238,3.2351,-0.000185632
3.2498,3.2693,3.275,3.2722,0.005631885
3.2745,3.2817,3.2852,3.2834,0.007600468
3.2685,3.26,3.2775,3.2688,-0.001832341
3.2797,3.2775,3.2825,3.28,0.006073806
3.242,3.2303,3.235,3.2327,-0.011494954
3.2093,3.1932,3.2022,3.1977,-0.010086366
3.1995,3.205,3.2075,3.2063,-0.003053625
3.2201,3.22,3.225,3.2225,0.005715535
3.2274,3.22,3.2237,3.2218,0.00226701
3.2144,3.2148,3.2171,3.2159,-0.00402801
3.2202,3.225,3.2275,3.2263,0.00180438
3.239,3.2391,3.2443,3.2417,0.005838147
3.2493,3.2413,3.2469,3.2441,0.003179994
3.2236,3.22,3.2251,3.2226,-0.007909396
3.2092,3.2075,3.21,3.2088,-0.004467055
3.2016,3.1975,3.2,3.1988,-0.002368191
3.1977,3.1903,3.195,3.1927,-0.001218141
3.1962,3.18,3.1902,3.1851,-0.000469087
3.185,3.18,3.185,3.1825,-0.003504161
3.1964,3.185,3.19,3.1875,0.003579278
3.1943,3.1965,3.2,3.1983,-0.000656989
3.2032,3.1962,3.2022,3.1992,0.002786213
3.2023,3.2075,3.2175,3.2125,-0.000280969
3.2145,3.1949,3.1988,3.1968,0.003809762
3.1891,3.1828,3.19,3.1864,-0.007901695
3.1892,3.1824,3.185,3.1837,3.14E-05
3.1791,3.18,3.1864,3.1832,-0.003166938
3.1834,3.1825,3.185,3.1838,0.001951404
3.1781,3.175,3.1775,3.1763,-0.001664887
3.1706,3.1675,3.17,3.1688,-0.002359901
3.1813,3.1825,3.1852,3.1838,0.003374756
3.1775,3.175,3.1775,3.1763,-0.00119448
3.1605,3.1573,3.16,3.1587,-0.005350118
3.1418,3.1381,3.144,3.141,-0.005916785
3.1019,3.0875,3.0925,3.09,-0.012699726
3.1056,3.1021,3.1075,3.1048,0.001192817
3.0769,3.074,3.0775,3.0758,-0.00924137
3.0669,3.0612,3.0666,3.0639,-0.003250024
3.0529,3.0475,3.0525,3.05,-0.00456487
3.0416,3.035,3.04,3.0375,-0.003701399
3.0455,3.042,3.0445,3.0432,0.00128222
3.039,3.0425,3.0514,3.047,-0.002134297
2.9753,2.9607,2.97,2.9653,-0.045460379
2.9775,2.965,2.97,2.9675,0.000806696
2.9026,2.865,2.8763,2.8706,-0.025155332
2.8288,2.8164,2.8344,2.8254,-0.025425481
2.8705,2.89,2.9,2.895,0.014741233
2.9149,2.925,2.9355,2.9303,0.015467689
2.9108,2.9132,2.9164,2.9148,-0.001406566
2.899,2.89,2.9,2.895,-0.004053868
2.8793,2.85,2.865,2.8575,-0.006795447
2.8725,2.8691,2.8756,2.8723,0.003633696
2.8515,2.8425,2.845,2.8438,-0.007310705
2.8043,2.7737,2.7862,2.7799,-0.016552692
2.7926,2.8046,2.8174,2.811,-0.004172164
2.7935,2.7935,2.7975,2.7955,0.00032228
2.8234,2.8075,2.815,2.8113,0.003982647
2.792,2.7897,2.79,2.7899,-0.011121343
2.8699,2.77,2.7811,2.7755,0.027901146
2.7767,2.7751,2.7774,2.7763,-0.032474999
2.7661,2.75,2.7593,2.7547,-0.003817481
2.6855,2.6647,2.6707,2.6677,-0.029138498
2.6364,2.615,2.6258,2.6204,-0.018283374
2.6498,2.6849,2.6902,2.6875,0.020724191
2.7043,2.7538,2.7611,2.7575,0.02056759
2.763,2.76,2.7725,2.7663,0.021706172
2.8267,2.8011,2.8183,2.8097,0.023054651
2.7645,2.755,2.76,2.7575,-0.01292534
2.7631,2.7732,2.78,2.7766,-0.000506421
2.8065,2.81,2.815,2.8125,0.015706996
2.8671,2.8698,2.8758,2.8728,0.010075744
2.8433,2.8359,2.8441,2.84,-0.008301071
2.7882,2.7825,2.7862,2.7843,-0.019378891
2.7723,2.775,2.785,2.78,-0.005702604
2.8219,2.8312,2.8394,2.8353,0.017891282
2.823,2.815,2.8211,2.818,0.000389808
2.8189,2.82,2.825,2.8225,-0.001452356
2.8045,2.8025,2.8075,2.805,0.000499447
2.8181,2.8151,2.8206,2.8178,0.004849349
2.8134,2.8093,2.813,2.8112,-0.00166779
2.7939,2.7975,2.8,2.7988,-0.006931115
2.8204,2.8275,2.8325,2.83,0.009484949
2.8522,2.85,2.86,2.855,0.004720304
2.8702,2.865,2.8694,2.8672,0.006310918
2.8637,2.8525,2.8553,2.8539,-0.002577409
2.828,2.8371,2.84,2.8385,-0.01246639
2.8456,2.8488,2.8525,2.8506,0.006223479
2.8939,2.8981,2.9016,2.8998,0.01600955
2.8908,2.8768,2.88,2.8784,-0.001071219
2.8898,2.8675,2.876,2.8717,0.003751303
2.8469,2.84,2.845,2.8425,-0.006178873
2.8429,2.8325,2.8391,2.8358,-0.001405037
2.8535,2.835,2.835,2.835,0.003728587
2.8284,2.815,2.82,2.8175,-0.008796215
2.8,2.7991,2.8013,2.8002,-0.010041013
2.8002,2.8074,2.815,2.8112,7.14E-05
2.7978,2.7925,2.7975,2.795,-0.000857082
2.7932,2.7947,2.7959,2.7953,-0.001644149
2.8019,2.8033,2.8076,2.8054,-0.000606363
2.788,2.7818,2.7849,2.7834,-0.004960919
2.7995,2.795,2.7975,2.7963,0.008392767
2.7808,2.7705,2.7775,2.774,-0.006679764
2.7686,2.7575,2.76,2.7588,-0.004387227
2.7625,2.763,2.7684,2.7657,-0.00220328
2.7765,2.7514,2.755,2.7532,0.005067873
2.7582,2.7567,2.7619,2.7593,3.63E-05
2.7859,2.7585,2.76,2.7593,0.010042782
2.7619,2.7608,2.77,2.7654,-0.00861481
2.7958,2.783,2.785,2.784,0.001612152
2.7684,2.7625,2.765,2.7638,-0.009800415
2.7626,2.7551,2.7571,2.7561,-0.002095073
2.7648,2.768,2.7721,2.7701,0.000796351
2.7826,2.79,2.7925,2.7913,0.006438079
2.7945,2.7935,2.7946,2.7941,0.004276576
2.7818,2.7825,2.7845,2.7835,-0.004544641
2.7541,2.755,2.7567,2.7558,-0.009957581
2.7528,2.7501,2.755,2.7525,-0.004124159
2.7636,2.7679,2.775,2.7714,0.003923278
2.7648,2.75,2.7575,2.7538,0.000434216
2.7519,2.755,2.76,2.7575,-0.004665799
2.7594,2.7628,2.7672,2.765,0.00272539
2.7629,2.7675,2.77,2.7688,0.00097819
2.7821,2.765,2.7675,2.7663,0.00694922
2.7679,2.765,2.7675,2.7663,-0.005104058
2.7596,2.7575,2.76,2.7588,-0.002998663
2.7691,2.7661,2.77,2.7681,0.003442528
2.7532,2.7575,2.76,2.7588,-0.005741938
2.7323,2.722,2.7312,2.7266,-0.007591167
2.7021,2.7075,2.715,2.7113,-0.011052959
2.7112,2.7073,2.71,2.7087,0.003367751
2.6958,2.695,2.6994,2.6972,-0.010352423
2.7049,2.7,2.7025,2.7013,0.003375621
2.709,2.7075,2.7125,2.71,0.001515768
2.7335,2.7369,2.7427,2.7398,0.009043928
2.7521,2.74,2.745,2.7425,0.006804463
2.737,2.755,2.7625,2.7588,-0.005486719
2.7372,2.7325,2.7346,2.7335,7.31E-05
2.7204,2.715,2.7187,2.7168,-0.006137659
2.6883,2.68,2.6874,2.6837,-0.011799735
2.685,2.685,2.6897,2.6873,-0.001227542
2.6922,2.6875,2.69,2.6888,0.002681564
2.6779,2.675,2.68,2.6775,-0.005311641
2.6716,2.66,2.665,2.6625,-0.00235259
2.5813,2.5778,2.585,2.5814,-0.003935944
2.5845,2.57,2.5728,2.5714,0.001239685
2.5448,2.5229,2.5291,2.526,-0.015360805
2.4703,2.4525,2.4725,2.4625,-0.029275385
2.5213,2.5225,2.5325,2.5275,0.010419589
2.5273,2.51,2.5162,2.5131,0.006451356
2.476,2.485,2.4914,2.4882,-0.013781566
2.4809,2.485,2.4889,2.4869,0.001978998
2.5284,2.5283,2.53,2.5291,0.008294784
2.5414,2.5325,2.54,2.5363,-0.00376323
2.5341,2.5272,2.5313,2.5292,-0.002872433
2.5265,2.52,2.53,2.525,-0.000356097
2.5156,2.49,2.51,2.5,-0.011318975
2.4853,2.475,2.48,2.4775,-0.0014063
2.4726,2.4675,2.4725,2.47,0.000607017
2.5019,2.4975,2.5,2.4988,0.00498092
2.4913,2.4825,2.4858,2.4841,-0.00423678
2.5029,2.4999,2.5025,2.5012,0.004656204
2.5172,2.5225,2.5279,2.5252,0.005713372
2.6151,2.5925,2.6,2.5963,0.022921964
2.6019,2.6073,2.61,2.6087,-0.005047608
2.6111,2.635,2.6387,2.6369,0.003535878
2.6265,2.6343,2.6515,2.6429,0.005897897
2.6389,2.6436,2.6493,2.6464,0.004721112
2.6572,2.665,2.6798,2.6724,0.006934708
2.5767,2.565,2.57,2.5675,-0.007549205
2.5662,2.5829,2.5874,2.5852,-0.00407498
2.6255,2.6325,2.64,2.6363,0.009303041
2.6278,2.635,2.64,2.6375,-0.002618894
2.6288,2.6323,2.6367,2.6345,0.000380546
2.6226,2.6203,2.6231,2.6217,-0.002358491
2.6059,2.5984,2.605,2.6017,-0.006367727
2.5823,2.5725,2.5775,2.575,-0.00604311
2.5922,2.6105,2.6175,2.614,0.003833792
2.6082,2.6125,2.615,2.6138,0.006172363
2.6033,2.605,2.61,2.6075,-0.00187869
2.6136,2.6125,2.6175,2.615,0.003956517
2.6403,2.6547,2.6613,2.658,0.009520532
2.6518,2.65,2.655,2.6525,0.004355566
2.6569,2.675,2.6775,2.6763,0.001923222
2.6759,2.7,2.705,2.7025,0.007151191
2.6957,2.7015,2.7072,2.7043,0.00739938
2.7368,2.7566,2.7594,2.758,0.015246504
2.7466,2.7311,2.7363,2.7337,-0.011445436
2.7652,2.78,2.8,2.79,0.006772009
2.8476,2.845,2.855,2.85,0.02979893
2.8954,2.8814,2.8885,2.8849,0.016786065
2.8975,2.8921,2.898,2.8951,0.000725288
2.8687,2.8384,2.845,2.8417,-0.009939603
2.8329,2.8392,2.845,2.8421,-0.01247952
2.887,2.9078,2.915,2.9114,0.019097038
2.9355,2.9176,2.9237,2.9207,0.016799446
2.9491,2.96,2.9626,2.9613,0.004632942
2.916,2.9134,2.9175,2.9154,-0.011223763
2.8879,2.8675,2.87,2.8688,-0.009636488
2.895,2.865,2.875,2.87,0.002458534
2.8731,2.875,2.88,2.8775,-0.007564767
2.8384,2.8375,2.8425,2.84,-0.012077547
2.84,2.8375,2.84,2.8388,0.000563698
2.7944,2.7878,2.7925,2.7902,-0.016056338
2.7745,2.76,2.765,2.7625,-0.007121386
2.7413,2.745,2.75,2.7475,-0.01196612
2.7236,2.71,2.7155,2.7128,-0.006456791
2.7364,2.7275,2.7325,2.73,0.004699662
2.7078,2.7025,2.705,2.7038,-0.010451688
2.7229,2.7225,2.7257,2.7241,0.005576483
2.7234,2.72,2.725,2.7225,0.000183628
2.7111,2.7075,2.71,2.7088,0.001699612
2.7358,2.7375,2.7404,2.739,0.009110693
2.7538,2.7545,2.7575,2.756,0.006579428
2.7626,2.765,2.77,2.7675,0.003195584
2.7476,2.735,2.74,2.7375,-0.005429668
2.7403,2.74,2.743,2.7415,-0.002656864
2.7941,2.8175,2.82,2.8188,0.019632887
2.8176,2.7725,2.78,2.7763,0.008410579
2.7648,2.7625,2.7675,2.765,0.000832579
2.7656,2.7539,2.76,2.757,0.000289352
2.728,2.7275,2.735,2.7313,-0.013595603
2.7144,2.6938,2.6975,2.6956,-0.004985337
2.6761,2.6831,2.6875,2.6853,-0.008998667
2.6945,2.6968,2.702,2.6994,0.006875677
2.7207,2.717,2.72,2.7185,-0.000110254
2.6914,2.685,2.69,2.6875,-0.010769287
2.6746,2.665,2.6725,2.6688,-0.006242104
2.6432,2.643,2.65,2.6465,-0.011740073
2.6189,2.6225,2.625,2.6238,-0.006562476
2.5897,2.6072,2.61,2.6086,-0.011149719
2.6054,2.6075,2.615,2.6113,0.006062478
2.6267,2.6372,2.6398,2.6385,0.008175328
2.6339,2.64,2.645,2.6425,0.002741082
2.6481,2.6479,2.653,2.6504,0.005391245
2.6533,2.66,2.663,2.6615,0.001963672
2.6419,2.635,2.64,2.6375,-0.004296536
2.6294,2.6125,2.62,2.6163,-0.011875235
2.5868,2.57,2.5725,2.5713,-0.016201415
2.5595,2.555,2.56,2.5575,-0.01055358
2.5608,2.5536,2.5575,2.5556,0.000507912
2.5828,2.5925,2.5954,2.594,0.008591065
2.6124,2.6125,2.6175,2.615,0.011460431
2.6157,2.605,2.6118,2.6084,0.001263206
2.6069,2.6075,2.6125,2.61,-0.0033643
2.5952,2.595,2.6,2.5975,-0.004488089
2.6023,2.595,2.6,2.5975,0.00273582
2.6137,2.61,2.615,2.6125,-0.001184653
2.6076,2.605,2.6075,2.6063,-0.002333856
2.5938,2.5925,2.595,2.5938,-0.005292223
2.5898,2.58,2.583,2.5815,-0.001542139
2.5769,2.5673,2.5705,2.5689,-0.00498108
2.5802,2.58,2.585,2.5825,0.001280608
2.6016,2.6025,2.605,2.6038,0.008293931
2.612,2.6175,2.62,2.6188,0.002879631
2.6324,2.635,2.64,2.6375,0.007810107
2.6372,2.63,2.635,2.6325,0.001823431
2.618,2.615,2.6175,2.6163,-0.007280449
2.6191,2.6196,2.6225,2.621,0.000420168
2.5977,2.585,2.59,2.5875,-0.008170746
2.5716,2.5625,2.5675,2.565,-0.01004735
2.5694,2.5725,2.575,2.5738,-0.000855499
2.5674,2.5625,2.565,2.5638,0.000740596
2.5592,2.565,2.5701,2.5676,-0.003193893
2.5909,2.6,2.6025,2.6013,0.002515091
2.6001,2.61,2.62,2.615,-0.002302291
2.6174,2.6175,2.6225,2.62,0.00665359
2.6141,2.618,2.625,2.6215,0.001148941
2.6296,2.63,2.635,2.6325,0.005929383
2.6318,2.635,2.6375,2.6363,0.000836629
2.6345,2.635,2.6375,2.6363,0.001025914
2.629,2.6344,2.6393,2.6369,-0.002087683
2.6545,2.655,2.66,2.6575,0.009699506
2.6511,2.649,2.6525,2.6508,-0.001280844
2.67,2.67,2.6775,2.6738,0.02322373
2.6544,2.6325,2.6405,2.6365,-0.003154574
2.6008,2.6,2.605,2.6025,-0.003639428
2.6464,2.6425,2.65,2.6463,0.00310818
2.6598,2.67,2.6727,2.6713,0.005063482
2.667,2.6625,2.6675,2.665,0.00270697
2.7058,2.6972,2.7038,2.7005,0.002296637
2.7036,2.7032,2.7058,2.7045,-0.000813068
2.6929,2.7,2.7025,2.7013,-0.003957686
2.6936,2.6875,2.69,2.6888,0.000259943
2.6908,2.69,2.6975,2.6938,0.000334585
2.7074,2.705,2.71,2.7075,0.006169169
2.6883,2.6825,2.6875,2.685,-0.007054739
2.6936,2.695,2.7025,2.6988,0.003427209
2.7193,2.71,2.7225,2.7163,0.004617999
2.726,2.7225,2.725,2.7238,0.002463869
2.7335,2.7374,2.74,2.7387,0.002751284
2.7275,2.73,2.7375,2.7338,-0.002194988
2.7238,2.7225,2.7251,2.7238,-0.001356554
2.7337,2.7425,2.7525,2.7475,0.003634628
2.7736,2.765,2.7675,2.7663,-0.006341131
2.7685,2.7575,2.762,2.7598,-0.001838766
2.773,2.7825,2.7855,2.784,0.001625429
2.8183,2.8325,2.8425,2.8375,0.016336098
2.8919,2.9,2.9032,2.9016,0.013244105
2.8813,2.8625,2.8725,2.8675,-0.00366541
2.8563,2.85,2.8575,2.8538,-0.008676639
2.8361,2.81,2.815,2.8125,-0.011915131
2.8115,2.8236,2.8274,2.8255,0.003032465
2.8292,2.8275,2.83,2.8288,0.006295572
2.8179,2.815,2.82,2.8175,0.002704338
2.8212,2.8261,2.8291,2.8276,0.001171085
2.6905,2.675,2.6789,2.6769,-0.026908749
2.6497,2.6406,2.645,2.6428,-0.015164468
2.6376,2.64,2.6475,2.6438,-0.004566555
2.6498,2.6417,2.645,2.6433,0.004625417
2.6741,2.6825,2.6852,2.6838,0.009170503
2.6881,2.675,2.68,2.6775,0.005235406
2.6859,2.6875,2.6916,2.6896,-0.000818422
2.6901,2.6875,2.69,2.6888,0.001563722
2.6805,2.6753,2.68,2.6777,-0.003568641
2.6928,2.68,2.6875,2.6838,-0.001890359
2.6753,2.67,2.675,2.6725,-0.006498812
2.6746,2.675,2.68,2.6775,-0.000261653
2.6853,2.6975,2.7025,2.7,0.004000598
2.7051,2.7075,2.71,2.7088,0.007373478
2.697,2.6875,2.69,2.6888,-0.002994344
2.6814,2.6675,2.675,2.6713,-0.005784205
2.6867,2.69,2.692,2.691,0.003960988
2.7142,2.7125,2.715,2.7138,0.010235605
2.6654,2.6517,2.6545,2.6531,-0.008333953
2.6385,2.6275,2.6304,2.629,-0.010092294
2.6154,2.62,2.625,2.6225,-0.008754974
2.6303,2.62,2.6275,2.6238,0.005697025
2.6261,2.6211,2.63,2.6255,-0.001596776
2.6342,2.6325,2.6375,2.635,0.003084422
2.6403,2.6375,2.645,2.6413,0.002315694
2.6731,2.645,2.6475,2.6463,0.012422831
2.6484,2.6525,2.655,2.6538,-0.009240208
2.6521,2.6361,2.64,2.6381,0.00139707
2.6158,2.617,2.6176,2.6173,-0.013687267
2.6285,2.6325,2.64,2.6363,0.004855111
2.6362,2.6325,2.6375,2.635,0.002929427
2.638,2.63,2.6325,2.6313,0.000682801
2.6219,2.62,2.6275,2.6238,-0.006103108
2.6338,2.6365,2.64,2.6383,0.004538693
2.6469,2.645,2.6497,2.6473,0.000377943
2.6405,2.6328,2.6375,2.6352,-0.002417923
2.6299,2.6188,2.6275,2.6231,-0.004014391
2.6076,2.6075,2.61,2.6088,-0.00847941
2.5993,2.6015,2.605,2.6033,-0.003183004
2.6061,2.6117,2.615,2.6133,0.002616089
2.5867,2.565,2.6,2.5825,-0.007444074
2.448,2.4575,2.46,2.4588,-0.069802789
2.4608,2.46,2.47,2.465,0.005228758
2.458,2.44,2.445,2.4425,-0.001137841
2.4396,2.43,2.4375,2.4338,-0.007485761
2.4088,2.3816,2.3897,2.3857,-0.01262502
2.3758,2.3666,2.3712,2.3689,-0.013699768
2.4062,2.4049,2.4075,2.4062,0.004424779
2.3902,2.385,2.39,2.3875,-0.006649489
2.3895,2.395,2.4,2.3975,-0.000292863
2.3945,2.3925,2.3975,2.395,0.002092488
2.4036,2.4025,2.41,2.4063,0.002209899
2.4183,2.4175,2.4243,2.4209,0.006115826
2.3911,2.382,2.3884,2.3852,-0.011247571
2.3485,2.351,2.3545,2.3528,-0.003944355
2.3327,2.3225,2.3275,2.325,-0.006727699
2.277,2.2725,2.2825,2.2775,-0.013559763
2.2891,2.2775,2.28,2.2788,0.005093304
2.2002,2.1925,2.195,2.1938,-0.013009151
2.2072,2.2358,2.2415,2.2386,0.028661975
2.2473,2.2414,2.2498,2.2456,0.018167814
2.2625,2.2675,2.2775,2.2725,0.014210149
2.2387,2.22,2.225,2.2225,-0.010519337
2.2057,2.2058,2.2132,2.2095,-0.014740698
2.1801,2.165,2.1687,2.1668,-0.011606293
2.1425,2.1425,2.15,2.1463,-0.017246915
2.1264,2.1076,2.1111,2.1094,-0.007514586
2.057,2.0225,2.0272,2.0248,-0.032637321
1.9924,1.96,1.97,1.965,-0.031404959
1.9768,1.9349,1.9375,1.9362,-0.007829753
1.9237,1.9175,1.9212,1.9193,-0.026861594
1.9588,1.9692,1.9723,1.9708,0.018246088
1.9293,1.9225,1.925,1.9238,-0.015060241
2.1193,1.9,1.9037,1.9018,0.098481314
1.8622,1.8561,1.8625,1.8593,-0.121313641
1.8577,1.8525,1.855,1.8538,-0.002416497
1.8027,1.7942,1.7986,1.7964,-0.029606503
1.5402,1.455,1.4585,1.4568,-0.145614911
1.4178,1.3693,1.375,1.3722,-0.079470199
1.4121,1.425,1.4379,1.4314,-0.004020313
1.5058,1.5039,1.5076,1.5058,0.066355074
1.5505,1.5475,1.55,1.5488,0.029685217
1.4878,1.475,1.48,1.4775,-0.040438568
1.4238,1.425,1.4294,1.4272,-0.043016534
1.4097,1.4218,1.425,1.4234,-0.009903076
1.4355,1.4696,1.475,1.4723,0.018301766
1.4504,1.4525,1.4575,1.455,0.010379659
1.4329,1.4075,1.4125,1.41,-0.012065637
1.4,1.4,1.4029,1.4015,-0.02296043
1.4107,1.4125,1.4164,1.4144,0.007642857
1.4388,1.446,1.4513,1.4487,0.019919189
1.4444,1.4325,1.4525,1.4425,0.003892132
1.4461,1.445,1.4475,1.4463,0.001176959
1.4436,1.4375,1.4425,1.44,-0.001728788
1.4183,1.397,1.4002,1.3986,-0.01752563
1.5139,1.4275,1.43,1.4288,0.067404639
1.4463,1.46,1.4675,1.4638,-0.044652883
1.4886,1.505,1.51,1.5075,0.029247044
1.4831,1.475,1.4801,1.4776,-0.003694747
1.4839,1.4675,1.495,1.4813,0.000539411
1.516,1.5161,1.5275,1.5218,0.021632185
1.4982,1.4733,1.4775,1.4754,-0.011741425
1.4518,1.444,1.4475,1.4458,-0.030970498
1.4385,1.4125,1.4175,1.415,-0.009161041
1.4271,1.43,1.435,1.4325,-0.007924922
1.4627,1.4759,1.48,1.4779,0.024945694
1.51,1.5082,1.5116,1.5099,0.032337458
1.5156,1.52,1.525,1.5225,0.003708609
1.513,1.53,1.5366,1.5333,-0.001715492
1.4831,1.4625,1.4675,1.465,-0.019762062
1.5236,1.5425,1.5475,1.545,0.027307666
1.6505,1.6804,1.6925,1.6865,0.083289577
1.7502,1.7725,1.78,1.7763,0.060405938
1.7611,1.75,1.7564,1.7532,0.00622786
1.7455,1.7133,1.7275,1.7204,-0.0088581
1.7004,1.6971,1.7086,1.7028,0.087003772
1.792,1.8534,1.8577,1.8556,0.053869678
1.9432,1.865,1.8825,1.8738,0.084375
1.9602,2.0076,2.0181,2.0128,0.008748456
2.0027,1.9953,2.0002,1.9978,0.021681461
1.9907,1.9775,1.9825,1.98,-0.005991911
1.9613,1.9514,1.9643,1.9579,-0.014768674
1.9878,2.0071,2.0146,2.0109,0.013511446
1.9996,1.9848,1.99,1.9874,0.005936211
1.964,1.9613,1.965,1.9632,-0.017803561
1.9271,1.9273,1.9361,1.9317,-0.018788187
1.9694,1.9743,1.984,1.9792,0.02195008
2.0322,2.0546,2.0575,2.056,0.031887885
2.0541,2.035,2.055,2.045,0.010776498
2.0662,2.0725,2.0775,2.075,0.005890658
2.1206,2.1625,2.175,2.1688,0.026328526
2.1844,2.1525,2.1558,2.1541,0.030085825
2.1107,2.1025,2.105,2.1038,-0.033739242
2.1177,2.12,2.125,2.1225,0.003316435
2.1485,2.1393,2.145,2.1421,0.014544081
2.1388,2.1475,2.15,2.1488,-0.004514778
2.1318,2.12,2.1247,2.1223,-0.003272863
2.132,2.1459,2.151,2.1485,9.38E-05
2.2226,2.2675,2.2708,2.2691,0.04249531
2.3184,2.2985,2.3012,2.2998,0.043102673
2.348,2.3739,2.3854,2.3797,0.012767426
2.4295,2.4252,2.4316,2.4284,0.034710392
2.4188,2.4027,2.4107,2.4067,-0.004404198
2.4434,2.445,2.4525,2.4488,0.010170332
2.4136,2.4155,2.419,2.4173,-0.01219612
2.3998,2.3775,2.3864,2.382,-0.0057176
2.3757,2.3834,2.3878,2.3856,-0.010042504
2.3814,2.38,2.385,2.3825,0.002399293
2.32,2.3091,2.3128,2.3109,-0.024595333
2.3191,2.3096,2.3193,2.3144,-0.000387931
2.3318,2.34,2.3425,2.3413,0.005476262
2.3193,2.2913,2.2994,2.2954,-0.005360666
2.3075,2.3097,2.3193,2.3145,-0.005087742
2.3402,2.3428,2.3475,2.3452,0.014171181
2.3545,2.3493,2.3543,2.3518,0.006110589
2.3545,2.355,2.36,2.3575,0
2.376,2.3834,2.3859,2.3846,0.00913145
2.3872,2.3775,2.3804,2.379,0.004713805
2.3828,2.385,2.388,2.3865,-0.001843164
2.3813,2.3875,2.39,2.3888,-0.000629511
2.4026,2.4073,2.4125,2.4099,0.008944694
2.4166,2.4175,2.4201,2.4188,0.005827021
2.392,2.3727,2.3784,2.3755,-0.010179591
2.3912,2.3875,2.3935,2.3905,-0.000334448
2.4149,2.4296,2.4336,2.4316,0.009911342
2.3988,2.4025,2.41,2.4063,-0.006666943
2.3963,2.395,2.3975,2.3963,-0.001042188
2.3979,2.4047,2.415,2.4099,0.000667696
2.4197,2.4325,2.44,2.4363,0.009091288
2.4596,2.465,2.4725,2.4688,0.016489647
2.4716,2.4472,2.4511,2.4492,0.004878842
2.4604,2.465,2.4717,2.4683,-0.004531478
2.4966,2.495,2.4975,2.4963,0.014713055
2.5002,2.5,2.5051,2.5026,0.001441961
2.5055,2.505,2.515,2.51,0.00211983
2.5276,2.5118,2.5214,2.5166,0.008820595
2.5123,2.4965,2.4994,2.4979,-0.006053173
2.5206,2.5241,2.5376,2.5308,0.003303746
2.5543,2.565,2.5691,2.5671,0.013369833
2.5735,2.5544,2.5641,2.5593,0.007516736
2.5618,2.5668,2.5731,2.57,-0.004546338
2.5881,2.582,2.585,2.5835,0.010266219
2.5637,2.5625,2.565,2.5638,-0.009427766
2.5348,2.5225,2.53,2.5263,-0.01127277
2.505,2.4988,2.506,2.5024,-0.011756352
2.5145,2.52,2.5229,2.5215,0.003792415
2.5362,2.5299,2.5334,2.5316,0.008629946
2.4829,2.46,2.4646,2.4623,-0.021015693
2.4235,2.4475,2.4525,2.45,-0.023923638
2.4503,2.4725,2.4775,2.475,0.011058387
2.4539,2.4393,2.4475,2.4434,0.001469208
2.4303,2.4275,2.4301,2.4288,-0.009617344
2.4305,2.4325,2.435,2.4338,8.23E-05
2.4356,2.4392,2.444,2.4416,0.002098334
2.4273,2.4275,2.43,2.4288,-0.003407785
2.4418,2.455,2.46,2.4575,0.005973716
2.4435,2.4375,2.4401,2.4388,0.000696208
2.4505,2.4603,2.4645,2.4624,0.002864743
2.4793,2.4786,2.4826,2.4806,0.011752704
2.5125,2.5125,2.515,2.5138,0.013390876
2.5187,2.5149,2.5175,2.5162,0.002467662
2.5069,2.5075,2.51,2.5088,-0.004684957
2.5249,2.525,2.5275,2.5263,0.007180183
2.5346,2.5375,2.54,2.5388,0.003841736
2.5356,2.535,2.5375,2.5363,0.00039454
2.5257,2.505,2.51,2.5075,-0.003904401
2.5181,2.5125,2.515,2.5138,-0.003009067
2.505,2.49,2.5,2.495,-0.005202335
2.4851,2.4824,2.485,2.4837,-0.007944112
2.4937,2.5025,2.505,2.5038,0.003460625
2.5053,2.52,2.5225,2.5213,0.004651722
2.5143,2.4947,2.4977,2.4962,0.003592384
2.4863,2.4892,2.4925,2.4908,-0.0111363
2.4922,2.495,2.5025,2.4988,0.002373004
2.4984,2.4875,2.4975,2.4925,0.002487762
2.4888,2.47,2.4781,2.474,-0.007813746
2.4671,2.47,2.4725,2.4713,-0.008719061
2.4674,2.46,2.465,2.4625,0.0001216
2.4684,2.4775,2.48,2.4788,0.000405285
2.4908,2.5025,2.5075,2.505,0.009074704
2.5284,2.53,2.535,2.5325,0.015095552
2.536,2.53,2.5325,2.5313,0.003005854
2.5521,2.56,2.57,2.565,0.00634858
2.583,2.605,2.6116,2.6083,0.012107676
2.6303,2.6153,2.62,2.6177,0.01831204
2.603,2.604,2.6093,2.6066,-0.010379044
2.6055,2.6186,2.6214,2.62,0.00096043
2.6493,2.6533,2.6561,2.6547,0.016810593
2.6984,2.7225,2.725,2.7238,0.018533197
2.7109,2.6942,2.6975,2.6959,0.004632375
2.6408,2.6333,2.638,2.6357,-0.025858571
2.6774,2.6999,2.705,2.7024,0.013859437
2.6732,2.6582,2.6618,2.66,-0.001568686
2.6586,2.6765,2.6775,2.677,-0.005461619
2.6625,2.6707,2.6743,2.6725,0.001466937
2.6105,2.6075,2.609,2.6082,-0.019530516
2.6071,2.6175,2.62,2.6188,-0.001302432
2.6472,2.6595,2.6621,2.6608,0.015381075
2.664,2.6675,2.67,2.6688,0.006346328
2.6587,2.655,2.67,2.6625,-0.001989489
2.6587,2.645,2.6479,2.6465,0
2.6249,2.6182,2.6211,2.6197,-0.01271298
2.6179,2.6171,2.62,2.6185,-0.002666768
2.5902,2.5975,2.6012,2.5993,-0.010581
2.6183,2.6221,2.625,2.6235,0.010848583
2.6176,2.595,2.6012,2.5981,-0.000267349
2.5728,2.5625,2.5675,2.565,-0.017114914
2.5484,2.5475,2.5514,2.5494,-0.009483831
2.5674,2.5725,2.5775,2.575,0.007455658
2.5866,2.5673,2.5716,2.5694,0.007478383
2.5487,2.5384,2.5425,2.5404,-0.014652439
2.5074,2.503,2.5055,2.5043,-0.016204339
2.4909,2.5,2.5025,2.5013,-0.006580522
2.5102,2.5125,2.515,2.5138,0.007748203
2.5092,2.49,2.495,2.4925,-0.000398375
2.497,2.505,2.5125,2.5088,-0.004862107
2.5057,2.505,2.5125,2.5088,0.003484181
2.4892,2.48,2.485,2.4825,-0.006584986
2.5793,2.475,2.4825,2.4788,0.036196368
2.5073,2.5125,2.5225,2.5175,-0.02791455
2.4861,2.4596,2.4638,2.4617,-0.00845531
2.4622,2.4668,2.47,2.4684,-0.009613451
2.4455,2.4425,2.4469,2.4447,-0.006782552
2.452,2.4574,2.4603,2.4589,0.002657943
2.4741,2.465,2.4675,2.4663,0.009013051
2.461,2.4375,2.4425,2.44,-0.005294855
2.4257,2.41,2.415,2.4125,-0.014343763
2.4106,2.4325,2.4369,2.4347,-0.006225007
2.4594,2.4731,2.4772,2.4751,0.020243923
2.498,2.5226,2.5287,2.5257,0.015694885
2.5125,2.5175,2.52,2.5188,0.005804644
2.505,2.4956,2.5,2.4978,-0.002985075
2.4844,2.4742,2.4773,2.4758,-0.008223553
2.4935,2.485,2.4879,2.4865,0.003662856
2.504,2.5107,2.5143,2.5125,0.004210948
2.5747,2.5702,2.5744,2.5723,0.028234824
2.5993,2.58,2.5841,2.5821,0.009554511
2.6251,2.6361,2.6389,2.6375,0.009925749
2.6315,2.6236,2.63,2.6268,0.002438002
2.6,2.59,2.5925,2.5913,0.036889332
2.5818,2.59,2.595,2.5925,-0.007
2.6249,2.6577,2.6635,2.6606,0.01669378
2.6764,2.6817,2.6886,2.6852,0.019619795
2.6846,2.686,2.689,2.6875,0.003063817
2.6931,2.7038,2.7085,2.7062,0.003166207
2.6853,2.687,2.6891,2.6881,-0.002896291
2.6982,2.705,2.715,2.71,0.004803933
2.7391,2.725,2.7275,2.7263,0.015158254
2.6919,2.6875,2.69,2.6888,-0.017231937
2.6835,2.68,2.685,2.6825,-0.003120473
2.6958,2.6925,2.695,2.6938,0.004583566
2.6844,2.677,2.68,2.6785,-0.0042288
2.6629,2.6675,2.6725,2.67,-0.008009239
2.6779,2.6725,2.6775,2.675,0.005632957
2.6749,2.6825,2.69,2.6863,-0.001120281
2.6607,2.6525,2.6554,2.654,-0.001763338
2.6441,2.6513,2.655,2.6532,-0.00623896
2.6467,2.65,2.6526,2.6513,0.000983321
2.6634,2.665,2.6675,2.6663,0.006309744
2.6437,2.6275,2.63,2.6288,-0.007396561
2.6299,2.6248,2.6314,2.6281,-0.005219957
2.6443,2.6428,2.6475,2.6452,0.005475493
2.6368,2.6275,2.63,2.6288,-0.002836289
2.6434,2.645,2.6475,2.6463,0.002503034
2.6463,2.65,2.655,2.6525,0.001097072
2.6717,2.6688,2.6713,2.67,0.009598307
2.6629,2.66,2.6625,2.6613,-0.003293783
2.645,2.645,2.6475,2.6463,-0.006721995
2.6557,2.6525,2.6554,2.654,0.004045369
2.5769,2.585,2.59,2.5875,-0.029672026
2.6271,2.5675,2.57,2.5688,0.019480771
2.5739,2.5725,2.5775,2.575,-0.020250466
2.568,2.5725,2.575,2.5738,-0.002292241
2.5851,2.585,2.59,2.5875,0.006658879
2.5919,2.5925,2.595,2.5938,0.002630459
2.5922,2.5919,2.5944,2.5931,0.000115745
2.5775,2.5725,2.575,2.5738,-0.005670859
2.5602,2.56,2.5625,2.5613,-0.00671193
2.5147,2.5075,2.5101,2.5088,-0.017772049
2.513,2.505,2.5075,2.5063,-0.000676025
2.5194,2.5225,2.525,2.5238,0.002546757
2.5306,2.5225,2.5251,2.5238,0.004445503
2.5176,2.5075,2.5114,2.5094,-0.005137122
2.5022,2.4975,2.5002,2.4988,-0.006116937
2.4983,2.495,2.5,2.4975,-0.001558628
2.503,2.5,2.5025,2.5013,0.001881279
2.5015,2.5106,2.5144,2.5125,-0.000599281
2.5358,2.535,2.54,2.5375,0.013711773
2.5407,2.5425,2.5475,2.545,0.001932329
2.5335,2.54,2.5425,2.5413,-0.002833865
2.5285,2.5225,2.5275,2.525,-0.001973554
2.523,2.5261,2.53,2.5281,-0.002175203
2.5372,2.5154,2.5178,2.5166,0.00562822
2.5096,2.5046,2.5075,2.506,-0.010878133
2.4948,2.4925,2.4975,2.495,-0.005897354
2.4846,2.48,2.485,2.4825,-0.004088504
2.4759,2.4575,2.4622,2.4598,-0.00350157
2.4571,2.4528,2.4575,2.4552,-0.007593198
2.459,2.4675,2.4703,2.4689,0.000773269
2.495,2.4849,2.4875,2.4862,0.014640098
2.4784,2.4775,2.48,2.4788,-0.006653307
2.5038,2.5054,2.5081,2.5067,0.010248547
2.498,2.4916,2.4943,2.4929,-0.002316479
2.4784,2.4725,2.4775,2.475,-0.007846277
2.4624,2.4525,2.4554,2.454,-0.006455778
2.447,2.4422,2.445,2.4436,-0.006254061
2.4589,2.4575,2.46,2.4588,0.004863098
2.4689,2.455,2.46,2.4575,0.004066859
2.4485,2.4475,2.455,2.4513,-0.008262789
2.4657,2.4675,2.47,2.4688,0.007024709
2.4864,2.4825,2.485,2.4838,0.008395182
2.4925,2.4854,2.4883,2.4869,0.002453346
2.4757,2.475,2.4775,2.4763,-0.006740221
2.4795,2.4875,2.49,2.4888,0.001534919
2.4698,2.4675,2.4725,2.47,-0.003912079
2.4934,2.51,2.5133,2.5117,0.00955543
2.5349,2.5325,2.535,2.5338,0.01664394
2.5322,2.535,2.54,2.5375,-0.001065131
2.5395,2.5315,2.535,2.5333,0.002882869
2.5205,2.5225,2.53,2.5263,-0.007481788
2.5385,2.5425,2.545,2.5438,0.00714144
2.5445,2.5413,2.545,2.5432,0.002363601
2.5514,2.555,2.5578,2.5564,0.002514735
2.5499,2.5446,2.5475,2.546,-0.000587913
2.525,2.515,2.5175,2.5163,-0.009765089
2.5218,2.5125,2.515,2.5138,-0.001267327
2.5102,2.5025,2.5075,2.505,-0.004599889
2.4928,2.4925,2.4975,2.495,-0.006931719
2.492,2.485,2.49,2.4875,-0.000320924
2.4924,2.5125,2.515,2.5138,0.000160514
2.5156,2.5075,2.5125,2.51,0.009308297
2.5161,2.5025,2.5075,2.505,0.00019876
2.4935,2.5,2.5025,2.5013,-0.008982155
2.4829,2.4775,2.48,2.4788,-0.004251053
2.4774,2.47,2.473,2.4715,-0.002215152
2.4779,2.48,2.4832,2.4816,0.000201824
2.4777,2.4625,2.466,2.4643,-8.07E-05
2.4135,2.41,2.415,2.4125,-0.025911127
2.4289,2.4216,2.4231,2.4223,0.006380775
2.3797,2.365,2.37,2.3675,-0.020256083
2.3503,2.35,2.355,2.3525,-0.012354498
2.3816,2.3808,2.3842,2.3825,0.013317449
2.3721,2.36,2.3658,2.3629,-0.003988915
2.3692,2.3686,2.3725,2.3706,-0.001222545
2.3694,2.37,2.375,2.3725,8.44E-05
2.3716,2.37,2.3725,2.3713,0.000928505
2.3801,2.3775,2.38,2.3788,0.003584078
2.3717,2.3699,2.3725,2.3712,-0.003529263
2.3592,2.3585,2.3612,2.3598,-0.005270481
2.3893,2.3933,2.3969,2.3951,0.012758562
2.4025,2.4018,2.403,2.4024,0.005524631
2.3794,2.365,2.368,2.3665,-0.009614984
2.3479,2.3357,2.3393,2.3375,-0.013238632
2.3246,2.33,2.3325,2.3313,-0.032827127
2.3287,2.3192,2.3225,2.3208,0.001763744
2.3203,2.315,2.3175,2.3163,-0.003607163
2.2943,2.2878,2.2925,2.2902,-0.011205448
2.2995,2.3025,2.3075,2.305,0.002266487
2.342,2.3503,2.355,2.3527,0.018482279
2.3534,2.3425,2.345,2.3438,0.004867635
2.3454,2.3435,2.3453,2.3444,-0.003399337
2.3329,2.3262,2.3286,2.3274,-0.005329581
2.3361,2.3325,2.3375,2.335,0.001371683
2.3459,2.3498,2.3521,2.3509,0.004195026
2.3183,2.3125,2.3187,2.3156,-0.010964164
2.3098,2.31,2.3125,2.3113,-0.00366648
2.3144,2.3175,2.32,2.3188,0.001991514
2.3298,2.3293,2.3325,2.3309,0.006653992
2.3279,2.3109,2.315,2.3129,-0.000815521
2.3126,2.3175,2.3202,2.3188,-0.006572447
2.3316,2.335,2.3375,2.3363,0.008215861
2.3191,2.3175,2.32,2.3188,-0.005361125
2.3097,2.305,2.31,2.3075,-0.004053297
2.3257,2.3025,2.3055,2.304,0.006927307
2.2893,2.2825,2.2875,2.285,-0.015651202
2.292,2.295,2.2975,2.2963,0.0011794
2.2932,2.295,2.2975,2.2963,0.00052356
2.3026,2.3075,2.31,2.3088,0.004099076
2.3217,2.33,2.3347,2.3323,0.008294971
2.3384,2.34,2.345,2.3425,0.007193005
2.3437,2.34,2.3425,2.3413,-0.000682215
2.354,2.3693,2.3753,2.3723,0.00439476
2.3781,2.3649,2.3675,2.3662,0.010237893
2.3658,2.3788,2.385,2.3819,-0.005172196
2.3781,2.3725,2.375,2.3738,0.005199087
2.368,2.365,2.37,2.3675,-0.004247088
2.3455,2.3375,2.3407,2.3391,-0.009501689
2.331,2.325,2.3275,2.3263,-0.006182051
2.332,2.335,2.34,2.3375,0.000429
2.3311,2.33,2.3325,2.3313,-0.000385935
2.3283,2.335,2.3375,2.3363,-0.00120115
2.3475,2.345,2.35,2.3475,0.00824636
2.3566,2.355,2.36,2.3575,0.003876464
2.3404,2.335,2.3389,2.3369,-0.00687431
2.3584,2.362,2.3645,2.3632,0.007690993
2.3857,2.385,2.3875,2.3863,0.011575645
2.3833,2.3781,2.3825,2.3803,-0.001005994
2.3784,2.37,2.3725,2.3713,-0.002055973
2.3702,2.3725,2.3769,2.3747,-0.003447696
2.3779,2.375,2.38,2.3775,0.003248671
2.4099,2.42,2.425,2.4225,0.013457252
2.4325,2.4074,2.4102,2.4088,0.009377982
2.4041,2.405,2.41,2.4075,-0.011675231
2.3873,2.3844,2.3869,2.3856,-0.006988062
2.3838,2.39,2.395,2.3925,-0.001466091
2.3941,2.395,2.4,2.3975,0.004320832
2.3896,2.3875,2.39,2.3888,-0.001879621
2.3942,2.4,2.4066,2.4033,0.001925008
2.3959,2.3867,2.39,2.3884,0.000710049
2.3914,2.39,2.395,2.3925,-0.001878209
2.3346,2.329,2.335,2.332,0.004907025
2.3282,2.3275,2.33,2.3288,-0.002741369
2.3347,2.3375,2.34,2.3388,0.002791856
2.3239,2.325,2.3275,2.3263,-0.004625862
2.3282,2.325,2.3275,2.3263,0.001850338
2.3178,2.3075,2.3101,2.3088,-0.00446697
2.3149,2.315,2.3175,2.3163,-0.001251186
2.2971,2.295,2.2975,2.2963,-0.007689317
2.3059,2.3,2.305,2.3025,0.003830917
2.3288,2.3025,2.305,2.3038,0.009931046
2.3139,2.3125,2.3155,2.314,-0.006398145
2.3157,2.3175,2.32,2.3188,0.000777907
2.3265,2.325,2.33,2.3275,0.004663817
2.2916,2.29,2.2925,2.2913,-0.015001075
2.3021,2.3075,2.31,2.3088,0.004581951
2.3096,2.3013,2.3037,2.3025,-0.001772053
2.3116,2.295,2.3,2.2975,0.000865951
2.2994,2.295,2.2975,2.2963,-0.00527773
2.276,2.2725,2.275,2.2738,-0.010176568
2.2802,2.27,2.273,2.2715,0.001845343
2.2855,2.2825,2.285,2.2838,0.002324358
2.2823,2.2875,2.2902,2.2888,-0.001400131
2.2969,2.3,2.3,2.3,0.006397056
2.2957,2.285,2.2875,2.2863,-0.000522443
2.2592,2.255,2.26,2.2575,-0.006683081
2.2574,2.255,2.2575,2.2563,-0.000796742
2.2424,2.245,2.2486,2.2468,-0.006644813
2.2418,2.2391,2.2416,2.2404,-0.00026757
2.2231,2.215,2.2225,2.2188,-0.008341511
2.2137,2.2112,2.2129,2.2121,-0.00422833
2.2815,2.2111,2.215,2.2131,0.030627456
2.2214,2.21,2.215,2.2125,-0.026342319
2.2193,2.2275,2.23,2.2288,-0.00094535
2.2439,2.24,2.2425,2.2413,0.011084576
2.2383,2.2325,2.235,2.2338,-0.002495655
2.2237,2.2175,2.22,2.2188,-0.006522807
2.2201,2.2125,2.215,2.2138,-0.001618923
2.216,2.22,2.2225,2.2213,-0.001846764
2.2202,2.2175,2.22,2.2188,0.001895307
2.218,2.2175,2.22,2.2188,-0.000990902
2.1738,2.1677,2.1703,2.169,-0.019927863
2.1285,2.1197,2.1226,2.1211,-0.020839084
2.1054,2.12,2.125,2.1225,-0.010852713
2.1155,2.1175,2.12,2.1188,0.004797188
2.1074,2.0955,2.102,2.0988,-0.003828882
2.0868,2.0825,2.0851,2.0838,-0.009775078
2.0952,2.1011,2.105,2.1031,0.004025302
2.1104,2.1045,2.1075,2.106,0.007254677
2.1138,2.1175,2.12,2.1188,0.001611069
2.0964,2.0925,2.095,2.0938,-0.008231621
2.0888,2.09,2.0925,2.0913,-0.003625262
2.0888,2.0775,2.1025,2.09,0
2.1051,2.1013,2.105,2.1032,-0.024965262
2.1001,2.105,2.1075,2.1063,-0.002375184
2.1084,2.1075,2.1125,2.11,0.003952193
2.101,2.1,2.1025,2.1013,-0.00350977
2.1488,2.152,2.1565,2.1542,0.022751071
2.1615,2.165,2.1675,2.1663,0.005910276
2.1544,2.155,2.16,2.1575,-0.003284756
2.1566,2.148,2.1505,2.1492,0.001021166
2.1503,2.1525,2.155,2.1538,-0.002921265
2.1652,2.16,2.165,2.1625,0.006929266
2.1936,2.2125,2.2175,2.215,0.013116571
2.2197,2.2242,2.23,2.2271,0.011898249
2.2006,2.1997,2.2025,2.2011,-0.008604766
2.1969,2.2002,2.2042,2.2022,-0.00168136
2.2024,2.1825,2.1882,2.1853,0.002503528
2.1757,2.18,2.185,2.1825,-0.012123138
2.1958,2.2036,2.2061,2.2048,0.009238406
2.2072,2.205,2.2089,2.2069,0.00519173
2.2319,2.2325,2.2375,2.235,0.011190649
2.2268,2.2115,2.215,2.2133,-0.002285049
2.2155,2.2025,2.2075,2.205,-0.005074546
2.1978,2.2065,2.21,2.2083,-0.007989167
2.2253,2.225,2.2275,2.2263,0.012512513
2.2326,2.2397,2.2441,2.2419,0.003280457
2.2122,2.1719,2.1773,2.1746,-0.009137329
2.1373,2.135,2.1387,2.1368,-0.033857698
2.1889,2.205,2.2097,2.2073,0.02414261
2.1912,2.155,2.1575,2.1563,0.001050756
2.1587,2.1525,2.1555,2.154,-0.014832055
2.1618,2.1675,2.1707,2.1691,0.001436049
2.1816,2.1775,2.1805,2.179,0.009159034
2.207,2.2,2.2075,2.2038,0.011642831
2.2043,2.205,2.21,2.2075,-0.00122338
2.2031,2.1929,2.1954,2.1941,-0.000544391
2.2011,2.205,2.2085,2.2068,-0.000907812
2.2112,2.215,2.2175,2.2163,0.004588615
2.2097,2.2075,2.2125,2.21,-0.000678365
2.197,2.195,2.2,2.1975,-0.005747387
2.2007,2.19,2.1926,2.1913,0.001684115
2.1765,2.1725,2.1775,2.175,-0.010996501
2.1765,2.155,2.175,2.165,0
2.1646,2.1668,2.17,2.1684,-0.005467494
2.1617,2.155,2.1587,2.1568,-0.001339739
2.1598,2.16,2.1625,2.1613,-0.000878938
2.1677,2.1675,2.17,2.1688,0.003657746
2.1714,2.17,2.1725,2.1713,0.001706878
2.1679,2.165,2.1675,2.1663,-0.001611863
2.148,2.15,2.1541,2.1521,-0.00917939
2.1345,2.125,2.1275,2.1263,-0.006284916
2.1704,2.175,2.1775,2.1763,0.016818927
2.1672,2.17,2.1725,2.1713,-0.001474383
2.181,2.1786,2.1825,2.1806,0.006367663
2.1698,2.165,2.1675,2.1663,-0.005135259
2.1723,2.175,2.1775,2.1763,0.00115218
2.1752,2.17,2.1775,2.1738,0.001334991
2.1586,2.135,2.14,2.1375,-0.007631482
2.1453,2.1482,2.1518,2.15,-0.006161401
2.1676,2.1725,2.1775,2.175,0.010394817
2.1894,2.1975,2.2,2.1988,0.010057206
2.1826,2.18,2.1825,2.1813,-0.003105874
2.1722,2.17,2.1725,2.1713,0.002353375
2.1727,2.17,2.1725,2.1713,0.000230181
2.1626,2.1475,2.1525,2.15,-0.004648594
2.1296,2.124,2.1275,2.1258,-0.01525941
2.1392,2.1424,2.145,2.1437,0.004507889
2.1186,2.1055,2.1118,2.1086,-0.009629768
2.102,2.1084,2.1109,2.1096,-0.007835363
2.1028,2.0883,2.0918,2.09,0.00038059
2.0817,2.0825,2.0875,2.085,-0.01003424
2.0668,2.065,2.0675,2.0663,-0.007157612
2.0641,2.0713,2.0739,2.0726,-0.001306367
2.0751,2.07,2.0725,2.0713,0.005329199
2.0555,2.0525,2.055,2.0538,-0.009445328
2.0637,2.0725,2.0769,2.0747,0.003989297
2.0763,2.0752,2.0777,2.0764,0.006105539
2.0425,2.0325,2.0503,2.0414,-0.016278958
2.0372,2.025,2.0275,2.0263,-0.002594859
2.0583,2.0593,2.0625,2.0609,0.010357353
2.0906,2.09,2.0925,2.0913,0.015692562
2.0815,2.0875,2.0925,2.09,-0.004352817
2.0917,2.0938,2.0996,2.0967,0.004900312
2.1125,2.12,2.125,2.1225,0.009944065
2.12,2.11,2.1125,2.1113,0.003550296
2.1052,2.1067,2.11,2.1083,-0.006981132
2.0984,2.0925,2.096,2.0943,-0.003230097
2.0934,2.095,2.0975,2.0963,-0.002382768
2.1035,2.105,2.1075,2.1063,0.004824687
2.1193,2.1125,2.115,2.1138,0.007511291
2.127,2.1287,2.1313,2.13,0.003633275
2.1182,2.1125,2.1154,2.114,-0.004137283
2.1058,2.1121,2.1175,2.1148,-0.005854027
2.1311,2.14,2.14,2.14,0.012014436
2.1409,2.1399,2.14,2.14,0.004598564
2.1308,2.125,2.1275,2.1263,-0.004717642
2.126,2.1313,2.135,2.1332,-0.002252675
2.1468,2.1599,2.1626,2.1613,0.009783631
2.1878,2.1911,2.1928,2.192,0.019098193
2.1855,2.1928,2.1967,2.1947,-0.001051284
2.1797,2.1775,2.18,2.1788,-0.002653855
2.1652,2.1643,2.1675,2.1659,-0.006652292
2.1413,2.145,2.1475,2.1463,-0.011038241
2.2051,2.2025,2.2075,2.205,0.029794984
2.2095,2.2038,2.2075,2.2057,0.001995374
2.1925,2.2,2.205,2.2025,-0.007694048
2.1962,2.195,2.1975,2.1963,0.001687571
2.1903,2.1874,2.19,2.1887,-0.002686458
2.1567,2.1465,2.1492,2.1479,-0.015340364
2.1309,2.12,2.1275,2.1238,-0.011962721
2.1196,2.12,2.125,2.1225,-0.005302924
2.1007,2.0875,2.0896,2.0885,-0.008916777
2.0883,2.0796,2.0823,2.081,-0.005902794
2.0808,2.0775,2.08,2.0788,-0.003591438
2.0875,2.08,2.085,2.0825,0.003219915
2.0793,2.0625,2.0695,2.066,-0.003928144
2.0574,2.06,2.065,2.0625,-0.010532391
2.0743,2.075,2.08,2.0775,0.008214251
2.0713,2.0743,2.0768,2.0755,-0.001446271
2.0618,2.0525,2.055,2.0538,-0.004586492
2.056,2.0524,2.055,2.0537,-0.002813076
2.0695,2.0743,2.0775,2.0759,0.006566148
2.0388,2.03,2.0325,2.0313,-0.014834501
2.0158,2.0125,2.015,2.0138,-0.050315651
1.9994,1.9928,1.9969,1.9949,-0.008135728
1.9672,1.925,1.93,1.9275,-0.016104831
1.9063,1.92,1.9209,1.9204,-0.030957706
1.9325,1.9375,1.9402,1.9388,0.013743902
1.9384,1.945,1.95,1.9475,0.00305304
1.9788,1.9761,1.9789,1.9775,0.020841931
1.9872,2.015,2.02,2.0175,0.004244997
2.0097,2.01,2.0125,2.0113,0.011322464
2.0115,2.02,2.0225,2.0213,0.000895656
1.9164,1.8975,1.899,1.8982,-0.047278151
1.8897,1.8937,1.8957,1.8947,-0.013932373
1.9046,1.8972,1.8991,1.8981,0.007884849
1.8854,1.8779,1.8808,1.8794,-0.010080857
1.8879,1.885,1.89,1.8875,0.001325979
1.9004,1.9,1.9033,1.9017,0.006621113
1.916,1.9175,1.92,1.9188,0.008208798
1.9149,1.915,1.9175,1.9163,-0.000574113
1.9401,1.95,1.9525,1.9513,0.013159956
1.9569,1.9525,1.955,1.9538,0.008659347
1.941,1.9269,1.9292,1.928,-0.008125096
1.9261,1.9125,1.915,1.9138,-0.007676455
1.9391,1.9092,1.9108,1.91,0.00674939
1.9044,1.8975,1.9025,1.9,-0.0178949
1.894,1.895,1.9,1.8975,-0.005461038
1.8845,1.8825,1.8858,1.8842,-0.005015839
1.8845,1.88,1.8825,1.8813,0
1.8898,1.8925,1.895,1.8938,0.002812417
1.906,1.9,1.9025,1.9013,0.008572336
1.9135,1.9148,1.9175,1.9162,0.003934942
1.9221,1.92,1.9225,1.9213,0.004494382
1.935,1.9375,1.9425,1.94,0.006711409
1.9439,1.955,1.9575,1.9563,0.004599483
1.9756,1.965,1.9694,1.9672,0.016307423
1.9686,1.965,1.9675,1.9663,-0.003543227
1.9562,1.9475,1.95,1.9488,-0.006298893
1.9533,1.945,1.95,1.9475,-0.001482466
1.9617,1.9625,1.965,1.9638,0.004300415
1.9687,1.9725,1.9754,1.974,0.003568334
2.0095,2.015,2.0175,2.0163,0.020724336
1.9974,1.9874,1.9906,1.989,-0.006021398
1.9991,2.0068,2.0103,2.0085,0.000851106
2.0235,2.035,2.04,2.0375,0.012205492
2.0235,2.0199,2.0225,2.0212,0
2.015,2.015,2.05,2.0325,-0.004200642
1.9757,1.9725,1.9775,1.975,-0.013777268
1.9723,1.98,1.9844,1.9822,-0.001720909
1.9716,1.9652,1.9686,1.9669,-0.000354916
1.9607,1.9625,1.9675,1.965,-0.005528505
1.9555,1.9475,1.9475,1.9475,-0.002652114
1.9473,1.9425,1.945,1.9438,-0.004193301
1.9466,1.9446,1.9475,1.946,-0.000359472
1.9461,1.9475,1.95,1.9488,-0.000256858
1.9568,1.9575,1.96,1.9588,0.005498176
1.9751,1.98,1.9825,1.9813,0.009352003
1.9792,1.9742,1.9765,1.9754,0.002075844
1.9999,2.0063,2.0076,2.0069,0.010458771
1.9944,1.985,1.9891,1.9871,-0.002750138
1.9782,1.9775,1.98,1.9788,-0.008122744
1.9619,1.9575,1.96,1.9588,-0.008239814
1.9707,1.9525,1.955,1.9538,0.004485448
1.9781,1.9756,1.9794,1.9775,0.003755011
1.9851,1.9875,1.99,1.9888,0.003538749
1.9866,1.995,1.9975,1.9963,0.000755629
1.9992,1.9975,2,1.9988,0.006342495
2.015,2.0225,2.025,2.0238,0.007903161
2.0413,2.0247,2.0275,2.0261,0.013052109
2.0456,2.055,2.0585,2.0568,0.002106501
2.0662,2.0831,2.0859,2.0845,0.010070395
2.0819,2.0918,2.095,2.0934,0.00759849
2.1809,2.236,2.2432,2.2396,0.047552716
2.2251,2.245,2.25,2.2475,0.020266862
2.2874,2.3236,2.3253,2.3245,0.027998742
2.2745,2.2383,2.242,2.2401,-0.005639591
2.2353,2.239,2.2412,2.2401,-0.017234557
2.2123,2.2294,2.2321,2.2308,-0.010289447
2.2187,2.2259,2.228,2.227,0.002892917
2.1915,2.1841,2.1882,2.1862,-0.012259431
2.1409,2.155,2.1583,2.1567,-0.023089208
2.1792,2.2143,2.2157,2.215,0.017889673
2.2192,2.237,2.2386,2.2378,0.01835536
2.2684,2.2586,2.265,2.2618,0.022170151
2.2498,2.25,2.265,2.2575,-0.008199612
2.2383,2.2267,2.2303,2.2285,-0.005111565
2.2187,2.2195,2.2225,2.221,-0.008756646
2.2316,2.2361,2.2389,2.2375,0.005814216
2.2552,2.27,2.275,2.2725,0.010575372
2.279,2.234,2.25,2.242,0.010553388
2.2443,2.25,2.2536,2.2518,-0.015225976
2.2579,2.2625,2.265,2.2638,0.006059796
2.2464,2.2549,2.2569,2.2559,-0.005093228
2.2655,2.2659,2.2681,2.267,0.008502493
2.2333,2.2225,2.226,2.2243,-0.014213198
2.2343,2.2349,2.2375,2.2362,0.000447768
2.239,2.2325,2.2362,2.2343,0.002103567
2.1921,2.1925,2.1975,2.195,-0.020946851
2.2037,2.2122,2.215,2.2136,0.005291729
2.2011,2.1975,2.2,2.1988,-0.001179834
2.1806,2.1734,2.18,2.1767,-0.009313525
2.1688,2.16,2.17,2.165,-0.005411355
2.1688,2.18,2.185,2.1825,0
2.2315,2.24,2.2425,2.2413,0.028909996
2.2309,2.23,2.24,2.235,-0.000268877
2.2007,2.1925,2.1975,2.195,-0.013537137
2.1801,2.1825,2.1875,2.185,-0.009360658
2.1752,2.16,2.1625,2.1613,-0.027452383
2.1469,2.1399,2.1425,2.1412,-0.013010298
2.144,2.145,2.15,2.1475,-0.001350785
2.1611,2.1638,2.1666,2.1652,0.007975746
2.1796,2.1788,2.1825,2.1807,0.008560455
2.2331,2.245,2.25,2.2475,0.024545788
2.2547,2.245,2.2475,2.2463,0.009672652
2.2357,2.24,2.245,2.2425,-0.008426842
2.2449,2.25,2.2531,2.2515,0.004115042
2.2877,2.2941,2.2993,2.2967,0.019065437
2.297,2.2825,2.29,2.2863,0.004065218
2.2933,2.3075,2.315,2.3113,-0.001610797
2.308,2.2925,2.3013,2.2969,0.006409977
2.2937,2.305,2.3107,2.3078,-0.006195841
2.3007,2.2975,2.3016,2.2996,0.003051838
2.2868,2.28,2.2825,2.2813,-0.00604164
2.2814,2.28,2.2835,2.2818,-0.002361378
2.266,2.2572,2.2598,2.2585,-0.006750241
2.2525,2.25,2.2525,2.2513,-0.005957635
2.2653,2.2811,2.2829,2.282,0.005682575
2.2894,2.285,2.2889,2.2869,0.010638767
2.2994,2.3067,2.3094,2.3081,0.004367957
2.2948,2.2956,2.3,2.2978,-0.002000522
2.2805,2.28,2.2875,2.2838,-0.00623148
2.2771,2.275,2.2775,2.2763,-0.001490901
2.2895,2.285,2.2875,2.2863,0.005445523
2.3081,2.3,2.3025,2.3013,0.008124045
2.3165,2.31,2.315,2.3125,0.003639357
2.3192,2.3092,2.3125,2.3108,0.001165551
2.339,2.355,2.3585,2.3568,0.008537427
2.3627,2.36,2.3625,2.3613,0.010132535
2.3757,2.385,2.39,2.3875,0.00550218
2.4116,2.425,2.4276,2.4263,0.015111336
2.4157,2.4171,2.42,2.4185,0.001700116
2.4226,2.425,2.4275,2.4263,0.002856315
2.4549,2.435,2.4375,2.4363,0.013332783
2.4229,2.4175,2.42,2.4188,-0.013035154
2.431,2.455,2.46,2.4575,0.003343101
2.4585,2.4525,2.455,2.4538,0.011312217
2.4212,2.41,2.4125,2.4113,-0.015171853
2.4198,2.4123,2.4146,2.4134,-0.000578226
2.4237,2.4317,2.435,2.4333,0.001611703
2.425,2.43,2.4341,2.4321,0.00053637
2.4083,2.4009,2.4031,2.402,-0.006886598
2.4078,2.41,2.4125,2.4113,-0.000207615
2.4021,2.3994,2.4023,2.4008,-0.002367306
2.4229,2.4225,2.425,2.4238,0.00865909
2.4104,2.4,2.4044,2.4022,-0.005159107
2.3992,2.3975,2.4,2.3988,-0.004646532
